{
 "type": "FeatureCollection",
 "crs": {
  "type": "name",
  "properties": {
   "name": "urn:ogc:def:crs:OGC:1.3:CRS84"
  }
 },
 "properties": {
  "title": "Curaçao land polygons",
  "source": "OpenStreetMap natural=coastline ways, retrieved 2026-10-04 via Overpass.",
  "license": "Geometry (c) OpenStreetMap contributors, ODbL 1.0, https://www.openstreetmap.org/copyright",
  "method": "Every closed merged coastline ring in the query box; the rings segments are cut on simplified to 15 m, islets left as mapped. Built by scripts/make_island_segments.py."
 },
 "features": [
  {
   "type": "Feature",
   "id": "curacao",
   "properties": {
    "name": "Curaçao",
    "area_m2": 428095517
   },
   "geometry": {
    "type": "Polygon",
    "coordinates": [
     [
      [
       -69.1619283,
       12.3791321
      ],
      [
       -69.1626719,
       12.380913699999999
      ],
      [
       -69.1623546,
       12.381007899999997
      ],
      [
       -69.1624485,
       12.381314400000003
      ],
      [
       -69.161835,
       12.381462899999999
      ],
      [
       -69.1619215,
       12.3820329
      ],
      [
       -69.161225,
       12.382110599999999
      ],
      [
       -69.16051,
       12.3832689
      ],
      [
       -69.159523,
       12.383973599999997
      ],
      [
       -69.1582093,
       12.387082
      ],
      [
       -69.1568676,
       12.388199299999997
      ],
      [
       -69.1563606,
       12.3896585
      ],
      [
       -69.1565745,
       12.390019999999998
      ],
      [
       -69.156425,
       12.3904864
      ],
      [
       -69.1536543,
       12.3927079
      ],
      [
       -69.15250360000002,
       12.3927132
      ],
      [
       -69.1512698,
       12.3924197
      ],
      [
       -69.1492528,
       12.3915814
      ],
      [
       -69.1457374,
       12.3895088
      ],
      [
       -69.1439566,
       12.3879334
      ],
      [
       -69.1442168,
       12.387082399999999
      ],
      [
       -69.1433971,
       12.387659
      ],
      [
       -69.141602,
       12.386371499999997
      ],
      [
       -69.1417111,
       12.385795599999996
      ],
      [
       -69.1413652,
       12.3862366
      ],
      [
       -69.13981940000001,
       12.384911500000001
      ],
      [
       -69.13762,
       12.383994599999998
      ],
      [
       -69.1342584,
       12.3818104
      ],
      [
       -69.1340664,
       12.381490799999998
      ],
      [
       -69.1345409,
       12.3808823
      ],
      [
       -69.13383220000001,
       12.381368800000002
      ],
      [
       -69.1314072,
       12.3794422
      ],
      [
       -69.1319009,
       12.378667299999998
      ],
      [
       -69.1312017,
       12.379123499999997
      ],
      [
       -69.1307673,
       12.379039299999999
      ],
      [
       -69.1306255,
       12.3786082
      ],
      [
       -69.1302534,
       12.378574199999996
      ],
      [
       -69.1289699,
       12.3775813
      ],
      [
       -69.1291603,
       12.377070399999997
      ],
      [
       -69.1283986,
       12.377219699999998
      ],
      [
       -69.127492,
       12.3765543
      ],
      [
       -69.1275845,
       12.376144299999996
      ],
      [
       -69.1271541,
       12.376366900000003
      ],
      [
       -69.1255286,
       12.375335999999999
      ],
      [
       -69.1255832,
       12.374454999999998
      ],
      [
       -69.1248899,
       12.374736599999999
      ],
      [
       -69.1252922,
       12.373967699999996
      ],
      [
       -69.1251286,
       12.3738812
      ],
      [
       -69.1245385,
       12.374469399999997
      ],
      [
       -69.1229374,
       12.3732639
      ],
      [
       -69.1228869,
       12.3729723
      ],
      [
       -69.1223888,
       12.3728704
      ],
      [
       -69.1223555,
       12.372675599999999
      ],
      [
       -69.1230073,
       12.372448099999998
      ],
      [
       -69.1225929,
       12.372495299999999
      ],
      [
       -69.12235280000002,
       12.372110199999998
      ],
      [
       -69.122005,
       12.3726296
      ],
      [
       -69.1214878,
       12.372360699999998
      ],
      [
       -69.1212261,
       12.3718935
      ],
      [
       -69.1207436,
       12.371969399999998
      ],
      [
       -69.1190932,
       12.3713504
      ],
      [
       -69.1163045,
       12.3697215
      ],
      [
       -69.1160631,
       12.3690613
      ],
      [
       -69.1155612,
       12.369013100000002
      ],
      [
       -69.11568480000001,
       12.368551800000002
      ],
      [
       -69.1153187,
       12.368900999999996
      ],
      [
       -69.1145221,
       12.368833699999996
      ],
      [
       -69.1123509,
       12.367649200000002
      ],
      [
       -69.1123215,
       12.367315799999998
      ],
      [
       -69.1127252,
       12.366884800000001
      ],
      [
       -69.1124863,
       12.3667898
      ],
      [
       -69.1122572,
       12.3671062
      ],
      [
       -69.111589,
       12.3673047
      ],
      [
       -69.109776,
       12.366187200000002
      ],
      [
       -69.1089197,
       12.365940999999998
      ],
      [
       -69.1085213,
       12.365585399999999
      ],
      [
       -69.1086208,
       12.3653237
      ],
      [
       -69.1082113,
       12.365589499999997
      ],
      [
       -69.1053692,
       12.364306099999997
      ],
      [
       -69.1051519,
       12.363928799999998
      ],
      [
       -69.105345,
       12.363391699999998
      ],
      [
       -69.104671,
       12.363884099999998
      ],
      [
       -69.1041246,
       12.363503
      ],
      [
       -69.1034906,
       12.363391199999999
      ],
      [
       -69.10346600000001,
       12.363192399999999
      ],
      [
       -69.1033268,
       12.363320399999997
      ],
      [
       -69.102011,
       12.362715699999999
      ],
      [
       -69.1016221,
       12.3622022
      ],
      [
       -69.10099180000002,
       12.362204800000002
      ],
      [
       -69.0999591,
       12.3617725
      ],
      [
       -69.099133,
       12.3611201
      ],
      [
       -69.0983552,
       12.3609708
      ],
      [
       -69.0985215,
       12.359928
      ],
      [
       -69.097918,
       12.360425800000002
      ],
      [
       -69.0976337,
       12.3603603
      ],
      [
       -69.0976176,
       12.359405299999999
      ],
      [
       -69.0973976,
       12.3588459
      ],
      [
       -69.0970704,
       12.358672
      ],
      [
       -69.096268,
       12.358765199999999
      ],
      [
       -69.0962083,
       12.359598799999999
      ],
      [
       -69.0958482,
       12.359674699999996
      ],
      [
       -69.09477710000002,
       12.359218
      ],
      [
       -69.0880099,
       12.3581621
      ],
      [
       -69.0862235,
       12.357970799999997
      ],
      [
       -69.0852258,
       12.358146399999999
      ],
      [
       -69.0837774,
       12.35779
      ],
      [
       -69.0829325,
       12.357852899999997
      ],
      [
       -69.0822217,
       12.357501800000001
      ],
      [
       -69.0815511,
       12.357648599999997
      ],
      [
       -69.081181,
       12.357373500000001
      ],
      [
       -69.0797768,
       12.357237399999999
      ],
      [
       -69.0793598,
       12.356781299999998
      ],
      [
       -69.0788287,
       12.3567577
      ],
      [
       -69.0787697,
       12.3564486
      ],
      [
       -69.0782091,
       12.3564748
      ],
      [
       -69.0778631,
       12.355940300000002
      ],
      [
       -69.0768968,
       12.355697399999999
      ],
      [
       -69.0769002,
       12.3553377
      ],
      [
       -69.0755618,
       12.354661699999998
      ],
      [
       -69.07307,
       12.352248599999998
      ],
      [
       -69.0728393,
       12.351748099999996
      ],
      [
       -69.0720212,
       12.351229300000002
      ],
      [
       -69.07192200000001,
       12.350684299999998
      ],
      [
       -69.07166720000001,
       12.350647700000003
      ],
      [
       -69.0711978,
       12.349777799999998
      ],
      [
       -69.0707848,
       12.349754200000001
      ],
      [
       -69.0707687,
       12.3492066
      ],
      [
       -69.0705112,
       12.3491594
      ],
      [
       -69.0703207,
       12.348708799999999
      ],
      [
       -69.0689313,
       12.347348899999998
      ],
      [
       -69.0669787,
       12.344089399999996
      ],
      [
       -69.0662169,
       12.343282399999998
      ],
      [
       -69.0656081,
       12.3419277
      ],
      [
       -69.0622017,
       12.337012099999999
      ],
      [
       -69.0612495,
       12.3349185
      ],
      [
       -69.06079020000001,
       12.333508299999997
      ],
      [
       -69.0610188,
       12.333121
      ],
      [
       -69.0618852,
       12.332633600000001
      ],
      [
       -69.0640631,
       12.333000500000002
      ],
      [
       -69.0646318,
       12.332429199999998
      ],
      [
       -69.0661204,
       12.331750599999998
      ],
      [
       -69.0660226,
       12.330796599999998
      ],
      [
       -69.0652663,
       12.330468199999999
      ],
      [
       -69.06481800000002,
       12.330577699999997
      ],
      [
       -69.0638942,
       12.3318737
      ],
      [
       -69.062444,
       12.332040399999999
      ],
      [
       -69.0613326,
       12.331789899999999
      ],
      [
       -69.0603363,
       12.332190899999999
      ],
      [
       -69.0601649,
       12.331058500000003
      ],
      [
       -69.0586209,
       12.328773899999996
      ],
      [
       -69.0579165,
       12.328124800000001
      ],
      [
       -69.057752,
       12.327843699999999
      ],
      [
       -69.0579234,
       12.3276187
      ],
      [
       -69.0575817,
       12.327573499999998
      ],
      [
       -69.0557652,
       12.324303599999999
      ],
      [
       -69.0560381,
       12.323834799999997
      ],
      [
       -69.0555764,
       12.3238801
      ],
      [
       -69.055196,
       12.323431199999998
      ],
      [
       -69.0537393,
       12.3201082
      ],
      [
       -69.0533263,
       12.3156718
      ],
      [
       -69.053518,
       12.3148738
      ],
      [
       -69.0559765,
       12.314492799999998
      ],
      [
       -69.0570934,
       12.314770300000001
      ],
      [
       -69.0577103,
       12.3151542
      ],
      [
       -69.0577948,
       12.314712699999998
      ],
      [
       -69.0593679,
       12.314858099999999
      ],
      [
       -69.0596053,
       12.314434899999998
      ],
      [
       -69.0594149,
       12.313553099999998
      ],
      [
       -69.0601471,
       12.312468200000001
      ],
      [
       -69.0602691,
       12.312610999999999
      ],
      [
       -69.0606098,
       12.312460299999996
      ],
      [
       -69.0606058,
       12.312206000000002
      ],
      [
       -69.0598749,
       12.312130000000002
      ],
      [
       -69.0585193,
       12.3114783
      ],
      [
       -69.0583512,
       12.311232000000002
      ],
      [
       -69.0587094,
       12.3109378
      ],
      [
       -69.0587403,
       12.310477899999999
      ],
      [
       -69.058409,
       12.3098673
      ],
      [
       -69.0581167,
       12.309964300000003
      ],
      [
       -69.0578813,
       12.310579
      ],
      [
       -69.0581569,
       12.312107899999999
      ],
      [
       -69.057524,
       12.3131571
      ],
      [
       -69.0563738,
       12.312782299999999
      ],
      [
       -69.0559065,
       12.3133395
      ],
      [
       -69.0552479,
       12.313365799999998
      ],
      [
       -69.0541426,
       12.3126831
      ],
      [
       -69.0536748,
       12.3126625
      ],
      [
       -69.0535972,
       12.312456400000002
      ],
      [
       -69.0536937,
       12.3122494
      ],
      [
       -69.0534657,
       12.3119035
      ],
      [
       -69.0536481,
       12.309591700000002
      ],
      [
       -69.0538478,
       12.308937799999999
      ],
      [
       -69.0541621,
       12.3087197
      ],
      [
       -69.0537976,
       12.3084597
      ],
      [
       -69.0538222,
       12.307658199999999
      ],
      [
       -69.0540575,
       12.3066035
      ],
      [
       -69.0546933,
       12.306286899999998
      ],
      [
       -69.0540285,
       12.3057669
      ],
      [
       -69.0541638,
       12.304712299999998
      ],
      [
       -69.0536417,
       12.3036228
      ],
      [
       -69.0537544,
       12.3033974
      ],
      [
       -69.0545568,
       12.3033498
      ],
      [
       -69.0545601,
       12.3031403
      ],
      [
       -69.0543866,
       12.302944299999998
      ],
      [
       -69.0535699,
       12.302940800000002
      ],
      [
       -69.0536186,
       12.301507699999998
      ],
      [
       -69.0533376,
       12.3003033
      ],
      [
       -69.0536828,
       12.299794599999998
      ],
      [
       -69.0534272,
       12.2995235
      ],
      [
       -69.0536454,
       12.298585699999997
      ],
      [
       -69.0532619,
       12.2976501
      ],
      [
       -69.0531179,
       12.2962974
      ],
      [
       -69.0532416,
       12.296058
      ],
      [
       -69.0542677,
       12.295886399999999
      ],
      [
       -69.0535057,
       12.295523599999997
      ],
      [
       -69.0535757,
       12.293624699999997
      ],
      [
       -69.0529266,
       12.2933128
      ],
      [
       -69.0529481,
       12.291889799999998
      ],
      [
       -69.0526035,
       12.291378400000001
      ],
      [
       -69.0522665,
       12.2893099
      ],
      [
       -69.05318,
       12.288976899999998
      ],
      [
       -69.0536306,
       12.288392499999999
      ],
      [
       -69.0531398,
       12.2874883
      ],
      [
       -69.0523102,
       12.287741299999999
      ],
      [
       -69.0523446,
       12.2873035
      ],
      [
       -69.0530459,
       12.287317999999999
      ],
      [
       -69.0531827,
       12.286799
      ],
      [
       -69.05304,
       12.286529899999998
      ],
      [
       -69.0523016,
       12.286533
      ],
      [
       -69.0527858,
       12.285680200000002
      ],
      [
       -69.0523899,
       12.285577199999999
      ],
      [
       -69.0523294,
       12.2847463
      ],
      [
       -69.0516981,
       12.283927899999998
      ],
      [
       -69.0519163,
       12.283590100000001
      ],
      [
       -69.0515263,
       12.283144399999998
      ],
      [
       -69.0515524,
       12.2827706
      ],
      [
       -69.051378,
       12.2825551
      ],
      [
       -69.0512658,
       12.282679299999998
      ],
      [
       -69.051383,
       12.282178899999998
      ],
      [
       -69.0510353,
       12.281105
      ],
      [
       -69.05095800000001,
       12.2798971
      ],
      [
       -69.0504895,
       12.2792226
      ],
      [
       -69.0504254,
       12.2784452
      ],
      [
       -69.0499758,
       12.277914100000002
      ],
      [
       -69.0497774,
       12.277085900000001
      ],
      [
       -69.0501046,
       12.2759118
      ],
      [
       -69.05249710000001,
       12.273993299999999
      ],
      [
       -69.0534081,
       12.273762999999999
      ],
      [
       -69.054372,
       12.272897699999996
      ],
      [
       -69.055013,
       12.272913399999998
      ],
      [
       -69.0555682,
       12.2726357
      ],
      [
       -69.0562898,
       12.272882000000001
      ],
      [
       -69.0562308,
       12.272656599999998
      ],
      [
       -69.0564802,
       12.2726016
      ],
      [
       -69.0562844,
       12.272213699999996
      ],
      [
       -69.0545571,
       12.272056399999999
      ],
      [
       -69.0543537,
       12.2726289
      ],
      [
       -69.0537474,
       12.272683100000002
      ],
      [
       -69.052886,
       12.273220099999996
      ],
      [
       -69.0521109,
       12.2732778
      ],
      [
       -69.0507151,
       12.274158700000003
      ],
      [
       -69.0502507,
       12.274230199999998
      ],
      [
       -69.0494156,
       12.274046000000002
      ],
      [
       -69.0481523,
       12.2731719
      ],
      [
       -69.0467669,
       12.271291399999999
      ],
      [
       -69.0464627,
       12.270328299999997
      ],
      [
       -69.0459498,
       12.269958100000002
      ],
      [
       -69.04491,
       12.26824
      ],
      [
       -69.0439466,
       12.2672277
      ],
      [
       -69.0429676,
       12.265164899999998
      ],
      [
       -69.0426725,
       12.2649474
      ],
      [
       -69.0423828,
       12.2641821
      ],
      [
       -69.0420315,
       12.264003799999998
      ],
      [
       -69.041951,
       12.263199199999999
      ],
      [
       -69.0413609,
       12.2624732
      ],
      [
       -69.0414655,
       12.2620276
      ],
      [
       -69.0407199,
       12.2614195
      ],
      [
       -69.0399233,
       12.259556000000002
      ],
      [
       -69.0401486,
       12.258932199999999
      ],
      [
       -69.0398374,
       12.258109199999998
      ],
      [
       -69.0392447,
       12.257645199999999
      ],
      [
       -69.0381849,
       12.255610199999994
      ],
      [
       -69.0374932,
       12.255157800000001
      ],
      [
       -69.0368414,
       12.253910199999998
      ],
      [
       -69.035924,
       12.252992200000001
      ],
      [
       -69.0358468,
       12.2523242
      ],
      [
       -69.0348272,
       12.2511888
      ],
      [
       -69.0345536,
       12.251182299999998
      ],
      [
       -69.0348907,
       12.2516188
      ],
      [
       -69.03427,
       12.2510773
      ],
      [
       -69.0327939,
       12.2494805
      ],
      [
       -69.0317452,
       12.2477296
      ],
      [
       -69.0319071,
       12.247302799999998
      ],
      [
       -69.0312544,
       12.246639199999999
      ],
      [
       -69.0283012,
       12.2411504
      ],
      [
       -69.0278466,
       12.239738999999998
      ],
      [
       -69.0266517,
       12.238633999999998
      ],
      [
       -69.0256552,
       12.237735600000002
      ],
      [
       -69.0248841,
       12.237454400000003
      ],
      [
       -69.024412,
       12.236882999999999
      ],
      [
       -69.0192434,
       12.2335697
      ],
      [
       -69.0190811,
       12.233158800000004
      ],
      [
       -69.0182751,
       12.2328436
      ],
      [
       -69.0119532,
       12.2273938
      ],
      [
       -69.0114516,
       12.226662499999998
      ],
      [
       -69.0108803,
       12.226599499999999
      ],
      [
       -69.0099227,
       12.225637499999998
      ],
      [
       -69.0085307,
       12.224887799999998
      ],
      [
       -69.0060765,
       12.223050199999998
      ],
      [
       -69.0027854,
       12.219532199999998
      ],
      [
       -69.0012295,
       12.217497700000001
      ],
      [
       -68.9941111,
       12.2126351
      ],
      [
       -68.9917776,
       12.2113322
      ],
      [
       -68.9901012,
       12.209832699999998
      ],
      [
       -68.9892912,
       12.209402799999998
      ],
      [
       -68.9861986,
       12.206613499999996
      ],
      [
       -68.980456,
       12.200025399999998
      ],
      [
       -68.9780198,
       12.198024700000001
      ],
      [
       -68.9762734,
       12.1968997
      ],
      [
       -68.9748967,
       12.1964384
      ],
      [
       -68.9732735,
       12.195547399999999
      ],
      [
       -68.9692078,
       12.1940838
      ],
      [
       -68.9611897,
       12.192354399999997
      ],
      [
       -68.9568901,
       12.190663399999998
      ],
      [
       -68.95538,
       12.190280600000001
      ],
      [
       -68.95387,
       12.189518699999997
      ],
      [
       -68.9531973,
       12.1895303
      ],
      [
       -68.9523281,
       12.1889094
      ],
      [
       -68.9508436,
       12.188743899999999
      ],
      [
       -68.9504904,
       12.188471600000002
      ],
      [
       -68.9475487,
       12.187899300000002
      ],
      [
       -68.9473596,
       12.187592499999996
      ],
      [
       -68.946746,
       12.1877349
      ],
      [
       -68.9457761,
       12.187387799999996
      ],
      [
       -68.9427039,
       12.187032199999999
      ],
      [
       -68.9418478,
       12.187032899999998
      ],
      [
       -68.9414158,
       12.187247800000002
      ],
      [
       -68.9402309,
       12.187152800000002
      ],
      [
       -68.9373207,
       12.187547799999999
      ],
      [
       -68.9354746,
       12.188171799999997
      ],
      [
       -68.935031,
       12.188073199999998
      ],
      [
       -68.9348495,
       12.1883642
      ],
      [
       -68.9334883,
       12.188424600000001
      ],
      [
       -68.9327489,
       12.1887071
      ],
      [
       -68.9322477,
       12.1885372
      ],
      [
       -68.9318444,
       12.188786
      ],
      [
       -68.9315428,
       12.188510999999998
      ],
      [
       -68.9300535,
       12.188520299999997
      ],
      [
       -68.9284989,
       12.187991900000002
      ],
      [
       -68.9280673,
       12.1881092
      ],
      [
       -68.9276928,
       12.187757300000001
      ],
      [
       -68.9270283,
       12.1878783
      ],
      [
       -68.9230647,
       12.186514
      ],
      [
       -68.9193329,
       12.184175099999997
      ],
      [
       -68.9177617,
       12.182788
      ],
      [
       -68.9153784,
       12.181280100000002
      ],
      [
       -68.9125851,
       12.1803788
      ],
      [
       -68.910327,
       12.1799783
      ],
      [
       -68.90932780000001,
       12.179561400000003
      ],
      [
       -68.9086613,
       12.179535200000002
      ],
      [
       -68.9069041,
       12.1789155
      ],
      [
       -68.9064302,
       12.1790111
      ],
      [
       -68.90598880000002,
       12.178691200000001
      ],
      [
       -68.9049839,
       12.1786381
      ],
      [
       -68.9044,
       12.178377899999997
      ],
      [
       -68.9009901,
       12.178047399999999
      ],
      [
       -68.8998575,
       12.178278299999999
      ],
      [
       -68.8992043,
       12.178148299999998
      ],
      [
       -68.8961545,
       12.178415599999996
      ],
      [
       -68.8921118,
       12.178282899999997
      ],
      [
       -68.8895411,
       12.177943099999998
      ],
      [
       -68.8879613,
       12.178081199999998
      ],
      [
       -68.8849586,
       12.1775374
      ],
      [
       -68.8820353,
       12.177350899999999
      ],
      [
       -68.8804259,
       12.176825299999997
      ],
      [
       -68.8769107,
       12.176243499999996
      ],
      [
       -68.8755075,
       12.1763184
      ],
      [
       -68.875068,
       12.176212000000001
      ],
      [
       -68.8752148,
       12.1752827
      ],
      [
       -68.8743741,
       12.175659
      ],
      [
       -68.8741786,
       12.176184699999999
      ],
      [
       -68.8730152,
       12.1759932
      ],
      [
       -68.8726695,
       12.1756994
      ],
      [
       -68.8719522,
       12.1760561
      ],
      [
       -68.8684746,
       12.175802
      ],
      [
       -68.8677426,
       12.1760343
      ],
      [
       -68.866999,
       12.1750001
      ],
      [
       -68.8651688,
       12.1747744
      ],
      [
       -68.8648663,
       12.175218400000002
      ],
      [
       -68.8643776,
       12.175101
      ],
      [
       -68.8640071,
       12.1756857
      ],
      [
       -68.86402750000002,
       12.175903399999997
      ],
      [
       -68.8647363,
       12.1757866
      ],
      [
       -68.8647499,
       12.176001599999998
      ],
      [
       -68.8635785,
       12.176334000000004
      ],
      [
       -68.8619939,
       12.176177399999998
      ],
      [
       -68.8616617,
       12.175443399999999
      ],
      [
       -68.861388,
       12.175586099999999
      ],
      [
       -68.86099910000002,
       12.1751177
      ],
      [
       -68.8606265,
       12.175574800000001
      ],
      [
       -68.8600038,
       12.1756595
      ],
      [
       -68.8595359,
       12.175572999999998
      ],
      [
       -68.8591638,
       12.1751921
      ],
      [
       -68.85793940000002,
       12.1754281
      ],
      [
       -68.8571444,
       12.174899699999996
      ],
      [
       -68.8567319,
       12.1752588
      ],
      [
       -68.8551325,
       12.175463499999998
      ],
      [
       -68.8534212,
       12.174253499999999
      ],
      [
       -68.8526621,
       12.174077800000001
      ],
      [
       -68.8525227,
       12.173716
      ],
      [
       -68.8506852,
       12.1723429
      ],
      [
       -68.8501073,
       12.1721887
      ],
      [
       -68.8485047,
       12.171076999999999
      ],
      [
       -68.8472494,
       12.169817199999999
      ],
      [
       -68.8470483,
       12.1698552
      ],
      [
       -68.8445511,
       12.168191599999998
      ],
      [
       -68.8429566,
       12.167516400000002
      ],
      [
       -68.8380066,
       12.164468399999997
      ],
      [
       -68.8329962,
       12.160621899999999
      ],
      [
       -68.8325442,
       12.1598746
      ],
      [
       -68.8321245,
       12.1598327
      ],
      [
       -68.82965680000001,
       12.158090300000001
      ],
      [
       -68.8295211,
       12.157899999999998
      ],
      [
       -68.8297842,
       12.157437500000002
      ],
      [
       -68.8296307,
       12.1572006
      ],
      [
       -68.8291767,
       12.157773099999996
      ],
      [
       -68.8270149,
       12.1565053
      ],
      [
       -68.8272066,
       12.1557856
      ],
      [
       -68.8263926,
       12.156282400000002
      ],
      [
       -68.8252875,
       12.1556413
      ],
      [
       -68.825152,
       12.1552972
      ],
      [
       -68.8248547,
       12.155436299999998
      ],
      [
       -68.8243662,
       12.1552769
      ],
      [
       -68.82179130000002,
       12.153732500000002
      ],
      [
       -68.8208391,
       12.152755699999998
      ],
      [
       -68.82008,
       12.152302100000002
      ],
      [
       -68.8198853,
       12.151860699999999
      ],
      [
       -68.8194146,
       12.1518486
      ],
      [
       -68.8187354,
       12.1514256
      ],
      [
       -68.8186609,
       12.151171699999999
      ],
      [
       -68.8184408,
       12.151208900000002
      ],
      [
       -68.8182026,
       12.150586899999999
      ],
      [
       -68.8178334,
       12.1505287
      ],
      [
       -68.8165228,
       12.1492649
      ],
      [
       -68.8165696,
       12.148059299999998
      ],
      [
       -68.8158132,
       12.148510899999996
      ],
      [
       -68.8156171,
       12.148420299999998
      ],
      [
       -68.812092,
       12.1441695
      ],
      [
       -68.81118070000001,
       12.1426301
      ],
      [
       -68.8107997,
       12.141232899999999
      ],
      [
       -68.8103247,
       12.140517999999998
      ],
      [
       -68.8101402,
       12.1396741
      ],
      [
       -68.8103731,
       12.1393298
      ],
      [
       -68.8098489,
       12.139035800000002
      ],
      [
       -68.8089866,
       12.137187399999997
      ],
      [
       -68.8085827,
       12.1360247
      ],
      [
       -68.8087341,
       12.135883799999998
      ],
      [
       -68.8084094,
       12.135689899999997
      ],
      [
       -68.8083535,
       12.1349275
      ],
      [
       -68.8077624,
       12.133942599999996
      ],
      [
       -68.8078571,
       12.133467
      ],
      [
       -68.8075843,
       12.133401199999994
      ],
      [
       -68.8062939,
       12.131125000000003
      ],
      [
       -68.80606430000002,
       12.1300432
      ],
      [
       -68.8061934,
       12.1294504
      ],
      [
       -68.8068566,
       12.1291724
      ],
      [
       -68.8073088,
       12.1283957
      ],
      [
       -68.8076778,
       12.128453399999998
      ],
      [
       -68.8080093,
       12.128091299999998
      ],
      [
       -68.808667,
       12.1279485
      ],
      [
       -68.8093593,
       12.1269632
      ],
      [
       -68.811509,
       12.1251699
      ],
      [
       -68.8121492,
       12.125274399999999
      ],
      [
       -68.8133784,
       12.1246892
      ],
      [
       -68.8134684,
       12.1250553
      ],
      [
       -68.8140843,
       12.1254043
      ],
      [
       -68.8143581,
       12.1259015
      ],
      [
       -68.815127,
       12.126499800000001
      ],
      [
       -68.81606770000002,
       12.1267622
      ],
      [
       -68.8157792,
       12.126854100000001
      ],
      [
       -68.8157993,
       12.127061400000002
      ],
      [
       -68.8165226,
       12.127653099999998
      ],
      [
       -68.8172184,
       12.127294100000002
      ],
      [
       -68.8172155,
       12.127532599999999
      ],
      [
       -68.8174528,
       12.1274908
      ],
      [
       -68.8178504,
       12.127045499999996
      ],
      [
       -68.8179035,
       12.1265603
      ],
      [
       -68.8176805,
       12.126690199999999
      ],
      [
       -68.8179215,
       12.126191099999998
      ],
      [
       -68.8172317,
       12.1253468
      ],
      [
       -68.8175505,
       12.125166800000002
      ],
      [
       -68.8175923,
       12.124833799999998
      ],
      [
       -68.8186253,
       12.126085000000002
      ],
      [
       -68.8199946,
       12.126725100000002
      ],
      [
       -68.8200695,
       12.126998800000003
      ],
      [
       -68.8198413,
       12.127059999999998
      ],
      [
       -68.8209103,
       12.128387399999998
      ],
      [
       -68.8214846,
       12.128644599999996
      ],
      [
       -68.822446,
       12.128427600000002
      ],
      [
       -68.8234639,
       12.128909899999998
      ],
      [
       -68.8237886,
       12.1287577
      ],
      [
       -68.8242838,
       12.127974399999998
      ],
      [
       -68.8238343,
       12.127034999999996
      ],
      [
       -68.8243481,
       12.1270562
      ],
      [
       -68.8253094,
       12.1276851
      ],
      [
       -68.825957,
       12.127167900000002
      ],
      [
       -68.8258653,
       12.1268891
      ],
      [
       -68.8261566,
       12.126336399999998
      ],
      [
       -68.82586690000001,
       12.125988
      ],
      [
       -68.8261284,
       12.124755499999997
      ],
      [
       -68.8253124,
       12.124005300000002
      ],
      [
       -68.8233954,
       12.123434500000002
      ],
      [
       -68.8228593,
       12.1218837
      ],
      [
       -68.8208447,
       12.121661299999998
      ],
      [
       -68.8210763,
       12.121621900000003
      ],
      [
       -68.82114,
       12.1211285
      ],
      [
       -68.8215673,
       12.1205359
      ],
      [
       -68.822057,
       12.120562900000001
      ],
      [
       -68.8222863,
       12.121171300000002
      ],
      [
       -68.8230058,
       12.121023699999997
      ],
      [
       -68.8235661,
       12.120305599999998
      ],
      [
       -68.8231191,
       12.120027100000001
      ],
      [
       -68.82315720000001,
       12.119864399999999
      ],
      [
       -68.8236459,
       12.120252899999999
      ],
      [
       -68.8240174,
       12.1201378
      ],
      [
       -68.8244297,
       12.120340499999998
      ],
      [
       -68.824875,
       12.120025900000002
      ],
      [
       -68.8253506,
       12.120188399999996
      ],
      [
       -68.82547230000002,
       12.120031900000003
      ],
      [
       -68.8267433,
       12.120035399999997
      ],
      [
       -68.8271115,
       12.120629100000002
      ],
      [
       -68.8274802,
       12.120752399999999
      ],
      [
       -68.8283413,
       12.120282099999997
      ],
      [
       -68.8283735,
       12.1191744
      ],
      [
       -68.82915,
       12.1188624
      ],
      [
       -68.8292316,
       12.117906499999997
      ],
      [
       -68.8288599,
       12.1176519
      ],
      [
       -68.8289512,
       12.1173987
      ],
      [
       -68.8283171,
       12.115951899999999
      ],
      [
       -68.8275036,
       12.115389299999999
      ],
      [
       -68.8261499,
       12.116320199999999
      ],
      [
       -68.8263025,
       12.1168578
      ],
      [
       -68.8250677,
       12.117131399999996
      ],
      [
       -68.82365190000002,
       12.1170842
      ],
      [
       -68.8222406,
       12.1154873
      ],
      [
       -68.8226531,
       12.1152762
      ],
      [
       -68.8229178,
       12.115460299999999
      ],
      [
       -68.8236795,
       12.115298999999998
      ],
      [
       -68.8237815,
       12.114761399999997
      ],
      [
       -68.8233563,
       12.1141006
      ],
      [
       -68.821861,
       12.113653399999997
      ],
      [
       -68.8218801,
       12.112566500000002
      ],
      [
       -68.8216752,
       12.1124486
      ],
      [
       -68.8195173,
       12.1133562
      ],
      [
       -68.82032090000001,
       12.114868200000002
      ],
      [
       -68.8198787,
       12.114883
      ],
      [
       -68.8194251,
       12.115474900000002
      ],
      [
       -68.8190342,
       12.115179899999998
      ],
      [
       -68.8187988,
       12.115653099999998
      ],
      [
       -68.8177266,
       12.115734699999999
      ],
      [
       -68.818072,
       12.116170799999999
      ],
      [
       -68.8184667,
       12.116269099999997
      ],
      [
       -68.8178613,
       12.116688499999999
      ],
      [
       -68.8170718,
       12.115872
      ],
      [
       -68.8176127,
       12.115638199999994
      ],
      [
       -68.817162,
       12.114717999999998
      ],
      [
       -68.81673960000002,
       12.114670399999998
      ],
      [
       -68.8163412,
       12.114938699999998
      ],
      [
       -68.8157149,
       12.1147383
      ],
      [
       -68.815414,
       12.115583399999997
      ],
      [
       -68.8150393,
       12.115987099999996
      ],
      [
       -68.8146502,
       12.115614099999998
      ],
      [
       -68.8147489,
       12.115102000000002
      ],
      [
       -68.8154254,
       12.114970100000003
      ],
      [
       -68.8154536,
       12.1147248
      ],
      [
       -68.8141049,
       12.1131752
      ],
      [
       -68.8142571,
       12.1128559
      ],
      [
       -68.8151465,
       12.112300799999998
      ],
      [
       -68.8150069,
       12.1118757
      ],
      [
       -68.8152512,
       12.111773300000001
      ],
      [
       -68.8150669,
       12.111589
      ],
      [
       -68.8142416,
       12.1116704
      ],
      [
       -68.8136122,
       12.113851099999998
      ],
      [
       -68.8127601,
       12.113568999999998
      ],
      [
       -68.812281,
       12.112638099999996
      ],
      [
       -68.8124138,
       12.111883
      ],
      [
       -68.8127298,
       12.111619499999998
      ],
      [
       -68.8127076,
       12.110972799999999
      ],
      [
       -68.8118782,
       12.1109885
      ],
      [
       -68.812054,
       12.111497599999998
      ],
      [
       -68.8111684,
       12.112051299999997
      ],
      [
       -68.8106745,
       12.1113336
      ],
      [
       -68.8113119,
       12.1109885
      ],
      [
       -68.811261,
       12.110652600000002
      ],
      [
       -68.81037660000001,
       12.1101409
      ],
      [
       -68.8095808,
       12.110584399999999
      ],
      [
       -68.8090494,
       12.110495200000003
      ],
      [
       -68.8084616,
       12.110829799999996
      ],
      [
       -68.8088086,
       12.1118002
      ],
      [
       -68.8094064,
       12.111610000000002
      ],
      [
       -68.8096304,
       12.111945900000002
      ],
      [
       -68.8094795,
       12.1124506
      ],
      [
       -68.8096996,
       12.1125653
      ],
      [
       -68.8092647,
       12.112757399999998
      ],
      [
       -68.8087777,
       12.1124907
      ],
      [
       -68.8079028,
       12.112765299999998
      ],
      [
       -68.8078136,
       12.1121753
      ],
      [
       -68.8075213,
       12.1118654
      ],
      [
       -68.8065098,
       12.112238399999997
      ],
      [
       -68.8053977,
       12.111978599999999
      ],
      [
       -68.8049896,
       12.111481300000001
      ],
      [
       -68.8039857,
       12.111223399999997
      ],
      [
       -68.8038764,
       12.1105017
      ],
      [
       -68.80314000000001,
       12.1106801
      ],
      [
       -68.8029521,
       12.111374100000003
      ],
      [
       -68.8023732,
       12.1116079
      ],
      [
       -68.8026769,
       12.112511599999998
      ],
      [
       -68.8039446,
       12.113281599999997
      ],
      [
       -68.8041135,
       12.114369000000002
      ],
      [
       -68.8049911,
       12.114851399999997
      ],
      [
       -68.8055623,
       12.114576799999998
      ],
      [
       -68.806331,
       12.114879199999997
      ],
      [
       -68.8067523,
       12.115951700000002
      ],
      [
       -68.8073653,
       12.116263500000002
      ],
      [
       -68.8083217,
       12.117423199999998
      ],
      [
       -68.8090864,
       12.117784099999998
      ],
      [
       -68.8089536,
       12.118072799999998
      ],
      [
       -68.8092904,
       12.1185582
      ],
      [
       -68.8099936,
       12.1186789
      ],
      [
       -68.8098335,
       12.119947200000002
      ],
      [
       -68.8106951,
       12.1225486
      ],
      [
       -68.8112354,
       12.123014199999998
      ],
      [
       -68.8100249,
       12.123868299999998
      ],
      [
       -68.8091486,
       12.124099199999998
      ],
      [
       -68.8086803,
       12.124465300000006
      ],
      [
       -68.8081824,
       12.125470299999998
      ],
      [
       -68.80820660000002,
       12.125916299999997
      ],
      [
       -68.8076483,
       12.126004199999999
      ],
      [
       -68.8072632,
       12.126778300000002
      ],
      [
       -68.8058222,
       12.1271883
      ],
      [
       -68.8048502,
       12.127846899999998
      ],
      [
       -68.8037816,
       12.126009000000002
      ],
      [
       -68.8028213,
       12.1215378
      ],
      [
       -68.8013247,
       12.118021099999995
      ],
      [
       -68.8008419,
       12.1175596
      ],
      [
       -68.8008415,
       12.117113099999997
      ],
      [
       -68.7996309,
       12.1161513
      ],
      [
       -68.7976581,
       12.113809500000004
      ],
      [
       -68.7956277,
       12.110261200000002
      ],
      [
       -68.7934537,
       12.107102399999997
      ],
      [
       -68.7916003,
       12.1037835
      ],
      [
       -68.7915413,
       12.103325900000002
      ],
      [
       -68.7887374,
       12.0995874
      ],
      [
       -68.788913,
       12.0991857
      ],
      [
       -68.7883274,
       12.0990873
      ],
      [
       -68.7883063,
       12.098466799999999
      ],
      [
       -68.7877715,
       12.098179
      ],
      [
       -68.7863445,
       12.0962514
      ],
      [
       -68.7861797,
       12.0954554
      ],
      [
       -68.7856448,
       12.095019500000001
      ],
      [
       -68.7855742,
       12.094586599999998
      ],
      [
       -68.78516180000001,
       12.0945616
      ],
      [
       -68.7842379,
       12.093247100000001
      ],
      [
       -68.7835862,
       12.093013499999996
      ],
      [
       -68.7808778,
       12.090258499999997
      ],
      [
       -68.7790398,
       12.0881271
      ],
      [
       -68.7787818,
       12.0874035
      ],
      [
       -68.77833270000002,
       12.0874837
      ],
      [
       -68.7769928,
       12.086022500000002
      ],
      [
       -68.7742075,
       12.0835941
      ],
      [
       -68.7731266,
       12.0818618
      ],
      [
       -68.7722585,
       12.081064399999999
      ],
      [
       -68.7721637,
       12.0805215
      ],
      [
       -68.7718003,
       12.080337899999996
      ],
      [
       -68.7709624,
       12.0791845
      ],
      [
       -68.7707881,
       12.078618099999998
      ],
      [
       -68.7703845,
       12.078656200000001
      ],
      [
       -68.7700801,
       12.078416099999997
      ],
      [
       -68.767734,
       12.075296799999998
      ],
      [
       -68.7665198,
       12.0733058
      ],
      [
       -68.7662835,
       12.072386799999999
      ],
      [
       -68.7659093,
       12.072076699999998
      ],
      [
       -68.7651931,
       12.070482
      ],
      [
       -68.7634586,
       12.068892999999996
      ],
      [
       -68.7627076,
       12.067644499999998
      ],
      [
       -68.762411,
       12.067584899999996
      ],
      [
       -68.7603661,
       12.064948899999997
      ],
      [
       -68.75974770000002,
       12.063868800000002
      ],
      [
       -68.7577604,
       12.0621491
      ],
      [
       -68.7577165,
       12.0617618
      ],
      [
       -68.7568925,
       12.061577599999998
      ],
      [
       -68.7498705,
       12.056948000000002
      ],
      [
       -68.7442293,
       12.051848699999999
      ],
      [
       -68.7436683,
       12.051402399999999
      ],
      [
       -68.743299,
       12.051437
      ],
      [
       -68.74243,
       12.05034
      ],
      [
       -68.7407969,
       12.0491636
      ],
      [
       -68.7406346,
       12.0486716
      ],
      [
       -68.7397719,
       12.048370199999999
      ],
      [
       -68.7395748,
       12.047939399999999
      ],
      [
       -68.7392316,
       12.048121399999998
      ],
      [
       -68.7391488,
       12.0476312
      ],
      [
       -68.7387934,
       12.047749799999998
      ],
      [
       -68.7382838,
       12.047116499999998
      ],
      [
       -68.7385557,
       12.0467409
      ],
      [
       -68.7382692,
       12.046748400000002
      ],
      [
       -68.7383138,
       12.046427499999997
      ],
      [
       -68.7380378,
       12.046500699999998
      ],
      [
       -68.7381131,
       12.0459463
      ],
      [
       -68.7373647,
       12.046032599999998
      ],
      [
       -68.7372647,
       12.045585299999999
      ],
      [
       -68.7369307,
       12.045466499999996
      ],
      [
       -68.736739,
       12.044898699999997
      ],
      [
       -68.7369216,
       12.044980999999998
      ],
      [
       -68.7369575,
       12.044705199999997
      ],
      [
       -68.7367706,
       12.044453499999998
      ],
      [
       -68.7370522,
       12.044012099999998
      ],
      [
       -68.7366673,
       12.043689499999997
      ],
      [
       -68.7370844,
       12.043617300000003
      ],
      [
       -68.7370093,
       12.043310399999998
      ],
      [
       -68.7373862,
       12.0431412
      ],
      [
       -68.7379146,
       12.043364099999996
      ],
      [
       -68.7389696,
       12.043097700000002
      ],
      [
       -68.7388437,
       12.043461499999998
      ],
      [
       -68.7390563,
       12.043728699999999
      ],
      [
       -68.7407356,
       12.044258099999999
      ],
      [
       -68.7412088,
       12.044705900000002
      ],
      [
       -68.7423051,
       12.045014699999998
      ],
      [
       -68.7437578,
       12.045075799999996
      ],
      [
       -68.7446134,
       12.045645100000002
      ],
      [
       -68.7466961,
       12.044921100000002
      ],
      [
       -68.7474981,
       12.045007599999998
      ],
      [
       -68.74788,
       12.044804299999996
      ],
      [
       -68.7481255,
       12.0442896
      ],
      [
       -68.7493341,
       12.043644899999997
      ],
      [
       -68.749578,
       12.0426375
      ],
      [
       -68.7502925,
       12.042091599999997
      ],
      [
       -68.7498675,
       12.041230199999998
      ],
      [
       -68.7481841,
       12.0406701
      ],
      [
       -68.7469626,
       12.040663599999998
      ],
      [
       -68.7449423,
       12.041174199999997
      ],
      [
       -68.7410957,
       12.041509900000001
      ],
      [
       -68.739766,
       12.041952500000003
      ],
      [
       -68.7392,
       12.042436300000002
      ],
      [
       -68.7391306,
       12.042311000000002
      ],
      [
       -68.7401395,
       12.041565999999998
      ],
      [
       -68.7414228,
       12.0411373
      ],
      [
       -68.7473801,
       12.040316100000002
      ],
      [
       -68.7484601,
       12.0403726
      ],
      [
       -68.7500368,
       12.040988900000002
      ],
      [
       -68.7550981,
       12.041007299999999
      ],
      [
       -68.7582336,
       12.041811299999999
      ],
      [
       -68.759678,
       12.042785799999999
      ],
      [
       -68.7626351,
       12.043665900000002
      ],
      [
       -68.7663366,
       12.043730099999998
      ],
      [
       -68.7685601,
       12.0433904
      ],
      [
       -68.7721181,
       12.044504
      ],
      [
       -68.775613,
       12.0444594
      ],
      [
       -68.779119,
       12.043382200000002
      ],
      [
       -68.7843382,
       12.040660999999998
      ],
      [
       -68.7857504,
       12.0389782
      ],
      [
       -68.7873857,
       12.036459699999998
      ],
      [
       -68.78969190000001,
       12.0347955
      ],
      [
       -68.7915279,
       12.034266900000004
      ],
      [
       -68.7929119,
       12.034905699999998
      ],
      [
       -68.795798,
       12.035540500000002
      ],
      [
       -68.7990589,
       12.0368371
      ],
      [
       -68.8012688,
       12.037227599999998
      ],
      [
       -68.80408920000002,
       12.0373023
      ],
      [
       -68.8098702,
       12.041036099999998
      ],
      [
       -68.8129011,
       12.0416211
      ],
      [
       -68.8156323,
       12.042903999999998
      ],
      [
       -68.8190299,
       12.0435964
      ],
      [
       -68.8210148,
       12.0436619
      ],
      [
       -68.8227689,
       12.044042299999997
      ],
      [
       -68.8231337,
       12.0442731
      ],
      [
       -68.8239464,
       12.0455454
      ],
      [
       -68.825413,
       12.046945599999997
      ],
      [
       -68.82779,
       12.0479114
      ],
      [
       -68.8289729,
       12.0481764
      ],
      [
       -68.8300726,
       12.048771800000004
      ],
      [
       -68.8308156,
       12.0487508
      ],
      [
       -68.8308719,
       12.048929199999998
      ],
      [
       -68.829973,
       12.049078800000002
      ],
      [
       -68.8294128,
       12.048648499999999
      ],
      [
       -68.8249442,
       12.047158599999998
      ],
      [
       -68.8238345,
       12.046281699999998
      ],
      [
       -68.8229252,
       12.044692
      ],
      [
       -68.8223405,
       12.0444481
      ],
      [
       -68.8209269,
       12.0442041
      ],
      [
       -68.8197441,
       12.044308099999997
      ],
      [
       -68.8205588,
       12.045077700000002
      ],
      [
       -68.8210899,
       12.045292499999997
      ],
      [
       -68.822052,
       12.046456399999999
      ],
      [
       -68.82285460000001,
       12.0470208
      ],
      [
       -68.8222484,
       12.0486576
      ],
      [
       -68.8223691,
       12.048854299999999
      ],
      [
       -68.8228435,
       12.048966599999998
      ],
      [
       -68.8234259,
       12.047763199999999
      ],
      [
       -68.8259527,
       12.048959399999998
      ],
      [
       -68.8281025,
       12.048880699999998
      ],
      [
       -68.829288,
       12.0493712
      ],
      [
       -68.8304214,
       12.0507226
      ],
      [
       -68.8308922,
       12.051033999999998
      ],
      [
       -68.8309934,
       12.050863000000001
      ],
      [
       -68.8311857,
       12.050977899999998
      ],
      [
       -68.831116,
       12.051147099999998
      ],
      [
       -68.8319555,
       12.051606099999999
      ],
      [
       -68.8322743,
       12.052151199999999
      ],
      [
       -68.8335219,
       12.0530081
      ],
      [
       -68.8343293,
       12.053907900000002
      ],
      [
       -68.8345043,
       12.054211299999999
      ],
      [
       -68.834222,
       12.055403
      ],
      [
       -68.8344097,
       12.0563814
      ],
      [
       -68.8347369,
       12.056820399999998
      ],
      [
       -68.8346511,
       12.057826699999998
      ],
      [
       -68.8351366,
       12.0584483
      ],
      [
       -68.8356006,
       12.058734299999998
      ],
      [
       -68.8387147,
       12.0593953
      ],
      [
       -68.8422123,
       12.059699500000002
      ],
      [
       -68.8423678,
       12.059392599999999
      ],
      [
       -68.8385135,
       12.0541203
      ],
      [
       -68.8369984,
       12.0527686
      ],
      [
       -68.8327712,
       12.050082499999997
      ],
      [
       -68.8322752,
       12.049970199999999
      ],
      [
       -68.8320045,
       12.04964
      ],
      [
       -68.8321574,
       12.0494921
      ],
      [
       -68.8342989,
       12.0507088
      ],
      [
       -68.8388521,
       12.053813799999999
      ],
      [
       -68.8409351,
       12.056594
      ],
      [
       -68.8415256,
       12.0578267
      ],
      [
       -68.8428667,
       12.059042499999999
      ],
      [
       -68.8442118,
       12.059898899999999
      ],
      [
       -68.8486032,
       12.061864499999999
      ],
      [
       -68.8508849,
       12.063579599999999
      ],
      [
       -68.8526487,
       12.065576299999998
      ],
      [
       -68.8522866,
       12.065994700000001
      ],
      [
       -68.8524918,
       12.0670085
      ],
      [
       -68.8523912,
       12.067896299999997
      ],
      [
       -68.8510404,
       12.070159900000002
      ],
      [
       -68.8514018,
       12.0720158
      ],
      [
       -68.8495996,
       12.073400999999999
      ],
      [
       -68.8499392,
       12.073915699999999
      ],
      [
       -68.8515598,
       12.075172799999997
      ],
      [
       -68.8520087,
       12.075704099999998
      ],
      [
       -68.8520337,
       12.076227599999994
      ],
      [
       -68.8515834,
       12.0761169
      ],
      [
       -68.8507516,
       12.076315499999998
      ],
      [
       -68.85010160000002,
       12.0755908
      ],
      [
       -68.8494608,
       12.075653100000004
      ],
      [
       -68.8492612,
       12.0749944
      ],
      [
       -68.848595,
       12.074499199999998
      ],
      [
       -68.8486573,
       12.073896999999999
      ],
      [
       -68.8482354,
       12.0738771
      ],
      [
       -68.8481488,
       12.073416399999997
      ],
      [
       -68.8478673,
       12.073203499999998
      ],
      [
       -68.847574,
       12.073238700000001
      ],
      [
       -68.8475044,
       12.073651399999997
      ],
      [
       -68.8472168,
       12.0738132
      ],
      [
       -68.8470024,
       12.0737106
      ],
      [
       -68.8473309,
       12.073484199999998
      ],
      [
       -68.8472091,
       12.072975299999998
      ],
      [
       -68.8468846,
       12.0727995
      ],
      [
       -68.8457657,
       12.073339500000001
      ],
      [
       -68.8456601,
       12.073169799999999
      ],
      [
       -68.8453034,
       12.073368199999999
      ],
      [
       -68.8450895,
       12.073263999999998
      ],
      [
       -68.8439677,
       12.0720309
      ],
      [
       -68.8434846,
       12.0709837
      ],
      [
       -68.8438484,
       12.0699265
      ],
      [
       -68.8433361,
       12.069433399999998
      ],
      [
       -68.8437529,
       12.0692545
      ],
      [
       -68.8437358,
       12.068625499999998
      ],
      [
       -68.8429562,
       12.068906399999998
      ],
      [
       -68.8424306,
       12.0701326
      ],
      [
       -68.842679,
       12.070372399999998
      ],
      [
       -68.8421725,
       12.071112999999999
      ],
      [
       -68.8423702,
       12.0714712
      ],
      [
       -68.8414925,
       12.071696000000001
      ],
      [
       -68.8425891,
       12.0724482
      ],
      [
       -68.8426214,
       12.072925599999998
      ],
      [
       -68.8430238,
       12.0732206
      ],
      [
       -68.8420225,
       12.073485399999997
      ],
      [
       -68.8421341,
       12.073829499999999
      ],
      [
       -68.8418875,
       12.073774599999997
      ],
      [
       -68.8415618,
       12.074062800000002
      ],
      [
       -68.8415325,
       12.074494399999999
      ],
      [
       -68.8425156,
       12.075091300000002
      ],
      [
       -68.8428025,
       12.075730099999998
      ],
      [
       -68.8417128,
       12.075941299999998
      ],
      [
       -68.842074,
       12.0768736
      ],
      [
       -68.8414592,
       12.076546199999997
      ],
      [
       -68.8410702,
       12.0767968
      ],
      [
       -68.8410557,
       12.077305199999996
      ],
      [
       -68.8414429,
       12.077969399999999
      ],
      [
       -68.8413,
       12.078402
      ],
      [
       -68.8408631,
       12.0782947
      ],
      [
       -68.8406405,
       12.0777633
      ],
      [
       -68.8402955,
       12.0775741
      ],
      [
       -68.8397151,
       12.0776613
      ],
      [
       -68.8391604,
       12.0781158
      ],
      [
       -68.8388593,
       12.0795115
      ],
      [
       -68.8390089,
       12.080056799999998
      ],
      [
       -68.8396137,
       12.080193100000002
      ],
      [
       -68.8398497,
       12.081465499999998
      ],
      [
       -68.8405049,
       12.082395399999998
      ],
      [
       -68.8410298,
       12.084946299999997
      ],
      [
       -68.841814,
       12.0862529
      ],
      [
       -68.8425925,
       12.086941899999998
      ],
      [
       -68.8436145,
       12.0872495
      ],
      [
       -68.8443249,
       12.0862926
      ],
      [
       -68.8449033,
       12.086434399999998
      ],
      [
       -68.8454327,
       12.0869967
      ],
      [
       -68.8457693,
       12.086942500000001
      ],
      [
       -68.8455955,
       12.0863241
      ],
      [
       -68.8451769,
       12.085935099999999
      ],
      [
       -68.8451694,
       12.085503
      ],
      [
       -68.8454373,
       12.085020899999996
      ],
      [
       -68.8456772,
       12.0850079
      ],
      [
       -68.8462635,
       12.0853046
      ],
      [
       -68.8469155,
       12.085304799999996
      ],
      [
       -68.8469042,
       12.086213700000004
      ],
      [
       -68.8474185,
       12.087301199999999
      ],
      [
       -68.8487276,
       12.0877973
      ],
      [
       -68.8490944,
       12.087583299999999
      ],
      [
       -68.849899,
       12.084996199999999
      ],
      [
       -68.8496351,
       12.0841116
      ],
      [
       -68.8497151,
       12.0822447
      ],
      [
       -68.8490796,
       12.0814077
      ],
      [
       -68.8484626,
       12.081761999999998
      ],
      [
       -68.8482429,
       12.080797899999997
      ],
      [
       -68.8482859,
       12.0806435
      ],
      [
       -68.8483731,
       12.0806295
      ],
      [
       -68.8483401,
       12.080834899999997
      ],
      [
       -68.8490636,
       12.081104199999999
      ],
      [
       -68.849482,
       12.080647299999999
      ],
      [
       -68.8495635,
       12.0804183
      ],
      [
       -68.848785,
       12.080011599999999
      ],
      [
       -68.8483892,
       12.0793127
      ],
      [
       -68.8485419,
       12.0789691
      ],
      [
       -68.849198,
       12.0788763
      ],
      [
       -68.8494013,
       12.078647299999998
      ],
      [
       -68.8491967,
       12.079424
      ],
      [
       -68.8494026,
       12.0799457
      ],
      [
       -68.8501303,
       12.079565800000001
      ],
      [
       -68.8503536,
       12.0789279
      ],
      [
       -68.8513249,
       12.079245399999998
      ],
      [
       -68.8511248,
       12.079463700000002
      ],
      [
       -68.8512459,
       12.080103000000001
      ],
      [
       -68.8506897,
       12.080277099999998
      ],
      [
       -68.8509692,
       12.0810588
      ],
      [
       -68.850629,
       12.0811478
      ],
      [
       -68.85081930000001,
       12.0818787
      ],
      [
       -68.8503028,
       12.0825351
      ],
      [
       -68.8504652,
       12.082867399999998
      ],
      [
       -68.8515548,
       12.083019399999998
      ],
      [
       -68.8518026,
       12.083289
      ],
      [
       -68.85111670000002,
       12.084958499999999
      ],
      [
       -68.8519002,
       12.084936200000001
      ],
      [
       -68.8520667,
       12.085381300000002
      ],
      [
       -68.8527302,
       12.085401099999999
      ],
      [
       -68.8529574,
       12.084954499999995
      ],
      [
       -68.8526973,
       12.084063599999997
      ],
      [
       -68.8534105,
       12.0837449
      ],
      [
       -68.8525817,
       12.082904299999997
      ],
      [
       -68.8526985,
       12.081998500000001
      ],
      [
       -68.8523118,
       12.081825499999995
      ],
      [
       -68.8524982,
       12.080504399999999
      ],
      [
       -68.8528787,
       12.080555899999998
      ],
      [
       -68.8527999,
       12.081111
      ],
      [
       -68.8534312,
       12.081410799999997
      ],
      [
       -68.853452,
       12.0823488
      ],
      [
       -68.854126,
       12.082967100000001
      ],
      [
       -68.8542594,
       12.084560499999998
      ],
      [
       -68.8548612,
       12.0843481
      ],
      [
       -68.8546328,
       12.083990499999999
      ],
      [
       -68.8549089,
       12.0837496
      ],
      [
       -68.8551388,
       12.0845281
      ],
      [
       -68.8554598,
       12.0846228
      ],
      [
       -68.8557961,
       12.083709899999999
      ],
      [
       -68.8559239,
       12.082069099999998
      ],
      [
       -68.8553457,
       12.0816421
      ],
      [
       -68.8546917,
       12.080449299999998
      ],
      [
       -68.8537568,
       12.079352599999998
      ],
      [
       -68.8536297,
       12.0789357
      ],
      [
       -68.8539988,
       12.078753200000001
      ],
      [
       -68.8539537,
       12.078025499999997
      ],
      [
       -68.85361540000001,
       12.0778029
      ],
      [
       -68.8536318,
       12.077418
      ],
      [
       -68.8537794,
       12.0773398
      ],
      [
       -68.853722,
       12.077845
      ],
      [
       -68.8540521,
       12.0776646
      ],
      [
       -68.85411010000001,
       12.077326
      ],
      [
       -68.8545667,
       12.0778952
      ],
      [
       -68.8547249,
       12.078755599999997
      ],
      [
       -68.8550844,
       12.078860499999996
      ],
      [
       -68.8556182,
       12.0797845
      ],
      [
       -68.8555917,
       12.080328300000001
      ],
      [
       -68.8562121,
       12.0814737
      ],
      [
       -68.8561012,
       12.0836466
      ],
      [
       -68.8564712,
       12.084614799999999
      ],
      [
       -68.8573381,
       12.0843705
      ],
      [
       -68.8573895,
       12.0838892
      ],
      [
       -68.8568967,
       12.083109299999998
      ],
      [
       -68.8572254,
       12.081561799999998
      ],
      [
       -68.8576629,
       12.081213900000003
      ],
      [
       -68.8578977,
       12.081531499999999
      ],
      [
       -68.858466,
       12.081250799999998
      ],
      [
       -68.8579557,
       12.0805562
      ],
      [
       -68.8579992,
       12.080337899999996
      ],
      [
       -68.8593864,
       12.080172999999998
      ],
      [
       -68.8597285,
       12.080331699999999
      ],
      [
       -68.8597981,
       12.0810859
      ],
      [
       -68.8605288,
       12.081256
      ],
      [
       -68.86061,
       12.081471500000001
      ],
      [
       -68.8599547,
       12.082441099999999
      ],
      [
       -68.8605988,
       12.083752799999997
      ],
      [
       -68.8604982,
       12.0845527
      ],
      [
       -68.8611889,
       12.086016199999996
      ],
      [
       -68.8612298,
       12.08535
      ],
      [
       -68.8616563,
       12.084904199999999
      ],
      [
       -68.8624647,
       12.0847877
      ],
      [
       -68.8627883,
       12.0843711
      ],
      [
       -68.8633782,
       12.084308199999999
      ],
      [
       -68.8632629,
       12.0845816
      ],
      [
       -68.863509,
       12.085481199999998
      ],
      [
       -68.8642063,
       12.085194500000002
      ],
      [
       -68.86440080000001,
       12.0843626
      ],
      [
       -68.8637277,
       12.083695499999997
      ],
      [
       -68.8636785,
       12.083254499999999
      ],
      [
       -68.864077,
       12.082235499999996
      ],
      [
       -68.8648375,
       12.0818222
      ],
      [
       -68.8656074,
       12.082081599999999
      ],
      [
       -68.8659132,
       12.0825122
      ],
      [
       -68.8659132,
       12.0829579
      ],
      [
       -68.8667671,
       12.083208
      ],
      [
       -68.8673421,
       12.083858699999999
      ],
      [
       -68.8674113,
       12.0833566
      ],
      [
       -68.8680036,
       12.083052600000002
      ],
      [
       -68.8681196,
       12.082842799999998
      ],
      [
       -68.8678992,
       12.0823382
      ],
      [
       -68.8660958,
       12.081915699999998
      ],
      [
       -68.8662878,
       12.081033999999999
      ],
      [
       -68.8665585,
       12.081248999999998
      ],
      [
       -68.8667544,
       12.080871199999999
      ],
      [
       -68.8669194,
       12.081094899999998
      ],
      [
       -68.8673554,
       12.0805982
      ],
      [
       -68.8671988,
       12.080059499999999
      ],
      [
       -68.8660638,
       12.0796512
      ],
      [
       -68.8657946,
       12.080112999999997
      ],
      [
       -68.8651805,
       12.079914299999999
      ],
      [
       -68.8650043,
       12.080318
      ],
      [
       -68.8647012,
       12.080130999999998
      ],
      [
       -68.86402990000002,
       12.0792382
      ],
      [
       -68.8644338,
       12.0788353
      ],
      [
       -68.8643271,
       12.0782158
      ],
      [
       -68.8639725,
       12.078087499999999
      ],
      [
       -68.8619161,
       12.0759933
      ],
      [
       -68.8606424,
       12.0761814
      ],
      [
       -68.8604453,
       12.0764507
      ],
      [
       -68.860528,
       12.076876099999998
      ],
      [
       -68.8599477,
       12.0766277
      ],
      [
       -68.8591512,
       12.076815099999997
      ],
      [
       -68.8591516,
       12.076135299999999
      ],
      [
       -68.85952,
       12.075447199999997
      ],
      [
       -68.8592761,
       12.074879800000001
      ],
      [
       -68.8595549,
       12.074701399999999
      ],
      [
       -68.859673,
       12.0727608
      ],
      [
       -68.8603761,
       12.071317300000002
      ],
      [
       -68.8604462,
       12.0702436
      ],
      [
       -68.8600788,
       12.0702909
      ],
      [
       -68.8599476,
       12.070660500000004
      ],
      [
       -68.8589827,
       12.0704655
      ],
      [
       -68.8584848,
       12.070792500000001
      ],
      [
       -68.8584268,
       12.0718146
      ],
      [
       -68.8580441,
       12.072336299999996
      ],
      [
       -68.8582031,
       12.073591299999999
      ],
      [
       -68.8578794,
       12.0741029
      ],
      [
       -68.8571873,
       12.074514799999998
      ],
      [
       -68.8542851,
       12.074915999999998
      ],
      [
       -68.8522029,
       12.0735858
      ],
      [
       -68.8537048,
       12.072393599999998
      ],
      [
       -68.8535947,
       12.0715543
      ],
      [
       -68.8528075,
       12.070160800000002
      ],
      [
       -68.85302350000002,
       12.069115999999998
      ],
      [
       -68.8535773,
       12.068796999999998
      ],
      [
       -68.8534743,
       12.0684001
      ],
      [
       -68.8537541,
       12.067505900000002
      ],
      [
       -68.8538291,
       12.066105499999999
      ],
      [
       -68.8534714,
       12.065406299999996
      ],
      [
       -68.8533316,
       12.064441499999997
      ],
      [
       -68.8539453,
       12.0635164
      ],
      [
       -68.8557371,
       12.062750899999998
      ],
      [
       -68.8564329,
       12.0626601
      ],
      [
       -68.8591699,
       12.063658199999999
      ],
      [
       -68.8599152,
       12.0660066
      ],
      [
       -68.8602892,
       12.066224899999998
      ],
      [
       -68.8603167,
       12.0665793
      ],
      [
       -68.8617273,
       12.067335
      ],
      [
       -68.8618563,
       12.067591600000002
      ],
      [
       -68.8615832,
       12.068812399999999
      ],
      [
       -68.8620459,
       12.0693743
      ],
      [
       -68.86130290000001,
       12.0702532
      ],
      [
       -68.8613314,
       12.0706621
      ],
      [
       -68.8615658,
       12.070745699999994
      ],
      [
       -68.8613726,
       12.0712568
      ],
      [
       -68.8623825,
       12.072665700000002
      ],
      [
       -68.862902,
       12.072879499999999
      ],
      [
       -68.8626202,
       12.0737115
      ],
      [
       -68.8628712,
       12.075890499999996
      ],
      [
       -68.8654808,
       12.07796
      ],
      [
       -68.8663981,
       12.078033500000002
      ],
      [
       -68.8670311,
       12.077815799999996
      ],
      [
       -68.8669828,
       12.0775928
      ],
      [
       -68.8671679,
       12.077737099999998
      ],
      [
       -68.8673396,
       12.0781803
      ],
      [
       -68.866718,
       12.078763199999997
      ],
      [
       -68.8663215,
       12.078679
      ],
      [
       -68.8664142,
       12.0791298
      ],
      [
       -68.866728,
       12.0793711
      ],
      [
       -68.8695238,
       12.079823999999999
      ],
      [
       -68.8697541,
       12.079354999999998
      ],
      [
       -68.86832530000001,
       12.078725999999998
      ],
      [
       -68.86710850000001,
       12.077273999999996
      ],
      [
       -68.86743480000001,
       12.0774065
      ],
      [
       -68.8681405,
       12.0759377
      ],
      [
       -68.8699727,
       12.074698799999998
      ],
      [
       -68.871379,
       12.073166500000001
      ],
      [
       -68.8725351,
       12.0712879
      ],
      [
       -68.87328300000001,
       12.071035999999998
      ],
      [
       -68.8732975,
       12.0707169
      ],
      [
       -68.8760801,
       12.0723079
      ],
      [
       -68.8767574,
       12.072366199999998
      ],
      [
       -68.8779521,
       12.0731925
      ],
      [
       -68.8785997,
       12.074065400000004
      ],
      [
       -68.8802008,
       12.0749191
      ],
      [
       -68.8797811,
       12.074981099999999
      ],
      [
       -68.8797013,
       12.075251499999998
      ],
      [
       -68.8799472,
       12.0753833
      ],
      [
       -68.879669,
       12.075954899999997
      ],
      [
       -68.8797139,
       12.076295800000002
      ],
      [
       -68.8802014,
       12.076678
      ],
      [
       -68.8808406,
       12.077034899999997
      ],
      [
       -68.8813418,
       12.076877699999999
      ],
      [
       -68.8815026,
       12.076664999999998
      ],
      [
       -68.8812695,
       12.0764484
      ],
      [
       -68.8812885,
       12.076013300000001
      ],
      [
       -68.8820704,
       12.0763772
      ],
      [
       -68.8824436,
       12.0769205
      ],
      [
       -68.8818066,
       12.076441100000002
      ],
      [
       -68.8815696,
       12.076493999999999
      ],
      [
       -68.8845021,
       12.078217199999997
      ],
      [
       -68.8847588,
       12.078154000000001
      ],
      [
       -68.8855583,
       12.078961599999998
      ],
      [
       -68.8869606,
       12.079546799999997
      ],
      [
       -68.8871158,
       12.079383599999998
      ],
      [
       -68.8875976,
       12.079599199999999
      ],
      [
       -68.8884131,
       12.080533599999997
      ],
      [
       -68.8892439,
       12.0808495
      ],
      [
       -68.8895284,
       12.080705899999998
      ],
      [
       -68.8897853,
       12.0809189
      ],
      [
       -68.8896906,
       12.081170999999998
      ],
      [
       -68.8911684,
       12.0827116
      ],
      [
       -68.8931367,
       12.0841602
      ],
      [
       -68.8937668,
       12.084413999999999
      ],
      [
       -68.8951968,
       12.0834148
      ],
      [
       -68.8961943,
       12.083036699999997
      ],
      [
       -68.8961463,
       12.083265099999997
      ],
      [
       -68.8964457,
       12.083125099999998
      ],
      [
       -68.8973004,
       12.083529199999997
      ],
      [
       -68.8986107,
       12.084712299999998
      ],
      [
       -68.8982517,
       12.085604499999997
      ],
      [
       -68.9001255,
       12.087484199999999
      ],
      [
       -68.9006568,
       12.0876578
      ],
      [
       -68.9009948,
       12.087469999999996
      ],
      [
       -68.9008846,
       12.087871099999997
      ],
      [
       -68.9014369,
       12.088138500000001
      ],
      [
       -68.9018598,
       12.087641400000004
      ],
      [
       -68.9020052,
       12.087645400000001
      ],
      [
       -68.9017501,
       12.087970300000002
      ],
      [
       -68.9021081,
       12.088146199999997
      ],
      [
       -68.9019793,
       12.088492599999999
      ],
      [
       -68.9025982,
       12.088789099999998
      ],
      [
       -68.9025392,
       12.0889865
      ],
      [
       -68.9031347,
       12.0892426
      ],
      [
       -68.9035614,
       12.089158999999997
      ],
      [
       -68.9036145,
       12.089575
      ],
      [
       -68.9039961,
       12.089877100000002
      ],
      [
       -68.9050812,
       12.0900185
      ],
      [
       -68.9051816,
       12.090217799999998
      ],
      [
       -68.9047387,
       12.0901345
      ],
      [
       -68.9048011,
       12.090568
      ],
      [
       -68.9054181,
       12.0903983
      ],
      [
       -68.9052025,
       12.090504000000001
      ],
      [
       -68.9052216,
       12.0908755
      ],
      [
       -68.90699020000001,
       12.091885499999998
      ],
      [
       -68.90776,
       12.092564
      ],
      [
       -68.9091989,
       12.093328999999997
      ],
      [
       -68.9096229,
       12.093141999999997
      ],
      [
       -68.9099925,
       12.093421199999998
      ],
      [
       -68.9096224,
       12.0932981
      ],
      [
       -68.9094514,
       12.093480699999999
      ],
      [
       -68.9096348,
       12.093832399999998
      ],
      [
       -68.9099202,
       12.093954100000003
      ],
      [
       -68.91012550000002,
       12.093616699999997
      ],
      [
       -68.9100386,
       12.093906900000002
      ],
      [
       -68.9106192,
       12.094252099999999
      ],
      [
       -68.9112854,
       12.093756099999998
      ],
      [
       -68.9112774,
       12.093956699999998
      ],
      [
       -68.9117058,
       12.094035
      ],
      [
       -68.9114545,
       12.0942228
      ],
      [
       -68.9111114,
       12.0940471
      ],
      [
       -68.9110256,
       12.094293499999997
      ],
      [
       -68.9114672,
       12.094456900000003
      ],
      [
       -68.9117453,
       12.0940917
      ],
      [
       -68.9125401,
       12.0942206
      ],
      [
       -68.9122363,
       12.094323499999998
      ],
      [
       -68.9120152,
       12.0948837
      ],
      [
       -68.9122448,
       12.095022200000002
      ],
      [
       -68.9126135,
       12.0945092
      ],
      [
       -68.9123878,
       12.0951277
      ],
      [
       -68.9127473,
       12.095374900000001
      ],
      [
       -68.9130981,
       12.0952919
      ],
      [
       -68.913279,
       12.095683599999997
      ],
      [
       -68.9139665,
       12.095926699999998
      ],
      [
       -68.91433570000001,
       12.096328599999998
      ],
      [
       -68.9153278,
       12.096152299999998
      ],
      [
       -68.9149782,
       12.096545199999998
      ],
      [
       -68.9156741,
       12.097009900000002
      ],
      [
       -68.9159063,
       12.096877399999999
      ],
      [
       -68.9158627,
       12.097073900000002
      ],
      [
       -68.9169802,
       12.097485
      ],
      [
       -68.9178888,
       12.0980985
      ],
      [
       -68.9185948,
       12.09816
      ],
      [
       -68.9186639,
       12.098554799999999
      ],
      [
       -68.9194951,
       12.098852199999998
      ],
      [
       -68.9198005,
       12.0985342
      ],
      [
       -68.9200621,
       12.0985637
      ],
      [
       -68.9201534,
       12.098675199999997
      ],
      [
       -68.9196997,
       12.0988057
      ],
      [
       -68.9198951,
       12.099069499999999
      ],
      [
       -68.9201889,
       12.0987297
      ],
      [
       -68.9205555,
       12.098806700000003
      ],
      [
       -68.9202621,
       12.098817200000001
      ],
      [
       -68.9200705,
       12.099114699999996
      ],
      [
       -68.92026470000002,
       12.099261399999996
      ],
      [
       -68.92069,
       12.098821399999999
      ],
      [
       -68.9211498,
       12.098957199999997
      ],
      [
       -68.920721,
       12.098924199999999
      ],
      [
       -68.9207266,
       12.099394299999993
      ],
      [
       -68.9214096,
       12.099586599999999
      ],
      [
       -68.9215788,
       12.099353800000001
      ],
      [
       -68.9213407,
       12.099094200000001
      ],
      [
       -68.9222614,
       12.0995027
      ],
      [
       -68.9217901,
       12.0994639
      ],
      [
       -68.9217133,
       12.0996223
      ],
      [
       -68.9220272,
       12.099992600000002
      ],
      [
       -68.9222268,
       12.100005499999998
      ],
      [
       -68.9222057,
       12.099656199999998
      ],
      [
       -68.9224995,
       12.099669999999998
      ],
      [
       -68.9224759,
       12.1001509
      ],
      [
       -68.9239078,
       12.100768699999998
      ],
      [
       -68.9267224,
       12.101725
      ],
      [
       -68.927137,
       12.101644099999996
      ],
      [
       -68.9270449,
       12.101888100000002
      ],
      [
       -68.9307751,
       12.1027974
      ],
      [
       -68.93187670000002,
       12.1028902
      ],
      [
       -68.9320434,
       12.102538599999999
      ],
      [
       -68.9328322,
       12.102586199999998
      ],
      [
       -68.9327991,
       12.1027265
      ],
      [
       -68.9321913,
       12.1026569
      ],
      [
       -68.9321334,
       12.102833
      ],
      [
       -68.9335324,
       12.103225
      ],
      [
       -68.9335653,
       12.1034133
      ],
      [
       -68.9351115,
       12.1035887
      ],
      [
       -68.9356662,
       12.1039103
      ],
      [
       -68.935678,
       12.104914000000003
      ],
      [
       -68.933371,
       12.107005099999997
      ],
      [
       -68.9320329,
       12.105780500000002
      ],
      [
       -68.9312198,
       12.1060252
      ],
      [
       -68.9307971,
       12.105912399999996
      ],
      [
       -68.9288194,
       12.104069999999998
      ],
      [
       -68.9268623,
       12.1038366
      ],
      [
       -68.9264847,
       12.104182799999998
      ],
      [
       -68.9265797,
       12.104558399999998
      ],
      [
       -68.9274609,
       12.105322299999997
      ],
      [
       -68.9284504,
       12.1050665
      ],
      [
       -68.9295558,
       12.105264399999998
      ],
      [
       -68.9307233,
       12.1060876
      ],
      [
       -68.9318441,
       12.106349
      ],
      [
       -68.9332905,
       12.107254299999997
      ],
      [
       -68.9312509,
       12.111045299999999
      ],
      [
       -68.9311489,
       12.112432699999996
      ],
      [
       -68.9300991,
       12.115635299999997
      ],
      [
       -68.9278356,
       12.116486099999998
      ],
      [
       -68.9276541,
       12.116303400000001
      ],
      [
       -68.927126,
       12.116476799999997
      ],
      [
       -68.9260413,
       12.1163933
      ],
      [
       -68.9258224,
       12.115927
      ],
      [
       -68.9253942,
       12.115774000000002
      ],
      [
       -68.9253811,
       12.1142538
      ],
      [
       -68.9256675,
       12.1131673
      ],
      [
       -68.9263161,
       12.111740199999998
      ],
      [
       -68.9266933,
       12.1115125
      ],
      [
       -68.9264262,
       12.1109132
      ],
      [
       -68.9256938,
       12.1113159
      ],
      [
       -68.9249128,
       12.112310899999997
      ],
      [
       -68.9242509,
       12.1113104
      ],
      [
       -68.9237747,
       12.111482099999998
      ],
      [
       -68.9238198,
       12.112022200000002
      ],
      [
       -68.9229684,
       12.1099078
      ],
      [
       -68.9225734,
       12.1082056
      ],
      [
       -68.9223414,
       12.108047599999997
      ],
      [
       -68.9220107,
       12.1080124
      ],
      [
       -68.9221628,
       12.1081185
      ],
      [
       -68.9219344,
       12.108925999999997
      ],
      [
       -68.9206883,
       12.109543599999997
      ],
      [
       -68.9206371,
       12.109833099999998
      ],
      [
       -68.9201314,
       12.1099183
      ],
      [
       -68.920187,
       12.111182999999999
      ],
      [
       -68.9211354,
       12.1110051
      ],
      [
       -68.921244,
       12.1119489
      ],
      [
       -68.92191430000001,
       12.112104999999998
      ],
      [
       -68.9225578,
       12.1127118
      ],
      [
       -68.9233323,
       12.1142333
      ],
      [
       -68.922862,
       12.114345399999998
      ],
      [
       -68.9228829,
       12.1145209
      ],
      [
       -68.9221635,
       12.1144428
      ],
      [
       -68.9221381,
       12.1148047
      ],
      [
       -68.9213363,
       12.114814500000003
      ],
      [
       -68.9210136,
       12.113873100000001
      ],
      [
       -68.9201143,
       12.1141176
      ],
      [
       -68.9198908,
       12.1143131
      ],
      [
       -68.9202709,
       12.115044499999998
      ],
      [
       -68.9197843,
       12.115201299999999
      ],
      [
       -68.9195609,
       12.114782
      ],
      [
       -68.9190643,
       12.1145556
      ],
      [
       -68.9187423,
       12.1149071
      ],
      [
       -68.91812680000001,
       12.114394299999997
      ],
      [
       -68.917928,
       12.114722300000002
      ],
      [
       -68.9174188,
       12.1146938
      ],
      [
       -68.9172703,
       12.114214599999999
      ],
      [
       -68.9164384,
       12.1140678
      ],
      [
       -68.9163129,
       12.113630500000001
      ],
      [
       -68.9158035,
       12.1133172
      ],
      [
       -68.9172026,
       12.1130343
      ],
      [
       -68.9171339,
       12.112472799999999
      ],
      [
       -68.9174003,
       12.112086300000001
      ],
      [
       -68.916902,
       12.111825100000004
      ],
      [
       -68.9157866,
       12.112289699999996
      ],
      [
       -68.9148797,
       12.1120679
      ],
      [
       -68.9149704,
       12.111759299999997
      ],
      [
       -68.9156874,
       12.1112906
      ],
      [
       -68.9160723,
       12.111403299999997
      ],
      [
       -68.9162589,
       12.1112513
      ],
      [
       -68.9163999,
       12.1106527
      ],
      [
       -68.9162221,
       12.109897699999996
      ],
      [
       -68.9150314,
       12.1090694
      ],
      [
       -68.9141871,
       12.1090846
      ],
      [
       -68.9138947,
       12.108769300000002
      ],
      [
       -68.9138612,
       12.108307899999998
      ],
      [
       -68.9123391,
       12.108367600000003
      ],
      [
       -68.9122176,
       12.109064699999996
      ],
      [
       -68.9129685,
       12.109132999999996
      ],
      [
       -68.9133113,
       12.109482299999998
      ],
      [
       -68.9135173,
       12.109954000000002
      ],
      [
       -68.9132032,
       12.1103373
      ],
      [
       -68.9142729,
       12.110545000000002
      ],
      [
       -68.9143023,
       12.112371000000003
      ],
      [
       -68.9152107,
       12.1137562
      ],
      [
       -68.9165465,
       12.114439900000002
      ],
      [
       -68.9165071,
       12.114912499999999
      ],
      [
       -68.9122676,
       12.114331899999998
      ],
      [
       -68.912224,
       12.114584199999998
      ],
      [
       -68.9119087,
       12.114654200000002
      ],
      [
       -68.9117947,
       12.1158846
      ],
      [
       -68.9142872,
       12.1161011
      ],
      [
       -68.9145026,
       12.116340300000001
      ],
      [
       -68.9142282,
       12.1169645
      ],
      [
       -68.9115468,
       12.1167214
      ],
      [
       -68.9113998,
       12.117596899999999
      ],
      [
       -68.9142446,
       12.117901300000002
      ],
      [
       -68.9141696,
       12.1188069
      ],
      [
       -68.9125865,
       12.1192809
      ],
      [
       -68.9117969,
       12.1208065
      ],
      [
       -68.9121177,
       12.12097
      ],
      [
       -68.912499,
       12.122383699999999
      ],
      [
       -68.9128,
       12.1227152
      ],
      [
       -68.9115917,
       12.123323300000001
      ],
      [
       -68.9127973,
       12.123493999999999
      ],
      [
       -68.9122994,
       12.123630999999998
      ],
      [
       -68.9126189,
       12.1248128
      ],
      [
       -68.9126058,
       12.1260861
      ],
      [
       -68.9145568,
       12.1262541
      ],
      [
       -68.91535080000001,
       12.126895199999996
      ],
      [
       -68.9172779,
       12.129347099999999
      ],
      [
       -68.9169201,
       12.1309619
      ],
      [
       -68.9158631,
       12.133886100000002
      ],
      [
       -68.9163418,
       12.134760999999997
      ],
      [
       -68.91731950000002,
       12.135504299999997
      ],
      [
       -68.9176266,
       12.135003499999996
      ],
      [
       -68.9178564,
       12.1359492
      ],
      [
       -68.9175904,
       12.134198399999999
      ],
      [
       -68.917864,
       12.1341644
      ],
      [
       -68.9195149,
       12.132159599999998
      ],
      [
       -68.9201593,
       12.1322061
      ],
      [
       -68.9209794,
       12.132701199999998
      ],
      [
       -68.9214836,
       12.132741800000003
      ],
      [
       -68.9209559,
       12.132933899999996
      ],
      [
       -68.9209626,
       12.133232799999998
      ],
      [
       -68.9222732,
       12.133756699999998
      ],
      [
       -68.9212254,
       12.133175799999998
      ],
      [
       -68.9222628,
       12.132753599999997
      ],
      [
       -68.9218886,
       12.132554200000001
      ],
      [
       -68.9222427,
       12.1321241
      ],
      [
       -68.9217264,
       12.131395199999998
      ],
      [
       -68.9222682,
       12.129181899999999
      ],
      [
       -68.9223004,
       12.1274879
      ],
      [
       -68.9212074,
       12.1271467
      ],
      [
       -68.9213187,
       12.125841099999997
      ],
      [
       -68.9208573,
       12.125154
      ],
      [
       -68.920742,
       12.1243358
      ],
      [
       -68.9182408,
       12.124322399999999
      ],
      [
       -68.9181604,
       12.124705299999999
      ],
      [
       -68.9178251,
       12.124721
      ],
      [
       -68.917817,
       12.125295399999999
      ],
      [
       -68.9170392,
       12.125520899999996
      ],
      [
       -68.9152086,
       12.124409199999999
      ],
      [
       -68.9151174,
       12.1238061
      ],
      [
       -68.9138916,
       12.1235833
      ],
      [
       -68.9132506,
       12.1224687
      ],
      [
       -68.9129824,
       12.1225865
      ],
      [
       -68.9128953,
       12.1223853
      ],
      [
       -68.9134549,
       12.1221
      ],
      [
       -68.91349340000001,
       12.120842299999996
      ],
      [
       -68.9139438,
       12.120910599999998
      ],
      [
       -68.9138805,
       12.1207556
      ],
      [
       -68.9180943,
       12.1189798
      ],
      [
       -68.9181744,
       12.119161200000002
      ],
      [
       -68.9173188,
       12.119634099999999
      ],
      [
       -68.9177223,
       12.120611399999996
      ],
      [
       -68.920321,
       12.119503500000002
      ],
      [
       -68.9207168,
       12.1203563
      ],
      [
       -68.9204898,
       12.120501
      ],
      [
       -68.9205704,
       12.120655299999997
      ],
      [
       -68.9214644,
       12.120054299999998
      ],
      [
       -68.91993600000002,
       12.1211827
      ],
      [
       -68.9201773,
       12.1217101
      ],
      [
       -68.917648,
       12.122147499999997
      ],
      [
       -68.9177228,
       12.1226837
      ],
      [
       -68.91829280000002,
       12.1229554
      ],
      [
       -68.9179809,
       12.1235281
      ],
      [
       -68.9181104,
       12.123644599999997
      ],
      [
       -68.9190553,
       12.1236056
      ],
      [
       -68.9191071,
       12.123355
      ],
      [
       -68.9194654,
       12.123358599999998
      ],
      [
       -68.9194927,
       12.1231966
      ],
      [
       -68.9196363,
       12.1235597
      ],
      [
       -68.919874,
       12.123579100000002
      ],
      [
       -68.9209931,
       12.123516200000003
      ],
      [
       -68.9210674,
       12.1232402
      ],
      [
       -68.9228073,
       12.1230866
      ],
      [
       -68.9241625,
       12.1233709
      ],
      [
       -68.9244299,
       12.123080399999997
      ],
      [
       -68.9247567,
       12.123138499999998
      ],
      [
       -68.9247963,
       12.123395099999998
      ],
      [
       -68.925773,
       12.1235231
      ],
      [
       -68.9259404,
       12.121015100000001
      ],
      [
       -68.9254517,
       12.120022299999999
      ],
      [
       -68.9258865,
       12.120058899999998
      ],
      [
       -68.9262094,
       12.120709899999998
      ],
      [
       -68.9268867,
       12.1207459
      ],
      [
       -68.9266205,
       12.121204699999998
      ],
      [
       -68.9274574,
       12.1213109
      ],
      [
       -68.9275327,
       12.119919099999999
      ],
      [
       -68.9283149,
       12.119423999999999
      ],
      [
       -68.929442,
       12.1196998
      ],
      [
       -68.9310433,
       12.1194592
      ],
      [
       -68.9315119,
       12.119963299999997
      ],
      [
       -68.9322946,
       12.1226582
      ],
      [
       -68.9320971,
       12.12288
      ],
      [
       -68.93219860000002,
       12.125092600000002
      ],
      [
       -68.930834,
       12.1256744
      ],
      [
       -68.9312131,
       12.126942099999999
      ],
      [
       -68.9316842,
       12.1269738
      ],
      [
       -68.93181480000001,
       12.126482199999998
      ],
      [
       -68.932783,
       12.126298899999998
      ],
      [
       -68.9331896,
       12.125948399999997
      ],
      [
       -68.9339465,
       12.122913299999999
      ],
      [
       -68.9345861,
       12.122485199999998
      ],
      [
       -68.9351282,
       12.1227611
      ],
      [
       -68.9353901,
       12.124473399999998
      ],
      [
       -68.9357052,
       12.124982300000001
      ],
      [
       -68.9358133,
       12.127532099999998
      ],
      [
       -68.9365768,
       12.1275387
      ],
      [
       -68.9365521,
       12.126183
      ],
      [
       -68.937755,
       12.1246926
      ],
      [
       -68.939537,
       12.125299599999998
      ],
      [
       -68.9402388,
       12.123884
      ],
      [
       -68.94180050000001,
       12.124517400000002
      ],
      [
       -68.9424806,
       12.1244914
      ],
      [
       -68.9422172,
       12.125191799999996
      ],
      [
       -68.9425187,
       12.1255764
      ],
      [
       -68.9403796,
       12.125620999999999
      ],
      [
       -68.9400567,
       12.1258252
      ],
      [
       -68.9397054,
       12.126414799999997
      ],
      [
       -68.939675,
       12.1279717
      ],
      [
       -68.9401897,
       12.1269583
      ],
      [
       -68.9423827,
       12.1268119
      ],
      [
       -68.9439047,
       12.125962500000002
      ],
      [
       -68.9436732,
       12.125641000000002
      ],
      [
       -68.94302980000002,
       12.125559599999999
      ],
      [
       -68.9438052,
       12.1250791
      ],
      [
       -68.9426379,
       12.121064699999998
      ],
      [
       -68.9406848,
       12.120513899999997
      ],
      [
       -68.9404844,
       12.1202584
      ],
      [
       -68.9388456,
       12.1205735
      ],
      [
       -68.9371228,
       12.119996099999998
      ],
      [
       -68.9372368,
       12.1196514
      ],
      [
       -68.9382612,
       12.119881999999997
      ],
      [
       -68.9410151,
       12.119466999999998
      ],
      [
       -68.9413179,
       12.119222399999996
      ],
      [
       -68.9408891,
       12.118727199999997
      ],
      [
       -68.9399732,
       12.118780100000004
      ],
      [
       -68.9399748,
       12.118591499999999
      ],
      [
       -68.9394676,
       12.118310099999999
      ],
      [
       -68.9401114,
       12.1183479
      ],
      [
       -68.9405028,
       12.117990800000003
      ],
      [
       -68.9411437,
       12.117955400000001
      ],
      [
       -68.9415414,
       12.1165251
      ],
      [
       -68.9410162,
       12.116395
      ],
      [
       -68.9402611,
       12.116573499999996
      ],
      [
       -68.9400903,
       12.116880100000001
      ],
      [
       -68.9392373,
       12.1167168
      ],
      [
       -68.9388732,
       12.116908499999997
      ],
      [
       -68.93835060000002,
       12.115949099999998
      ],
      [
       -68.9380145,
       12.1158223
      ],
      [
       -68.9377246,
       12.116347100000002
      ],
      [
       -68.9379627,
       12.1169976
      ],
      [
       -68.9377596,
       12.117552200000002
      ],
      [
       -68.9371573,
       12.1172911
      ],
      [
       -68.9364921,
       12.1175523
      ],
      [
       -68.9362925,
       12.117423099999998
      ],
      [
       -68.9367359,
       12.1171394
      ],
      [
       -68.9363726,
       12.1168248
      ],
      [
       -68.9364167,
       12.116420699999999
      ],
      [
       -68.9368611,
       12.116179
      ],
      [
       -68.93695170000001,
       12.115732199999998
      ],
      [
       -68.9364922,
       12.1157565
      ],
      [
       -68.9360004,
       12.1153851
      ],
      [
       -68.9358259,
       12.1162793
      ],
      [
       -68.9352503,
       12.1160689
      ],
      [
       -68.9351735,
       12.116228299999998
      ],
      [
       -68.9341775,
       12.1152689
      ],
      [
       -68.9322866,
       12.1159446
      ],
      [
       -68.9320168,
       12.1148464
      ],
      [
       -68.9324822,
       12.112843099999997
      ],
      [
       -68.9325361,
       12.111380600000002
      ],
      [
       -68.9329149,
       12.110385799999998
      ],
      [
       -68.9347968,
       12.1076079
      ],
      [
       -68.9349401,
       12.1076869
      ],
      [
       -68.9359095,
       12.1067902
      ],
      [
       -68.935861,
       12.1066108
      ],
      [
       -68.9371142,
       12.105278400000001
      ],
      [
       -68.9378913,
       12.1047603
      ],
      [
       -68.93818100000001,
       12.104885799999998
      ],
      [
       -68.9387974,
       12.104720899999997
      ],
      [
       -68.9411759,
       12.1052177
      ],
      [
       -68.9416853,
       12.104666800000002
      ],
      [
       -68.9411982,
       12.104193099999998
      ],
      [
       -68.9424228,
       12.1045969
      ],
      [
       -68.9417509,
       12.1046816
      ],
      [
       -68.9416575,
       12.104952399999998
      ],
      [
       -68.9417369,
       12.105362699999999
      ],
      [
       -68.94233,
       12.1057064
      ],
      [
       -68.94324840000002,
       12.106023199999997
      ],
      [
       -68.9438975,
       12.1060022
      ],
      [
       -68.9442238,
       12.1063624
      ],
      [
       -68.9462805,
       12.107165199999999
      ],
      [
       -68.9466117,
       12.1067317
      ],
      [
       -68.9479755,
       12.1072356
      ],
      [
       -68.9477981,
       12.107726399999999
      ],
      [
       -68.95039660000002,
       12.1085399
      ],
      [
       -68.9516099,
       12.108577300000002
      ],
      [
       -68.9523489,
       12.108253099999997
      ],
      [
       -68.9516331,
       12.1088526
      ],
      [
       -68.9524392,
       12.108510499999998
      ],
      [
       -68.95402,
       12.109066900000002
      ],
      [
       -68.9524952,
       12.108664699999997
      ],
      [
       -68.9519276,
       12.109022
      ],
      [
       -68.9523463,
       12.1088793
      ],
      [
       -68.9536941,
       12.109461
      ],
      [
       -68.9538267,
       12.109258999999998
      ],
      [
       -68.9538299,
       12.109465699999998
      ],
      [
       -68.9566272,
       12.110785099999998
      ],
      [
       -68.9604228,
       12.1131595
      ],
      [
       -68.96086330000001,
       12.1130433
      ],
      [
       -68.9609813,
       12.1131207
      ],
      [
       -68.960638,
       12.1133305
      ],
      [
       -68.9637007,
       12.1158753
      ],
      [
       -68.9644385,
       12.1163704
      ],
      [
       -68.9647859,
       12.116004799999999
      ],
      [
       -68.9646577,
       12.1158182
      ],
      [
       -68.9652991,
       12.1160745
      ],
      [
       -68.9650728,
       12.115986
      ],
      [
       -68.9646575,
       12.1162671
      ],
      [
       -68.9647655,
       12.116642099999998
      ],
      [
       -68.9654815,
       12.116952999999999
      ],
      [
       -68.9657939,
       12.116790499999997
      ],
      [
       -68.9659832,
       12.1173393
      ],
      [
       -68.9667397,
       12.117995699999998
      ],
      [
       -68.9674292,
       12.1180952
      ],
      [
       -68.9676998,
       12.117834999999998
      ],
      [
       -68.9679604,
       12.118020699999995
      ],
      [
       -68.9679948,
       12.118825099999995
      ],
      [
       -68.9685911,
       12.119114799999998
      ],
      [
       -68.9688102,
       12.1189761
      ],
      [
       -68.968738,
       12.1193181
      ],
      [
       -68.9697888,
       12.120030200000002
      ],
      [
       -68.9697464,
       12.1204915
      ],
      [
       -68.9693544,
       12.121304899999998
      ],
      [
       -68.9691248,
       12.121331099999999
      ],
      [
       -68.9691986,
       12.1216133
      ],
      [
       -68.9688958,
       12.122084900000003
      ],
      [
       -68.9695622,
       12.123319099999996
      ],
      [
       -68.9681562,
       12.1249382
      ],
      [
       -68.9682151,
       12.126462600000002
      ],
      [
       -68.9691692,
       12.127890600000002
      ],
      [
       -68.9689882,
       12.128469900000002
      ],
      [
       -68.9684545,
       12.1287502
      ],
      [
       -68.9677303,
       12.129967299999999
      ],
      [
       -68.9669515,
       12.1303477
      ],
      [
       -68.9655169,
       12.1330951
      ],
      [
       -68.9636207,
       12.1346309
      ],
      [
       -68.9640339,
       12.135476899999999
      ],
      [
       -68.9645568,
       12.135558599999998
      ],
      [
       -68.9648991,
       12.136135700000002
      ],
      [
       -68.965305,
       12.136274599999998
      ],
      [
       -68.9659585,
       12.1360318
      ],
      [
       -68.96621000000002,
       12.135687100000002
      ],
      [
       -68.9661731,
       12.135251899999998
      ],
      [
       -68.9663944,
       12.135106899999998
      ],
      [
       -68.9667023,
       12.1350107
      ],
      [
       -68.9671641,
       12.135335799999998
      ],
      [
       -68.9671659,
       12.1356659
      ],
      [
       -68.9667434,
       12.135620599999998
      ],
      [
       -68.966693,
       12.136720399999998
      ],
      [
       -68.9671378,
       12.136807100000002
      ],
      [
       -68.9672249,
       12.137163699999997
      ],
      [
       -68.9676853,
       12.1368003
      ],
      [
       -68.9680821,
       12.1369099
      ],
      [
       -68.9680414,
       12.137540000000001
      ],
      [
       -68.9674306,
       12.137238799999999
      ],
      [
       -68.9680436,
       12.137906699999998
      ],
      [
       -68.96788,
       12.1388601
      ],
      [
       -68.9687743,
       12.139007499999998
      ],
      [
       -68.9694543,
       12.139860800000001
      ],
      [
       -68.9701144,
       12.139913799999999
      ],
      [
       -68.97076,
       12.13937
      ],
      [
       -68.97084900000002,
       12.138407199999998
      ],
      [
       -68.9703896,
       12.1377608
      ],
      [
       -68.9712743,
       12.1379571
      ],
      [
       -68.9713456,
       12.138343999999998
      ],
      [
       -68.972466,
       12.1382165
      ],
      [
       -68.9725918,
       12.1380425
      ],
      [
       -68.9723452,
       12.137287100000002
      ],
      [
       -68.9713336,
       12.1371006
      ],
      [
       -68.9706676,
       12.136333899999999
      ],
      [
       -68.9710801,
       12.1360483
      ],
      [
       -68.9724559,
       12.136344099999999
      ],
      [
       -68.9726594,
       12.1351291
      ],
      [
       -68.9723136,
       12.134777399999999
      ],
      [
       -68.9719022,
       12.134848000000002
      ],
      [
       -68.9715826,
       12.134651299999998
      ],
      [
       -68.9713274,
       12.1341759
      ],
      [
       -68.9708685,
       12.131350099999999
      ],
      [
       -68.9705183,
       12.130965299999998
      ],
      [
       -68.9707694,
       12.130427600000004
      ],
      [
       -68.9713155,
       12.1302671
      ],
      [
       -68.9714805,
       12.1298973
      ],
      [
       -68.9712185,
       12.129039399999996
      ],
      [
       -68.9716326,
       12.1275754
      ],
      [
       -68.97102,
       12.126740099999997
      ],
      [
       -68.9697101,
       12.126359999999998
      ],
      [
       -68.9693396,
       12.1257354
      ],
      [
       -68.9698121,
       12.124019099999996
      ],
      [
       -68.9703709,
       12.1229421
      ],
      [
       -68.9709004,
       12.123545500000002
      ],
      [
       -68.971087,
       12.124556599999996
      ],
      [
       -68.9718904,
       12.1252734
      ],
      [
       -68.9770965,
       12.127414599999998
      ],
      [
       -68.9774559,
       12.1272979
      ],
      [
       -68.9779308,
       12.127486299999997
      ],
      [
       -68.9785543,
       12.127832799999998
      ],
      [
       -68.9789984,
       12.128622999999997
      ],
      [
       -68.9801891,
       12.129111
      ],
      [
       -68.9805727,
       12.129043
      ],
      [
       -68.9811319,
       12.1296396
      ],
      [
       -68.9838332,
       12.130665300000002
      ],
      [
       -68.9841776,
       12.131277199999998
      ],
      [
       -68.9844898,
       12.132693599999998
      ],
      [
       -68.9847734,
       12.132885700000001
      ],
      [
       -68.9844725,
       12.1327687
      ],
      [
       -68.984384,
       12.1329968
      ],
      [
       -68.9846375,
       12.133419000000002
      ],
      [
       -68.9851849,
       12.1336439
      ],
      [
       -68.9848109,
       12.1336004
      ],
      [
       -68.984673,
       12.133950099999998
      ],
      [
       -68.9849997,
       12.134452399999997
      ],
      [
       -68.985584,
       12.134553599999998
      ],
      [
       -68.9856692,
       12.1342317
      ],
      [
       -68.9857231,
       12.1345627
      ],
      [
       -68.9872456,
       12.1354115
      ],
      [
       -68.9880649,
       12.1349976
      ],
      [
       -68.9894876,
       12.135167099999999
      ],
      [
       -68.9898571,
       12.1354939
      ],
      [
       -68.991968,
       12.136336999999997
      ],
      [
       -68.9932584,
       12.135750199999999
      ],
      [
       -68.9938587,
       12.1362366
      ],
      [
       -68.9940285,
       12.1360806
      ],
      [
       -68.9966753,
       12.138576400000002
      ],
      [
       -68.9993099,
       12.1418939
      ],
      [
       -69.0000629,
       12.1435022
      ],
      [
       -68.9996968,
       12.145071600000001
      ],
      [
       -68.9998484,
       12.145694299999999
      ],
      [
       -68.9994001,
       12.1455542
      ],
      [
       -68.9990823,
       12.1457663
      ],
      [
       -68.9989633,
       12.1465898
      ],
      [
       -68.9991689,
       12.147397799999998
      ],
      [
       -68.998913,
       12.148293700000002
      ],
      [
       -68.999505,
       12.148576099999996
      ],
      [
       -69.0001139,
       12.1500523
      ],
      [
       -69.0006021,
       12.1505243
      ],
      [
       -69.000991,
       12.151394900000001
      ],
      [
       -69.0023991,
       12.152270599999998
      ],
      [
       -69.0028685,
       12.152970799999999
      ],
      [
       -69.00301870000001,
       12.1539226
      ],
      [
       -69.0034586,
       12.1548403
      ],
      [
       -69.0040353,
       12.1580707
      ],
      [
       -69.00448590000002,
       12.159187699999999
      ],
      [
       -69.0046559,
       12.1608276
      ],
      [
       -69.0066451,
       12.1622738
      ],
      [
       -69.0091851,
       12.164929899999999
      ],
      [
       -69.01184910000002,
       12.167042800000003
      ],
      [
       -69.0128651,
       12.1681287
      ],
      [
       -69.0143511,
       12.1709604
      ],
      [
       -69.0143967,
       12.171883299999998
      ],
      [
       -69.0161508,
       12.175338899999998
      ],
      [
       -69.0164003,
       12.1766656
      ],
      [
       -69.0170159,
       12.1781838
      ],
      [
       -69.0178677,
       12.178914399999996
      ],
      [
       -69.018992,
       12.179166600000002
      ],
      [
       -69.019872,
       12.179702199999998
      ],
      [
       -69.0195911,
       12.180650799999999
      ],
      [
       -69.0199998,
       12.180785700000001
      ],
      [
       -69.0198481,
       12.181069399999998
      ],
      [
       -69.0194768,
       12.181060099999998
      ],
      [
       -69.0189247,
       12.182214500000002
      ],
      [
       -69.0186533,
       12.184006699999998
      ],
      [
       -69.018944,
       12.186051199999998
      ],
      [
       -69.0196023,
       12.186115899999999
      ],
      [
       -69.0195644,
       12.186463099999996
      ],
      [
       -69.0193719,
       12.186239699999996
      ],
      [
       -69.0189816,
       12.186299699999998
      ],
      [
       -69.019349,
       12.187383999999998
      ],
      [
       -69.019608,
       12.187273900000001
      ],
      [
       -69.0199276,
       12.188077499999999
      ],
      [
       -69.0208797,
       12.189125699999998
      ],
      [
       -69.0237228,
       12.190936699999998
      ],
      [
       -69.0252848,
       12.193265100000001
      ],
      [
       -69.026649,
       12.1940768
      ],
      [
       -69.0265659,
       12.1944753
      ],
      [
       -69.0268555,
       12.194844999999997
      ],
      [
       -69.0287371,
       12.1956184
      ],
      [
       -69.0302418,
       12.1959356
      ],
      [
       -69.0314394,
       12.1970105
      ],
      [
       -69.0324439,
       12.197311999999998
      ],
      [
       -69.0332043,
       12.197859299999998
      ],
      [
       -69.0348445,
       12.198061799999998
      ],
      [
       -69.0369433,
       12.199042300000002
      ],
      [
       -69.0389577,
       12.199684599999998
      ],
      [
       -69.0396792,
       12.200269199999997
      ],
      [
       -69.0419591,
       12.201189399999999
      ],
      [
       -69.04402440000001,
       12.201087100000002
      ],
      [
       -69.0479726,
       12.1994119
      ],
      [
       -69.0501844,
       12.199458999999997
      ],
      [
       -69.0503764,
       12.199286099999998
      ],
      [
       -69.0505911,
       12.1975536
      ],
      [
       -69.0509847,
       12.196389099999998
      ],
      [
       -69.0557832,
       12.189273799999999
      ],
      [
       -69.05754,
       12.187926300000003
      ],
      [
       -69.0597609,
       12.1871764
      ],
      [
       -69.0610805,
       12.187268199999998
      ],
      [
       -69.0614614,
       12.187564499999997
      ],
      [
       -69.0644172,
       12.188437499999997
      ],
      [
       -69.0661097,
       12.189163699999998
      ],
      [
       -69.0674213,
       12.189127
      ],
      [
       -69.0685987,
       12.1894574
      ],
      [
       -69.0690279,
       12.1900787
      ],
      [
       -69.0709028,
       12.1916019
      ],
      [
       -69.0728661,
       12.192626999999998
      ],
      [
       -69.0740463,
       12.1928289
      ],
      [
       -69.0774018,
       12.194637899999996
      ],
      [
       -69.0783271,
       12.195940800000002
      ],
      [
       -69.0783593,
       12.197005199999998
      ],
      [
       -69.0786892,
       12.1976344
      ],
      [
       -69.0792713,
       12.198014600000002
      ],
      [
       -69.0790862,
       12.198161399999998
      ],
      [
       -69.0791398,
       12.198551999999998
      ],
      [
       -69.0803817,
       12.200814499999996
      ],
      [
       -69.0810549,
       12.201338800000002
      ],
      [
       -69.08130650000001,
       12.2018674
      ],
      [
       -69.0821493,
       12.2023167
      ],
      [
       -69.0850273,
       12.2032893
      ],
      [
       -69.0861753,
       12.2053761
      ],
      [
       -69.085813,
       12.210906699999999
      ],
      [
       -69.0855656,
       12.211299200000001
      ],
      [
       -69.0848157,
       12.211630799999998
      ],
      [
       -69.0847807,
       12.212043299999998
      ],
      [
       -69.0851523,
       12.2123446
      ],
      [
       -69.0849007,
       12.212368500000002
      ],
      [
       -69.0848731,
       12.212624099999998
      ],
      [
       -69.0862557,
       12.212766199999997
      ],
      [
       -69.086608,
       12.213244499999998
      ],
      [
       -69.0864891,
       12.215377199999999
      ],
      [
       -69.08550470000002,
       12.2172621
      ],
      [
       -69.085722,
       12.2185363
      ],
      [
       -69.0864569,
       12.219343499999999
      ],
      [
       -69.0879858,
       12.220213799999998
      ],
      [
       -69.0896219,
       12.220819399999998
      ],
      [
       -69.0899491,
       12.2212467
      ],
      [
       -69.0915853,
       12.221286000000001
      ],
      [
       -69.0925509,
       12.222098599999995
      ],
      [
       -69.0926582,
       12.224482799999997
      ],
      [
       -69.0916912,
       12.2258511
      ],
      [
       -69.09150080000002,
       12.226935099999999
      ],
      [
       -69.0925267,
       12.2281986
      ],
      [
       -69.0950882,
       12.229962699999998
      ],
      [
       -69.0947798,
       12.231257699999999
      ],
      [
       -69.0950078,
       12.2313678
      ],
      [
       -69.095129,
       12.2321876
      ],
      [
       -69.0959787,
       12.233084699999997
      ],
      [
       -69.0962552,
       12.2336249
      ],
      [
       -69.0961567,
       12.233935899999997
      ],
      [
       -69.0988272,
       12.235496299999998
      ],
      [
       -69.1009033,
       12.2355225
      ],
      [
       -69.1018488,
       12.235235499999995
      ],
      [
       -69.1037587,
       12.2351651
      ],
      [
       -69.1044315,
       12.235520699999999
      ],
      [
       -69.1046296,
       12.2359503
      ],
      [
       -69.1047965,
       12.2374179
      ],
      [
       -69.1053187,
       12.2390441
      ],
      [
       -69.1051391,
       12.240295
      ],
      [
       -69.1045672,
       12.2417008
      ],
      [
       -69.1044626,
       12.242870499999999
      ],
      [
       -69.1046236,
       12.243325199999996
      ],
      [
       -69.10430390000002,
       12.243799099999999
      ],
      [
       -69.1053128,
       12.2452866
      ],
      [
       -69.10666840000002,
       12.2463874
      ],
      [
       -69.106764,
       12.2468116
      ],
      [
       -69.1075773,
       12.247251600000002
      ],
      [
       -69.1080106,
       12.2477724
      ],
      [
       -69.1077543,
       12.248185
      ],
      [
       -69.1073011,
       12.248338299999999
      ],
      [
       -69.1070168,
       12.249164099999998
      ],
      [
       -69.1066044,
       12.249564999999997
      ],
      [
       -69.106479,
       12.250570999999999
      ],
      [
       -69.1065622,
       12.250758799999998
      ],
      [
       -69.1067677,
       12.250680400000002
      ],
      [
       -69.1066506,
       12.250849099999998
      ],
      [
       -69.106029,
       12.250840100000001
      ],
      [
       -69.1050982,
       12.251243699999998
      ],
      [
       -69.1047633,
       12.251646300000003
      ],
      [
       -69.1048224,
       12.2529228
      ],
      [
       -69.1045085,
       12.253431
      ],
      [
       -69.1038883,
       12.253575400000004
      ],
      [
       -69.10344,
       12.253422599999999
      ],
      [
       -69.1027902,
       12.253969399999999
      ],
      [
       -69.102703,
       12.2535901
      ],
      [
       -69.1025886,
       12.254114899999994
      ],
      [
       -69.1028158,
       12.2545691
      ],
      [
       -69.1031241,
       12.2549425
      ],
      [
       -69.1034295,
       12.2549719
      ],
      [
       -69.1034866,
       12.255442199999997
      ],
      [
       -69.1042468,
       12.25585
      ],
      [
       -69.1051077,
       12.2555097
      ],
      [
       -69.1054455,
       12.2539766
      ],
      [
       -69.1064914,
       12.2526242
      ],
      [
       -69.106703,
       12.252831
      ],
      [
       -69.1077016,
       12.2528892
      ],
      [
       -69.1081033,
       12.252573000000002
      ],
      [
       -69.1081927,
       12.251818
      ],
      [
       -69.107902,
       12.251287899999998
      ],
      [
       -69.1079759,
       12.250638299999999
      ],
      [
       -69.1070124,
       12.249854299999999
      ],
      [
       -69.10708430000001,
       12.2495593
      ],
      [
       -69.10730290000001,
       12.249889099999997
      ],
      [
       -69.1071026,
       12.2492087
      ],
      [
       -69.1073835,
       12.249184300000001
      ],
      [
       -69.1082193,
       12.249861699999999
      ],
      [
       -69.10923100000001,
       12.250085200000001
      ],
      [
       -69.109157,
       12.250243199999998
      ],
      [
       -69.1096619,
       12.2501971
      ],
      [
       -69.11136770000002,
       12.251435399999998
      ],
      [
       -69.1115464,
       12.2519797
      ],
      [
       -69.1150653,
       12.255024199999996
      ],
      [
       -69.1156592,
       12.255843899999999
      ],
      [
       -69.1182815,
       12.2577879
      ],
      [
       -69.1184637,
       12.258274299999997
      ],
      [
       -69.1193818,
       12.259011799999998
      ],
      [
       -69.1194363,
       12.259682599999996
      ],
      [
       -69.120647,
       12.260276800000002
      ],
      [
       -69.1224131,
       12.260206
      ],
      [
       -69.1237021,
       12.260947699999996
      ],
      [
       -69.1249748,
       12.2627043
      ],
      [
       -69.1256493,
       12.2652157
      ],
      [
       -69.1261107,
       12.2660849
      ],
      [
       -69.1268107,
       12.266910500000002
      ],
      [
       -69.1273391,
       12.267269599999999
      ],
      [
       -69.1279252,
       12.267338999999996
      ],
      [
       -69.1280148,
       12.267471599999999
      ],
      [
       -69.1276945,
       12.2677925
      ],
      [
       -69.1278461,
       12.2680375
      ],
      [
       -69.1284563,
       12.268122699999997
      ],
      [
       -69.1284549,
       12.2678121
      ],
      [
       -69.1287392,
       12.2679825
      ],
      [
       -69.12835650000001,
       12.2689239
      ],
      [
       -69.1281807,
       12.268763799999999
      ],
      [
       -69.1281818,
       12.2690791
      ],
      [
       -69.1276123,
       12.26911
      ],
      [
       -69.1273273,
       12.269957299999998
      ],
      [
       -69.1265747,
       12.270745
      ],
      [
       -69.1261348,
       12.270949399999997
      ],
      [
       -69.12490900000002,
       12.2707345
      ],
      [
       -69.1241782,
       12.2712428
      ],
      [
       -69.1241419,
       12.271829999999998
      ],
      [
       -69.1244121,
       12.272017499999999
      ],
      [
       -69.1240955,
       12.272048199999999
      ],
      [
       -69.1250831,
       12.2731712
      ],
      [
       -69.1246094,
       12.273068600000004
      ],
      [
       -69.124275,
       12.2733063
      ],
      [
       -69.1240328,
       12.273785199999999
      ],
      [
       -69.1244228,
       12.274431400000001
      ],
      [
       -69.1241248,
       12.274877499999999
      ],
      [
       -69.1231146,
       12.274983
      ],
      [
       -69.122539,
       12.274193099999996
      ],
      [
       -69.1222124,
       12.274165599999996
      ],
      [
       -69.1218221,
       12.275613699999996
      ],
      [
       -69.1207646,
       12.2762855
      ],
      [
       -69.1206629,
       12.276565599999998
      ],
      [
       -69.119124,
       12.276205599999999
      ],
      [
       -69.118701,
       12.276593400000001
      ],
      [
       -69.1185192,
       12.2768668
      ],
      [
       -69.1186019,
       12.277305699999998
      ],
      [
       -69.1180082,
       12.277485199999997
      ],
      [
       -69.1182867,
       12.2780992
      ],
      [
       -69.1193128,
       12.2779255
      ],
      [
       -69.1196015,
       12.278309
      ],
      [
       -69.1205867,
       12.278493499999998
      ],
      [
       -69.1212833,
       12.2792182
      ],
      [
       -69.1219598,
       12.2795346
      ],
      [
       -69.1223576,
       12.2801283
      ],
      [
       -69.1233423,
       12.279416699999999
      ],
      [
       -69.1232978,
       12.2780884
      ],
      [
       -69.123871,
       12.278018
      ],
      [
       -69.1239711,
       12.277163700000001
      ],
      [
       -69.1243482,
       12.276954999999997
      ],
      [
       -69.1243241,
       12.276549599999997
      ],
      [
       -69.1251014,
       12.2765195
      ],
      [
       -69.1258639,
       12.2783823
      ],
      [
       -69.1257988,
       12.279337700000001
      ],
      [
       -69.126912,
       12.280289400000001
      ],
      [
       -69.1266038,
       12.280864800000002
      ],
      [
       -69.125733,
       12.280342200000002
      ],
      [
       -69.1257534,
       12.280906400000001
      ],
      [
       -69.1265065,
       12.281666699999999
      ],
      [
       -69.1271962,
       12.2805588
      ],
      [
       -69.1271085,
       12.2801644
      ],
      [
       -69.126465,
       12.279778499999999
      ],
      [
       -69.1263427,
       12.2793112
      ],
      [
       -69.1267341,
       12.279284499999997
      ],
      [
       -69.1273319,
       12.278388999999997
      ],
      [
       -69.1282341,
       12.2786491
      ],
      [
       -69.1274237,
       12.278340799999999
      ],
      [
       -69.1273949,
       12.277788199999996
      ],
      [
       -69.1278802,
       12.277509099999994
      ],
      [
       -69.1284013,
       12.277556699999998
      ],
      [
       -69.1286062,
       12.276542499999998
      ],
      [
       -69.127834,
       12.2760084
      ],
      [
       -69.12684,
       12.2762291
      ],
      [
       -69.1266657,
       12.275885999999998
      ],
      [
       -69.1262193,
       12.275856399999999
      ],
      [
       -69.1262792,
       12.2756795
      ],
      [
       -69.1267003,
       12.275799999999998
      ],
      [
       -69.1268888,
       12.275609000000001
      ],
      [
       -69.1269755,
       12.274832900000002
      ],
      [
       -69.1272482,
       12.274648100000002
      ],
      [
       -69.1264798,
       12.272616199999998
      ],
      [
       -69.1261322,
       12.2723389
      ],
      [
       -69.1280234,
       12.271896499999999
      ],
      [
       -69.1281728,
       12.271175999999999
      ],
      [
       -69.1292829,
       12.269443100000002
      ],
      [
       -69.1286894,
       12.2688277
      ],
      [
       -69.1289527,
       12.2684217
      ],
      [
       -69.1313919,
       12.268656099999998
      ],
      [
       -69.1348654,
       12.2686508
      ],
      [
       -69.1357672,
       12.268286900000001
      ],
      [
       -69.1361565,
       12.268782499999999
      ],
      [
       -69.1378337,
       12.269352999999999
      ],
      [
       -69.1390952,
       12.270081900000001
      ],
      [
       -69.1395164,
       12.270645399999996
      ],
      [
       -69.1401601,
       12.272579600000002
      ],
      [
       -69.1411364,
       12.274686799999998
      ],
      [
       -69.1414824,
       12.2750118
      ],
      [
       -69.1418901,
       12.276558099999999
      ],
      [
       -69.1423032,
       12.2769303
      ],
      [
       -69.1429231,
       12.278122499999998
      ],
      [
       -69.1444763,
       12.2795335
      ],
      [
       -69.1447037,
       12.2804658
      ],
      [
       -69.1461682,
       12.281239000000001
      ],
      [
       -69.148601,
       12.281558699999996
      ],
      [
       -69.1496927,
       12.2823633
      ],
      [
       -69.1510794,
       12.285395599999998
      ],
      [
       -69.151192,
       12.287023100000003
      ],
      [
       -69.1516078,
       12.287992799999998
      ],
      [
       -69.1530749,
       12.2893424
      ],
      [
       -69.1542336,
       12.2909988
      ],
      [
       -69.1544187,
       12.2916435
      ],
      [
       -69.1554219,
       12.292826099999996
      ],
      [
       -69.15625330000002,
       12.2949665
      ],
      [
       -69.1564518,
       12.2961275
      ],
      [
       -69.1558215,
       12.2970971
      ],
      [
       -69.1553146,
       12.2973382
      ],
      [
       -69.1549616,
       12.2982829
      ],
      [
       -69.1538668,
       12.2993213
      ],
      [
       -69.1538394,
       12.299654900000002
      ],
      [
       -69.1535014,
       12.299950999999998
      ],
      [
       -69.1531281,
       12.299929799999996
      ],
      [
       -69.1533297,
       12.3000637
      ],
      [
       -69.1533378,
       12.3004751
      ],
      [
       -69.1521791,
       12.3015339
      ],
      [
       -69.1502345,
       12.302954299999998
      ],
      [
       -69.1496716,
       12.3030797
      ],
      [
       -69.1493614,
       12.3028137
      ],
      [
       -69.1487564,
       12.303051800000002
      ],
      [
       -69.1488693,
       12.303981599999998
      ],
      [
       -69.1484669,
       12.305181799999996
      ],
      [
       -69.1471151,
       12.3054744
      ],
      [
       -69.145758,
       12.305214299999994
      ],
      [
       -69.1455115,
       12.306203200000002
      ],
      [
       -69.1457455,
       12.3068133
      ],
      [
       -69.1451872,
       12.3072147
      ],
      [
       -69.1453265,
       12.307341800000001
      ],
      [
       -69.1457446,
       12.307162599999996
      ],
      [
       -69.1461369,
       12.3065021
      ],
      [
       -69.1469446,
       12.307216400000001
      ],
      [
       -69.1480253,
       12.3074518
      ],
      [
       -69.1480062,
       12.307908399999999
      ],
      [
       -69.1488987,
       12.3099959
      ],
      [
       -69.1487906,
       12.310757699999998
      ],
      [
       -69.1491306,
       12.311761400000002
      ],
      [
       -69.1504234,
       12.313347299999998
      ],
      [
       -69.1513334,
       12.3149941
      ],
      [
       -69.1516991,
       12.3176919
      ],
      [
       -69.1509154,
       12.3178932
      ],
      [
       -69.1506059,
       12.318203099999996
      ],
      [
       -69.1507233,
       12.318441
      ],
      [
       -69.1513556,
       12.318286
      ],
      [
       -69.15170950000001,
       12.318512399999998
      ],
      [
       -69.151598,
       12.320916799999997
      ],
      [
       -69.1517774,
       12.3225671
      ],
      [
       -69.1515532,
       12.324090299999998
      ],
      [
       -69.1517097,
       12.324936300000001
      ],
      [
       -69.15149,
       12.326101999999999
      ],
      [
       -69.1512274,
       12.3264151
      ],
      [
       -69.1510324,
       12.3280278
      ],
      [
       -69.1502684,
       12.3283413
      ],
      [
       -69.1503421,
       12.329195400000001
      ],
      [
       -69.1511633,
       12.329300100000001
      ],
      [
       -69.1515058,
       12.3308355
      ],
      [
       -69.1529218,
       12.3320909
      ],
      [
       -69.1539735,
       12.334530700000004
      ],
      [
       -69.1544482,
       12.336419899999996
      ],
      [
       -69.1542739,
       12.3373816
      ],
      [
       -69.1543597,
       12.339386099999999
      ],
      [
       -69.1536794,
       12.3405017
      ],
      [
       -69.1528331,
       12.340753699999999
      ],
      [
       -69.152514,
       12.341575299999997
      ],
      [
       -69.1534025,
       12.342911700000002
      ],
      [
       -69.1540734,
       12.3446573
      ],
      [
       -69.1537896,
       12.3451866
      ],
      [
       -69.1542769,
       12.345455399999999
      ],
      [
       -69.1548305,
       12.3463978
      ],
      [
       -69.154811,
       12.347350799999997
      ],
      [
       -69.1532312,
       12.350185800000002
      ],
      [
       -69.1518426,
       12.351242200000003
      ],
      [
       -69.1516348,
       12.352461299999996
      ],
      [
       -69.15296,
       12.353204399999997
      ],
      [
       -69.153724,
       12.3550835
      ],
      [
       -69.153738,
       12.355745700000002
      ],
      [
       -69.1548151,
       12.3581196
      ],
      [
       -69.1558102,
       12.359346099999998
      ],
      [
       -69.1571308,
       12.361714800000001
      ],
      [
       -69.1569105,
       12.361916599999999
      ],
      [
       -69.1569816,
       12.3626699
      ],
      [
       -69.1565175,
       12.3635594
      ],
      [
       -69.1558537,
       12.3640388
      ],
      [
       -69.1542095,
       12.366126999999999
      ],
      [
       -69.1536757,
       12.366283
      ],
      [
       -69.1538756,
       12.3690181
      ],
      [
       -69.1541706,
       12.369992700000001
      ],
      [
       -69.1546837,
       12.3702124
      ],
      [
       -69.15530650000001,
       12.370862499999996
      ],
      [
       -69.15577,
       12.3719693
      ],
      [
       -69.1563217,
       12.3724345
      ],
      [
       -69.1567269,
       12.373827399999998
      ],
      [
       -69.1575171,
       12.3750783
      ],
      [
       -69.1581769,
       12.3758873
      ],
      [
       -69.1592923,
       12.376494
      ],
      [
       -69.1597241,
       12.377128
      ],
      [
       -69.1602874,
       12.3773427
      ],
      [
       -69.1613106,
       12.378803399999997
      ],
      [
       -69.1619283,
       12.3791321
      ]
     ]
    ]
   }
  },
  {
   "type": "Feature",
   "id": "ring_1",
   "properties": {
    "name": "islet or second ring",
    "area_m2": 33924
   },
   "geometry": {
    "type": "Polygon",
    "coordinates": [
     [
      [
       -68.84565910000002,
       12.080614299999999
      ],
      [
       -68.8456115,
       12.080634199999999
      ],
      [
       -68.8455269,
       12.080600199999997
      ],
      [
       -68.8454422,
       12.080579199999999
      ],
      [
       -68.8453408,
       12.0805231
      ],
      [
       -68.8452764,
       12.0804567
      ],
      [
       -68.8452281,
       12.0803501
      ],
      [
       -68.8451887,
       12.080263199999996
      ],
      [
       -68.8451318,
       12.080205099999999
      ],
      [
       -68.8450907,
       12.080144499999996
      ],
      [
       -68.8449636,
       12.0799972
      ],
      [
       -68.8449609,
       12.079940399999998
      ],
      [
       -68.8449695,
       12.079819899999999
      ],
      [
       -68.84497230000001,
       12.079730599999998
      ],
      [
       -68.8449732,
       12.0796999
      ],
      [
       -68.8449545,
       12.0796149
      ],
      [
       -68.844883,
       12.079487799999999
      ],
      [
       -68.8448631,
       12.079435899999998
      ],
      [
       -68.84486700000001,
       12.079341299999998
      ],
      [
       -68.8448832,
       12.0792314
      ],
      [
       -68.8448952,
       12.079171199999998
      ],
      [
       -68.8449073,
       12.079126599999999
      ],
      [
       -68.8449552,
       12.0790542
      ],
      [
       -68.8449992,
       12.0789688
      ],
      [
       -68.8450645,
       12.0789352
      ],
      [
       -68.8450826,
       12.0788783
      ],
      [
       -68.8451445,
       12.0788525
      ],
      [
       -68.8451615,
       12.078803300000002
      ],
      [
       -68.8451685,
       12.0787762
      ],
      [
       -68.845165,
       12.078749199999999
      ],
      [
       -68.8451552,
       12.078695
      ],
      [
       -68.8451595,
       12.0785893
      ],
      [
       -68.8451527,
       12.078550399999997
      ],
      [
       -68.845177,
       12.0785167
      ],
      [
       -68.8451988,
       12.0784752
      ],
      [
       -68.8452008,
       12.078427800000002
      ],
      [
       -68.8452012,
       12.0784182
      ],
      [
       -68.8452221,
       12.0783663
      ],
      [
       -68.845238,
       12.078346899999996
      ],
      [
       -68.8452525,
       12.078329299999998
      ],
      [
       -68.8452828,
       12.078250999999996
      ],
      [
       -68.8452911,
       12.078224
      ],
      [
       -68.8452755,
       12.0781944
      ],
      [
       -68.8453076,
       12.0781583
      ],
      [
       -68.8453304,
       12.078116999999997
      ],
      [
       -68.845376,
       12.078100500000001
      ],
      [
       -68.8454021,
       12.078065099999998
      ],
      [
       -68.8454322,
       12.078033499999998
      ],
      [
       -68.8454322,
       12.0779744
      ],
      [
       -68.8454216,
       12.077955200000002
      ],
      [
       -68.8454276,
       12.077932099999998
      ],
      [
       -68.8454441,
       12.077918499999996
      ],
      [
       -68.8454838,
       12.077859699999998
      ],
      [
       -68.8455247,
       12.0778209
      ],
      [
       -68.8455973,
       12.077774399999997
      ],
      [
       -68.8456486,
       12.077687799999996
      ],
      [
       -68.8456497,
       12.077656899999997
      ],
      [
       -68.845664,
       12.077633899999997
      ],
      [
       -68.8457028,
       12.077611999999998
      ],
      [
       -68.8457381,
       12.077614
      ],
      [
       -68.8457973,
       12.077592699999999
      ],
      [
       -68.8458314,
       12.077613599999996
      ],
      [
       -68.8459447,
       12.0775821
      ],
      [
       -68.8459789,
       12.077597299999999
      ],
      [
       -68.8459921,
       12.077621899999999
      ],
      [
       -68.8460058,
       12.077622899999996
      ],
      [
       -68.8460225,
       12.077599799999996
      ],
      [
       -68.8460792,
       12.0776139
      ],
      [
       -68.8461393,
       12.0776274
      ],
      [
       -68.846173,
       12.077661699999998
      ],
      [
       -68.8461742,
       12.0777172
      ],
      [
       -68.846192,
       12.0777605
      ],
      [
       -68.8462204,
       12.0777753
      ],
      [
       -68.8462342,
       12.077808199999996
      ],
      [
       -68.8462268,
       12.0778218
      ],
      [
       -68.846232,
       12.0778701
      ],
      [
       -68.846261,
       12.0778826
      ],
      [
       -68.8462794,
       12.0779315
      ],
      [
       -68.8462801,
       12.077988300000001
      ],
      [
       -68.8462887,
       12.078045099999997
      ],
      [
       -68.8462786,
       12.078087600000002
      ],
      [
       -68.8462562,
       12.0780963
      ],
      [
       -68.846263,
       12.0781489
      ],
      [
       -68.8462553,
       12.0781689
      ],
      [
       -68.8462237,
       12.078230599999998
      ],
      [
       -68.8461933,
       12.0782084
      ],
      [
       -68.8461702,
       12.078220599999998
      ],
      [
       -68.8461516,
       12.0782521
      ],
      [
       -68.8461462,
       12.078283699999998
      ],
      [
       -68.8461632,
       12.078332699999999
      ],
      [
       -68.846151,
       12.078377599999998
      ],
      [
       -68.846088,
       12.0783797
      ],
      [
       -68.8460605,
       12.078402799999997
      ],
      [
       -68.8460541,
       12.078425899999997
      ],
      [
       -68.84598980000001,
       12.078462899999998
      ],
      [
       -68.8459678,
       12.078500000000002
      ],
      [
       -68.8459341,
       12.078586
      ],
      [
       -68.8458762,
       12.0786445
      ],
      [
       -68.8458367,
       12.078649200000001
      ],
      [
       -68.8457813,
       12.078700399999999
      ],
      [
       -68.8457984,
       12.078726499999998
      ],
      [
       -68.8457878,
       12.078747499999999
      ],
      [
       -68.8457556,
       12.0787433
      ],
      [
       -68.8457392,
       12.078790099999997
      ],
      [
       -68.8457304,
       12.078829
      ],
      [
       -68.8457731,
       12.078869100000002
      ],
      [
       -68.84583390000002,
       12.0789283
      ],
      [
       -68.8459198,
       12.0789809
      ],
      [
       -68.84594480000001,
       12.079078
      ],
      [
       -68.8459962,
       12.079201
      ],
      [
       -68.84600670000002,
       12.0793053
      ],
      [
       -68.8459881,
       12.0793953
      ],
      [
       -68.8458999,
       12.079533000000001
      ],
      [
       -68.8458574,
       12.0795321
      ],
      [
       -68.8458453,
       12.079553399999996
      ],
      [
       -68.845873,
       12.0795766
      ],
      [
       -68.84581700000001,
       12.079648599999999
      ],
      [
       -68.8458168,
       12.079724599999999
      ],
      [
       -68.8458325,
       12.0798031
      ],
      [
       -68.84596970000001,
       12.0798257
      ],
      [
       -68.8460513,
       12.0798249
      ],
      [
       -68.8461302,
       12.079839499999999
      ],
      [
       -68.8461467,
       12.079867999999998
      ],
      [
       -68.846203,
       12.0799041
      ],
      [
       -68.8462624,
       12.0798812
      ],
      [
       -68.8462775,
       12.0798607
      ],
      [
       -68.8463111,
       12.079850499999997
      ],
      [
       -68.8463505,
       12.0798799
      ],
      [
       -68.8463448,
       12.0799132
      ],
      [
       -68.8464109,
       12.0799443
      ],
      [
       -68.8464201,
       12.080014899999998
      ],
      [
       -68.8464399,
       12.080046699999999
      ],
      [
       -68.8463535,
       12.080101399999995
      ],
      [
       -68.8463257,
       12.080091499999996
      ],
      [
       -68.8462873,
       12.080117
      ],
      [
       -68.8462807,
       12.0801424
      ],
      [
       -68.8462374,
       12.080197399999998
      ],
      [
       -68.8462589,
       12.0802588
      ],
      [
       -68.8462469,
       12.0802974
      ],
      [
       -68.8462956,
       12.0802921
      ],
      [
       -68.8463245,
       12.080342399999996
      ],
      [
       -68.8463177,
       12.0803991
      ],
      [
       -68.8463207,
       12.080496799999997
      ],
      [
       -68.8462997,
       12.080568999999997
      ],
      [
       -68.8463263,
       12.080619199999997
      ],
      [
       -68.8462644,
       12.080697300000004
      ],
      [
       -68.8462192,
       12.080682699999999
      ],
      [
       -68.8461856,
       12.080688899999998
      ],
      [
       -68.8461414,
       12.080664100000002
      ],
      [
       -68.8460802,
       12.080695299999999
      ],
      [
       -68.8460113,
       12.080664299999999
      ],
      [
       -68.8459682,
       12.080639799999998
      ],
      [
       -68.8459212,
       12.080641099999998
      ],
      [
       -68.8459116,
       12.0805769
      ],
      [
       -68.8458394,
       12.0805629
      ],
      [
       -68.8457646,
       12.080553999999998
      ],
      [
       -68.8456995,
       12.0805797
      ],
      [
       -68.84565910000002,
       12.080614299999999
      ]
     ]
    ]
   }
  },
  {
   "type": "Feature",
   "id": "ring_2",
   "properties": {
    "name": "islet or second ring",
    "area_m2": 13163
   },
   "geometry": {
    "type": "Polygon",
    "coordinates": [
     [
      [
       -68.814967,
       12.1168916
      ],
      [
       -68.81519,
       12.116719599999996
      ],
      [
       -68.81524670000002,
       12.1167519
      ],
      [
       -68.8152561,
       12.116771499999999
      ],
      [
       -68.8152775,
       12.1168292
      ],
      [
       -68.8153312,
       12.116928900000001
      ],
      [
       -68.8154022,
       12.116990499999998
      ],
      [
       -68.8155337,
       12.1170574
      ],
      [
       -68.8156034,
       12.1171138
      ],
      [
       -68.8155726,
       12.117233100000002
      ],
      [
       -68.815527,
       12.117290800000001
      ],
      [
       -68.8154398,
       12.117353699999997
      ],
      [
       -68.8153553,
       12.1174062
      ],
      [
       -68.8152802,
       12.1174914
      ],
      [
       -68.8152346,
       12.117531999999997
      ],
      [
       -68.8152172,
       12.117555599999998
      ],
      [
       -68.8152064,
       12.117602899999996
      ],
      [
       -68.8151917,
       12.117667099999998
      ],
      [
       -68.81516350000001,
       12.117719600000001
      ],
      [
       -68.8151059,
       12.1178441
      ],
      [
       -68.8149861,
       12.117944199999997
      ],
      [
       -68.8148018,
       12.118059800000001
      ],
      [
       -68.8145858,
       12.118055900000002
      ],
      [
       -68.8144396,
       12.117870200000002
      ],
      [
       -68.814259,
       12.117668599999998
      ],
      [
       -68.8142194,
       12.1172522
      ],
      [
       -68.8143776,
       12.117064200000003
      ],
      [
       -68.8146599,
       12.116986699999996
      ],
      [
       -68.814967,
       12.1168916
      ]
     ]
    ]
   }
  },
  {
   "type": "Feature",
   "id": "ring_3",
   "properties": {
    "name": "islet or second ring",
    "area_m2": 4219
   },
   "geometry": {
    "type": "Polygon",
    "coordinates": [
     [
      [
       -68.8558976,
       12.0774987
      ],
      [
       -68.8559304,
       12.077450200000001
      ],
      [
       -68.8559961,
       12.077393099999998
      ],
      [
       -68.8559881,
       12.0773669
      ],
      [
       -68.8559405,
       12.077370199999999
      ],
      [
       -68.8558828,
       12.077397
      ],
      [
       -68.8557266,
       12.0773125
      ],
      [
       -68.8556508,
       12.0772954
      ],
      [
       -68.855575,
       12.077217399999999
      ],
      [
       -68.855396,
       12.077120999999998
      ],
      [
       -68.8553584,
       12.0769761
      ],
      [
       -68.8554396,
       12.077002999999998
      ],
      [
       -68.85554350000001,
       12.0769991
      ],
      [
       -68.8556474,
       12.076971500000003
      ],
      [
       -68.8556863,
       12.076924299999998
      ],
      [
       -68.8559036,
       12.076866599999999
      ],
      [
       -68.8561175,
       12.076955100000001
      ],
      [
       -68.8561651,
       12.076970899999997
      ],
      [
       -68.8561893,
       12.0770305
      ],
      [
       -68.8561752,
       12.0770889
      ],
      [
       -68.8561537,
       12.077126299999996
      ],
      [
       -68.8561175,
       12.0771328
      ],
      [
       -68.8561229,
       12.077153799999996
      ],
      [
       -68.8561644,
       12.077173499999999
      ],
      [
       -68.8561859,
       12.077238999999999
      ],
      [
       -68.8562053,
       12.0774325
      ],
      [
       -68.8562013,
       12.077589200000002
      ],
      [
       -68.8561946,
       12.0776174
      ],
      [
       -68.856145,
       12.0776876
      ],
      [
       -68.8561316,
       12.0777039
      ],
      [
       -68.8561383,
       12.077717699999997
      ],
      [
       -68.8561296,
       12.0777262
      ],
      [
       -68.8561048,
       12.077707899999998
      ],
      [
       -68.8561054,
       12.0776803
      ],
      [
       -68.8560887,
       12.077625899999997
      ],
      [
       -68.856041,
       12.077563
      ],
      [
       -68.85597,
       12.077550499999997
      ],
      [
       -68.8559224,
       12.077532099999999
      ],
      [
       -68.8558976,
       12.0774987
      ]
     ]
    ]
   }
  },
  {
   "type": "Feature",
   "id": "ring_4",
   "properties": {
    "name": "islet or second ring",
    "area_m2": 4739
   },
   "geometry": {
    "type": "Polygon",
    "coordinates": [
     [
      [
       -68.8431256,
       12.0767158
      ],
      [
       -68.8430853,
       12.076913799999998
      ],
      [
       -68.8428359,
       12.077197099999998
      ],
      [
       -68.8427071,
       12.0772207
      ],
      [
       -68.8425247,
       12.077339999999998
      ],
      [
       -68.8424148,
       12.0773243
      ],
      [
       -68.8423021,
       12.077038399999994
      ],
      [
       -68.8423491,
       12.0768955
      ],
      [
       -68.842734,
       12.0765886
      ],
      [
       -68.8429928,
       12.076593799999998
      ],
      [
       -68.8431256,
       12.0767158
      ]
     ]
    ]
   }
  },
  {
   "type": "Feature",
   "id": "ring_5",
   "properties": {
    "name": "islet or second ring",
    "area_m2": 3734
   },
   "geometry": {
    "type": "Polygon",
    "coordinates": [
     [
      [
       -68.8464882,
       12.081885799999998
      ],
      [
       -68.846523,
       12.0819156
      ],
      [
       -68.8465317,
       12.081960899999999
      ],
      [
       -68.84651140000001,
       12.081995
      ],
      [
       -68.8464244,
       12.0820006
      ],
      [
       -68.8462751,
       12.081972299999999
      ],
      [
       -68.846133,
       12.081909899999998
      ],
      [
       -68.8460649,
       12.081780900000002
      ],
      [
       -68.8460504,
       12.0816987
      ],
      [
       -68.8461374,
       12.081562599999994
      ],
      [
       -68.84613450000002,
       12.0815102
      ],
      [
       -68.8462244,
       12.081378299999999
      ],
      [
       -68.8463345,
       12.081361299999996
      ],
      [
       -68.8464099,
       12.081384000000003
      ],
      [
       -68.8464592,
       12.08135
      ],
      [
       -68.8464737,
       12.081301799999999
      ],
      [
       -68.8465578,
       12.0812763
      ],
      [
       -68.8466796,
       12.081303199999999
      ],
      [
       -68.8467477,
       12.081361299999998
      ],
      [
       -68.8467521,
       12.081467599999996
      ],
      [
       -68.8466868,
       12.081586700000003
      ],
      [
       -68.8466143,
       12.081596599999997
      ],
      [
       -68.8465419,
       12.081654699999998
      ],
      [
       -68.8465056,
       12.0817398
      ],
      [
       -68.8465056,
       12.0818206
      ],
      [
       -68.8464882,
       12.081885799999998
      ]
     ]
    ]
   }
  },
  {
   "type": "Feature",
   "id": "ring_6",
   "properties": {
    "name": "islet or second ring",
    "area_m2": 2813
   },
   "geometry": {
    "type": "Polygon",
    "coordinates": [
     [
      [
       -68.8458424,
       12.082993
      ],
      [
       -68.8459072,
       12.082962600000002
      ],
      [
       -68.8459883,
       12.082969199999999
      ],
      [
       -68.8461936,
       12.083131699999997
      ],
      [
       -68.84629360000001,
       12.083213600000004
      ],
      [
       -68.8463058,
       12.083302200000002
      ],
      [
       -68.8464571,
       12.083461999999999
      ],
      [
       -68.8464814,
       12.083570399999997
      ],
      [
       -68.8464598,
       12.083604700000002
      ],
      [
       -68.8464058,
       12.083635099999999
      ],
      [
       -68.8462572,
       12.083616600000001
      ],
      [
       -68.8460018,
       12.083471299999998
      ],
      [
       -68.845864,
       12.0832269
      ],
      [
       -68.8458302,
       12.083059099999998
      ],
      [
       -68.8458424,
       12.082993
      ]
     ]
    ]
   }
  },
  {
   "type": "Feature",
   "id": "ring_7",
   "properties": {
    "name": "islet or second ring",
    "area_m2": 3145
   },
   "geometry": {
    "type": "Polygon",
    "coordinates": [
     [
      [
       -68.81570120000002,
       12.123540600000004
      ],
      [
       -68.81557980000001,
       12.123556399999998
      ],
      [
       -68.8155276,
       12.1235341
      ],
      [
       -68.815445,
       12.1234358
      ],
      [
       -68.815408,
       12.123318
      ],
      [
       -68.8154792,
       12.123154700000002
      ],
      [
       -68.8155446,
       12.123103699999998
      ],
      [
       -68.81564050000001,
       12.123047999999999
      ],
      [
       -68.8157904,
       12.123054499999999
      ],
      [
       -68.8159271,
       12.123136099999998
      ],
      [
       -68.8160457,
       12.123134299999998
      ],
      [
       -68.8161368,
       12.1231658
      ],
      [
       -68.8161918,
       12.1232577
      ],
      [
       -68.81618100000001,
       12.1233017
      ],
      [
       -68.8160892,
       12.123336600000002
      ],
      [
       -68.8159261,
       12.123445099999998
      ],
      [
       -68.81570120000002,
       12.123540600000004
      ]
     ]
    ]
   }
  },
  {
   "type": "Feature",
   "id": "ring_8",
   "properties": {
    "name": "islet or second ring",
    "area_m2": 1419
   },
   "geometry": {
    "type": "Polygon",
    "coordinates": [
     [
      [
       -68.8438462,
       12.0743342
      ],
      [
       -68.8438584,
       12.074298499999998
      ],
      [
       -68.8438975,
       12.074290599999998
      ],
      [
       -68.8439475,
       12.074336799999998
      ],
      [
       -68.8440529,
       12.0745707
      ],
      [
       -68.8441826,
       12.074725199999998
      ],
      [
       -68.8443205,
       12.0747794
      ],
      [
       -68.8444002,
       12.074869299999996
      ],
      [
       -68.8443975,
       12.074910200000001
      ],
      [
       -68.8443758,
       12.0749208
      ],
      [
       -68.8442083,
       12.074894399999998
      ],
      [
       -68.8439516,
       12.074735800000003
      ],
      [
       -68.8438394,
       12.0745046
      ],
      [
       -68.8438462,
       12.0743342
      ]
     ]
    ]
   }
  },
  {
   "type": "Feature",
   "id": "ring_9",
   "properties": {
    "name": "islet or second ring",
    "area_m2": 1598
   },
   "geometry": {
    "type": "Polygon",
    "coordinates": [
     [
      [
       -68.8431288,
       12.074223200000002
      ],
      [
       -68.8430788,
       12.074211300000002
      ],
      [
       -68.8428112,
       12.074026299999996
      ],
      [
       -68.8426991,
       12.0739457
      ],
      [
       -68.842695,
       12.0738797
      ],
      [
       -68.8427153,
       12.073844
      ],
      [
       -68.8427937,
       12.0738704
      ],
      [
       -68.842918,
       12.073891499999998
      ],
      [
       -68.8430774,
       12.073861200000001
      ],
      [
       -68.8431896,
       12.073940399999998
      ],
      [
       -68.843226,
       12.074027599999997
      ],
      [
       -68.8432868,
       12.074056699999998
      ],
      [
       -68.843326,
       12.074147899999998
      ],
      [
       -68.8432504,
       12.074195399999999
      ],
      [
       -68.8431288,
       12.074223200000002
      ]
     ]
    ]
   }
  },
  {
   "type": "Feature",
   "id": "ring_10",
   "properties": {
    "name": "islet or second ring",
    "area_m2": 1392
   },
   "geometry": {
    "type": "Polygon",
    "coordinates": [
     [
      [
       -68.8449503,
       12.075079200000003
      ],
      [
       -68.8446585,
       12.0750594
      ],
      [
       -68.8446207,
       12.074940500000004
      ],
      [
       -68.8448801,
       12.074889000000002
      ],
      [
       -68.8451881,
       12.074889000000002
      ],
      [
       -68.845334,
       12.0750317
      ],
      [
       -68.8452043,
       12.0751109
      ],
      [
       -68.8449503,
       12.075079200000003
      ]
     ]
    ]
   }
  },
  {
   "type": "Feature",
   "id": "ring_11",
   "properties": {
    "name": "islet or second ring",
    "area_m2": 1076
   },
   "geometry": {
    "type": "Polygon",
    "coordinates": [
     [
      [
       -68.8566504,
       12.078518399999998
      ],
      [
       -68.8566279,
       12.078500999999996
      ],
      [
       -68.8566365,
       12.0784829
      ],
      [
       -68.8566775,
       12.078452500000001
      ],
      [
       -68.8566808,
       12.078427299999998
      ],
      [
       -68.8566709,
       12.078399499999998
      ],
      [
       -68.8566524,
       12.078384600000001
      ],
      [
       -68.8566398,
       12.0783607
      ],
      [
       -68.8566425,
       12.078348999999998
      ],
      [
       -68.8566729,
       12.078348999999998
      ],
      [
       -68.8567318,
       12.078344499999998
      ],
      [
       -68.8567979,
       12.0783464
      ],
      [
       -68.8569288,
       12.078433099999998
      ],
      [
       -68.85703520000001,
       12.0785074
      ],
      [
       -68.8571007,
       12.078585700000001
      ],
      [
       -68.8571067,
       12.078645200000002
      ],
      [
       -68.8570862,
       12.078675499999997
      ],
      [
       -68.8570743,
       12.078680099999998
      ],
      [
       -68.8570478,
       12.0786626
      ],
      [
       -68.8570088,
       12.0786465
      ],
      [
       -68.8569407,
       12.078663900000002
      ],
      [
       -68.8568772,
       12.078652299999996
      ],
      [
       -68.8568091,
       12.078600499999999
      ],
      [
       -68.8567013,
       12.078536500000002
      ],
      [
       -68.8566504,
       12.078518399999998
      ]
     ]
    ]
   }
  },
  {
   "type": "Feature",
   "id": "ring_12",
   "properties": {
    "name": "islet or second ring",
    "area_m2": 575
   },
   "geometry": {
    "type": "Polygon",
    "coordinates": [
     [
      [
       -68.8573848,
       12.079936699999998
      ],
      [
       -68.8574285,
       12.079994300000001
      ],
      [
       -68.8574417,
       12.080114499999997
      ],
      [
       -68.8574172,
       12.080202499999999
      ],
      [
       -68.8573981,
       12.080230899999998
      ],
      [
       -68.8573511,
       12.0802548
      ],
      [
       -68.8573095,
       12.0802522
      ],
      [
       -68.8572797,
       12.080225099999998
      ],
      [
       -68.8572678,
       12.080189499999998
      ],
      [
       -68.8572863,
       12.080128099999998
      ],
      [
       -68.8572658,
       12.080060899999998
      ],
      [
       -68.8572665,
       12.0799774
      ],
      [
       -68.8572923,
       12.079924400000001
      ],
      [
       -68.8573167,
       12.079910899999998
      ],
      [
       -68.8573848,
       12.079936699999998
      ]
     ]
    ]
   }
  },
  {
   "type": "Feature",
   "id": "ring_13",
   "properties": {
    "name": "islet or second ring",
    "area_m2": 398
   },
   "geometry": {
    "type": "Polygon",
    "coordinates": [
     [
      [
       -68.857379,
       12.079411199999997
      ],
      [
       -68.8574264,
       12.079452699999996
      ],
      [
       -68.8574324,
       12.079517999999998
      ],
      [
       -68.8574191,
       12.079597499999998
      ],
      [
       -68.8573938,
       12.079658000000002
      ],
      [
       -68.8573737,
       12.079702299999997
      ],
      [
       -68.8573284,
       12.079712799999996
      ],
      [
       -68.8572905,
       12.0796845
      ],
      [
       -68.8572779,
       12.079641500000001
      ],
      [
       -68.857283,
       12.079598500000001
      ],
      [
       -68.8573092,
       12.0795738
      ],
      [
       -68.8573153,
       12.079561999999997
      ],
      [
       -68.8573059,
       12.079540899999998
      ],
      [
       -68.8572858,
       12.0795268
      ],
      [
       -68.8572999,
       12.079470499999998
      ],
      [
       -68.857341,
       12.0794248
      ],
      [
       -68.857379,
       12.079411199999997
      ]
     ]
    ]
   }
  },
  {
   "type": "Feature",
   "id": "ring_14",
   "properties": {
    "name": "islet or second ring",
    "area_m2": 176
   },
   "geometry": {
    "type": "Polygon",
    "coordinates": [
     [
      [
       -69.1479195,
       12.305418
      ],
      [
       -69.1479316,
       12.305363799999999
      ],
      [
       -69.1480081,
       12.305369399999996
      ],
      [
       -69.1480847,
       12.305464699999998
      ],
      [
       -69.148077,
       12.3054909
      ],
      [
       -69.1480522,
       12.3054996
      ],
      [
       -69.147966,
       12.305484099999997
      ],
      [
       -69.1479195,
       12.305418
      ]
     ]
    ]
   }
  },
  {
   "type": "Feature",
   "id": "ring_15",
   "properties": {
    "name": "islet or second ring",
    "area_m2": 103
   },
   "geometry": {
    "type": "Polygon",
    "coordinates": [
     [
      [
       -69.0120703,
       12.167062899999998
      ],
      [
       -69.0120681,
       12.1670776
      ],
      [
       -69.0120526,
       12.1670818
      ],
      [
       -69.0120445,
       12.1670933
      ],
      [
       -69.0120445,
       12.1671069
      ],
      [
       -69.01202950000001,
       12.167112700000002
      ],
      [
       -69.0120199,
       12.167117399999999
      ],
      [
       -69.0120022,
       12.1671232
      ],
      [
       -69.0119903,
       12.167116399999996
      ],
      [
       -69.0119769,
       12.1671017
      ],
      [
       -69.0119684,
       12.1670818
      ],
      [
       -69.0119603,
       12.1670624
      ],
      [
       -69.011956,
       12.1670393
      ],
      [
       -69.0119523,
       12.1670157
      ],
      [
       -69.0119614,
       12.167006299999999
      ],
      [
       -69.0119844,
       12.1669994
      ],
      [
       -69.01200380000002,
       12.1669984
      ],
      [
       -69.0120091,
       12.1670141
      ],
      [
       -69.0120209,
       12.1670293
      ],
      [
       -69.012029,
       12.167045099999996
      ],
      [
       -69.012051,
       12.167056099999998
      ],
      [
       -69.0120703,
       12.167062899999998
      ]
     ]
    ]
   }
  },
  {
   "type": "Feature",
   "id": "ring_16",
   "properties": {
    "name": "islet or second ring",
    "area_m2": 65
   },
   "geometry": {
    "type": "Polygon",
    "coordinates": [
     [
      [
       -69.0332577,
       12.197792699999999
      ],
      [
       -69.03325830000001,
       12.197800799999998
      ],
      [
       -69.0332424,
       12.1978021
      ],
      [
       -69.0332232,
       12.197802100000004
      ],
      [
       -69.0332092,
       12.1978021
      ],
      [
       -69.0331958,
       12.197801499999999
      ],
      [
       -69.0331779,
       12.1978027
      ],
      [
       -69.0331652,
       12.197792699999995
      ],
      [
       -69.0331633,
       12.197783999999999
      ],
      [
       -69.0331511,
       12.1977765
      ],
      [
       -69.0331448,
       12.1977641
      ],
      [
       -69.0331358,
       12.1977528
      ],
      [
       -69.0331358,
       12.197737199999997
      ],
      [
       -69.0331569,
       12.1977391
      ],
      [
       -69.0331582,
       12.1977273
      ],
      [
       -69.0331703,
       12.1977341
      ],
      [
       -69.0331811,
       12.197739699999998
      ],
      [
       -69.0331875,
       12.1977472
      ],
      [
       -69.0331958,
       12.197751600000002
      ],
      [
       -69.0332232,
       12.1977516
      ],
      [
       -69.0332411,
       12.1977616
      ],
      [
       -69.0332436,
       12.197773399999997
      ],
      [
       -69.0332577,
       12.197792699999999
      ]
     ]
    ]
   }
  },
  {
   "type": "Feature",
   "id": "ring_17",
   "properties": {
    "name": "islet or second ring",
    "area_m2": 74
   },
   "geometry": {
    "type": "Polygon",
    "coordinates": [
     [
      [
       -69.1048905,
       12.244525200000002
      ],
      [
       -69.1048511,
       12.2445126
      ],
      [
       -69.1048378,
       12.2444514
      ],
      [
       -69.10485560000001,
       12.2444207
      ],
      [
       -69.1048776,
       12.244415099999998
      ],
      [
       -69.1049102,
       12.244430699999999
      ],
      [
       -69.1049114,
       12.2444904
      ],
      [
       -69.1048905,
       12.244525200000002
      ]
     ]
    ]
   }
  },
  {
   "type": "Feature",
   "id": "ring_18",
   "properties": {
    "name": "islet or second ring",
    "area_m2": 55
   },
   "geometry": {
    "type": "Polygon",
    "coordinates": [
     [
      [
       -69.159668,
       12.3768781
      ],
      [
       -69.1596393,
       12.3769074
      ],
      [
       -69.1596214,
       12.3769043
      ],
      [
       -69.1596067,
       12.3768681
      ],
      [
       -69.159645,
       12.376794599999998
      ],
      [
       -69.1596654,
       12.376801499999997
      ],
      [
       -69.159668,
       12.3768781
      ]
     ]
    ]
   }
  },
  {
   "type": "Feature",
   "id": "ring_19",
   "properties": {
    "name": "islet or second ring",
    "area_m2": 44
   },
   "geometry": {
    "type": "Polygon",
    "coordinates": [
     [
      [
       -69.0858429,
       12.2105528
      ],
      [
       -69.0858375,
       12.210568599999998
      ],
      [
       -69.0858231,
       12.2105801
      ],
      [
       -69.0858155,
       12.2105822
      ],
      [
       -69.0858145,
       12.210599499999999
      ],
      [
       -69.0858123,
       12.2106089
      ],
      [
       -69.0858032,
       12.210619899999998
      ],
      [
       -69.0857844,
       12.210620999999998
      ],
      [
       -69.0857775,
       12.21061
      ],
      [
       -69.0857678,
       12.2105958
      ],
      [
       -69.085764,
       12.210580599999998
      ],
      [
       -69.0857673,
       12.2105707
      ],
      [
       -69.0857871,
       12.210568
      ],
      [
       -69.0858016,
       12.210568
      ],
      [
       -69.0857984,
       12.210558599999999
      ],
      [
       -69.0857952,
       12.210545000000002
      ],
      [
       -69.0858011,
       12.2105366
      ],
      [
       -69.0858161,
       12.210530799999999
      ],
      [
       -69.0858247,
       12.2105376
      ],
      [
       -69.0858332,
       12.210543399999999
      ],
      [
       -69.0858429,
       12.2105528
      ]
     ]
    ]
   }
  },
  {
   "type": "Feature",
   "id": "ring_20",
   "properties": {
    "name": "islet or second ring",
    "area_m2": 54
   },
   "geometry": {
    "type": "Polygon",
    "coordinates": [
     [
      [
       -69.0043914,
       12.1589301
      ],
      [
       -69.0043748,
       12.158908899999997
      ],
      [
       -69.0043442,
       12.158883999999999
      ],
      [
       -69.0043522,
       12.1588723
      ],
      [
       -69.0043528,
       12.1588613
      ],
      [
       -69.0043737,
       12.158854499999997
      ],
      [
       -69.0043871,
       12.158846599999999
      ],
      [
       -69.0043994,
       12.1588493
      ],
      [
       -69.00442200000002,
       12.158861299999998
      ],
      [
       -69.004437,
       12.1588718
      ],
      [
       -69.004445,
       12.158884899999999
      ],
      [
       -69.004445,
       12.158891200000001
      ],
      [
       -69.00442520000001,
       12.158890700000002
      ],
      [
       -69.0044193,
       12.158899099999998
      ],
      [
       -69.0044112,
       12.158909599999998
      ],
      [
       -69.00440270000001,
       12.158919499999998
      ],
      [
       -69.0043914,
       12.1589301
      ]
     ]
    ]
   }
  },
  {
   "type": "Feature",
   "id": "ring_21",
   "properties": {
    "name": "islet or second ring",
    "area_m2": 43
   },
   "geometry": {
    "type": "Polygon",
    "coordinates": [
     [
      [
       -69.0342472,
       12.197969900000002
      ],
      [
       -69.0342275,
       12.1980032
      ],
      [
       -69.0341554,
       12.198009899999999
      ],
      [
       -69.0341471,
       12.197979499999999
      ],
      [
       -69.0341638,
       12.197973599999997
      ],
      [
       -69.0341713,
       12.197966099999997
      ],
      [
       -69.034182,
       12.1979661
      ],
      [
       -69.0342047,
       12.1979639
      ],
      [
       -69.0342146,
       12.197958
      ],
      [
       -69.0342267,
       12.1979602
      ],
      [
       -69.0342472,
       12.197969900000002
      ]
     ]
    ]
   }
  },
  {
   "type": "Feature",
   "id": "ring_22",
   "properties": {
    "name": "islet or second ring",
    "area_m2": 46
   },
   "geometry": {
    "type": "Polygon",
    "coordinates": [
     [
      [
       -69.104759,
       12.244175300000002
      ],
      [
       -69.1047584,
       12.2442051
      ],
      [
       -69.1047209,
       12.244227699999998
      ],
      [
       -69.1046823,
       12.2442093
      ],
      [
       -69.1046807,
       12.244185199999999
      ],
      [
       -69.1047064,
       12.2441564
      ],
      [
       -69.104759,
       12.244175300000002
      ]
     ]
    ]
   }
  },
  {
   "type": "Feature",
   "id": "ring_23",
   "properties": {
    "name": "islet or second ring",
    "area_m2": 37
   },
   "geometry": {
    "type": "Polygon",
    "coordinates": [
     [
      [
       -69.1532855,
       12.353547399999998
      ],
      [
       -69.153267,
       12.3535777
      ],
      [
       -69.1532367,
       12.353567100000001
      ],
      [
       -69.1532118,
       12.353546199999998
      ],
      [
       -69.153202,
       12.3535138
      ],
      [
       -69.153238,
       12.3535141
      ],
      [
       -69.1532855,
       12.353547399999998
      ]
     ]
    ]
   }
  },
  {
   "type": "Feature",
   "id": "ring_24",
   "properties": {
    "name": "islet or second ring",
    "area_m2": 35
   },
   "geometry": {
    "type": "Polygon",
    "coordinates": [
     [
      [
       -69.1489824,
       12.311122999999998
      ],
      [
       -69.1489684,
       12.3111579
      ],
      [
       -69.1489499,
       12.3111561
      ],
      [
       -69.1489328,
       12.311125199999998
      ],
      [
       -69.1489337,
       12.3110873
      ],
      [
       -69.1489689,
       12.311076799999999
      ],
      [
       -69.1489824,
       12.311122999999998
      ]
     ]
    ]
   }
  },
  {
   "type": "Feature",
   "id": "ring_25",
   "properties": {
    "name": "islet or second ring",
    "area_m2": 36
   },
   "geometry": {
    "type": "Polygon",
    "coordinates": [
     [
      [
       -69.1472733,
       12.307171799999997
      ],
      [
       -69.147251,
       12.3071969
      ],
      [
       -69.14721760000002,
       12.307202400000001
      ],
      [
       -69.1471989,
       12.3071808
      ],
      [
       -69.1472129,
       12.307156099999998
      ],
      [
       -69.14726900000001,
       12.307142
      ],
      [
       -69.1472733,
       12.307171799999997
      ]
     ]
    ]
   }
  },
  {
   "type": "Feature",
   "id": "ring_26",
   "properties": {
    "name": "islet or second ring",
    "area_m2": 33
   },
   "geometry": {
    "type": "Polygon",
    "coordinates": [
     [
      [
       -69.1048291,
       12.2445148
      ],
      [
       -69.1048351,
       12.2445382
      ],
      [
       -69.1048006,
       12.244557799999997
      ],
      [
       -69.1047725,
       12.244531100000001
      ],
      [
       -69.1047915,
       12.244480000000001
      ],
      [
       -69.1048291,
       12.2445148
      ]
     ]
    ]
   }
  },
  {
   "type": "Feature",
   "id": "ring_27",
   "properties": {
    "name": "islet or second ring",
    "area_m2": 34
   },
   "geometry": {
    "type": "Polygon",
    "coordinates": [
     [
      [
       -69.1489423,
       12.303755399999995
      ],
      [
       -69.1489417,
       12.3037727
      ],
      [
       -69.1488994,
       12.3037958
      ],
      [
       -69.1488672,
       12.3037685
      ],
      [
       -69.1488886,
       12.303732899999998
      ],
      [
       -69.1489423,
       12.303755399999995
      ]
     ]
    ]
   }
  },
  {
   "type": "Feature",
   "id": "ring_28",
   "properties": {
    "name": "islet or second ring",
    "area_m2": 20
   },
   "geometry": {
    "type": "Polygon",
    "coordinates": [
     [
      [
       -69.1489964,
       12.3110812
      ],
      [
       -69.1490302,
       12.311146800000001
      ],
      [
       -69.1490023,
       12.311166700000001
      ],
      [
       -69.1489874,
       12.3111019
      ],
      [
       -69.1489964,
       12.3110812
      ]
     ]
    ]
   }
  },
  {
   "type": "Feature",
   "id": "ring_29",
   "properties": {
    "name": "islet or second ring",
    "area_m2": 24
   },
   "geometry": {
    "type": "Polygon",
    "coordinates": [
     [
      [
       -69.1570693,
       12.361826099999998
      ],
      [
       -69.1570472,
       12.361859299999999
      ],
      [
       -69.157021,
       12.3618785
      ],
      [
       -69.1570111,
       12.3618719
      ],
      [
       -69.1570222,
       12.361817
      ],
      [
       -69.1570693,
       12.361826099999998
      ]
     ]
    ]
   }
  },
  {
   "type": "Feature",
   "id": "ring_30",
   "properties": {
    "name": "islet or second ring",
    "area_m2": 24
   },
   "geometry": {
    "type": "Polygon",
    "coordinates": [
     [
      [
       -69.1047471,
       12.2443161
      ],
      [
       -69.104716,
       12.244341699999998
      ],
      [
       -69.1046963,
       12.2443413
      ],
      [
       -69.1046849,
       12.244320200000004
      ],
      [
       -69.104694,
       12.244295799999998
      ],
      [
       -69.1047289,
       12.244296499999999
      ],
      [
       -69.1047471,
       12.2443161
      ]
     ]
    ]
   }
  },
  {
   "type": "Feature",
   "id": "ring_31",
   "properties": {
    "name": "islet or second ring",
    "area_m2": 21
   },
   "geometry": {
    "type": "Polygon",
    "coordinates": [
     [
      [
       -69.1481281,
       12.307539299999998
      ],
      [
       -69.1481078,
       12.3075367
      ],
      [
       -69.1481089,
       12.307507100000002
      ],
      [
       -69.1481489,
       12.307480699999997
      ],
      [
       -69.1481559,
       12.3075159
      ],
      [
       -69.1481281,
       12.307539299999998
      ]
     ]
    ]
   }
  },
  {
   "type": "Feature",
   "id": "ring_32",
   "properties": {
    "name": "islet or second ring",
    "area_m2": 19
   },
   "geometry": {
    "type": "Polygon",
    "coordinates": [
     [
      [
       -69.086124,
       12.212657000000002
      ],
      [
       -69.0861112,
       12.2126629
      ],
      [
       -69.0861008,
       12.212660999999999
      ],
      [
       -69.0860904,
       12.2126647
      ],
      [
       -69.0860778,
       12.212667299999998
      ],
      [
       -69.0860674,
       12.2126636
      ],
      [
       -69.08606,
       12.2126526
      ],
      [
       -69.0860663,
       12.212639099999999
      ],
      [
       -69.0860699,
       12.2126398
      ],
      [
       -69.0860764,
       12.212634299999998
      ],
      [
       -69.086085,
       12.2126308
      ],
      [
       -69.0861026,
       12.212635599999999
      ],
      [
       -69.08611590000001,
       12.212636
      ],
      [
       -69.0861186,
       12.2126451
      ],
      [
       -69.0861238,
       12.212654099999998
      ],
      [
       -69.086124,
       12.212657000000002
      ]
     ]
    ]
   }
  },
  {
   "type": "Feature",
   "id": "ring_33",
   "properties": {
    "name": "islet or second ring",
    "area_m2": 18
   },
   "geometry": {
    "type": "Polygon",
    "coordinates": [
     [
      [
       -69.1511936,
       12.317923699999998
      ],
      [
       -69.1511466,
       12.3179385
      ],
      [
       -69.1511329,
       12.317913000000003
      ],
      [
       -69.1511811,
       12.3178959
      ],
      [
       -69.1511936,
       12.317923699999998
      ]
     ]
    ]
   }
  },
  {
   "type": "Feature",
   "id": "ring_34",
   "properties": {
    "name": "islet or second ring",
    "area_m2": 16
   },
   "geometry": {
    "type": "Polygon",
    "coordinates": [
     [
      [
       -69.0866381,
       12.2134294
      ],
      [
       -69.0866291,
       12.213432499999998
      ],
      [
       -69.0866291,
       12.213444699999998
      ],
      [
       -69.0866173,
       12.2134447
      ],
      [
       -69.0866129,
       12.213454399999998
      ],
      [
       -69.0866059,
       12.2134631
      ],
      [
       -69.086589,
       12.2134575
      ],
      [
       -69.0865848,
       12.2134466
      ],
      [
       -69.0865963,
       12.213432200000002
      ],
      [
       -69.0866052,
       12.213420999999997
      ],
      [
       -69.0866148,
       12.213414199999997
      ],
      [
       -69.0866224,
       12.2134201
      ],
      [
       -69.0866381,
       12.2134294
      ]
     ]
    ]
   }
  },
  {
   "type": "Feature",
   "id": "ring_35",
   "properties": {
    "name": "islet or second ring",
    "area_m2": 16
   },
   "geometry": {
    "type": "Polygon",
    "coordinates": [
     [
      [
       -69.1505687,
       12.329214199999996
      ],
      [
       -69.1505759,
       12.329241200000002
      ],
      [
       -69.150521,
       12.329250899999998
      ],
      [
       -69.1505448,
       12.329209199999998
      ],
      [
       -69.1505687,
       12.329214199999996
      ]
     ]
    ]
   }
  },
  {
   "type": "Feature",
   "id": "ring_36",
   "properties": {
    "name": "islet or second ring",
    "area_m2": 17
   },
   "geometry": {
    "type": "Polygon",
    "coordinates": [
     [
      [
       -69.0857816,
       12.2105513
      ],
      [
       -69.0857739,
       12.210553199999996
      ],
      [
       -69.0857634,
       12.2105573
      ],
      [
       -69.0857551,
       12.210549799999999
      ],
      [
       -69.0857487,
       12.210543199999998
      ],
      [
       -69.0857519,
       12.2105357
      ],
      [
       -69.0857449,
       12.210529199999998
      ],
      [
       -69.08574460000001,
       12.210518599999999
      ],
      [
       -69.08574460000001,
       12.210510499999996
      ],
      [
       -69.08574780000001,
       12.210503
      ],
      [
       -69.0857605,
       12.210507999999999
      ],
      [
       -69.0857733,
       12.210518599999999
      ],
      [
       -69.0857841,
       12.210530399999996
      ],
      [
       -69.0857816,
       12.2105513
      ]
     ]
    ]
   }
  },
  {
   "type": "Feature",
   "id": "ring_37",
   "properties": {
    "name": "islet or second ring",
    "area_m2": 15
   },
   "geometry": {
    "type": "Polygon",
    "coordinates": [
     [
      [
       -69.0853674,
       12.2125276
      ],
      [
       -69.08535880000001,
       12.2125283
      ],
      [
       -69.0853517,
       12.212532899999998
      ],
      [
       -69.0853457,
       12.212538500000003
      ],
      [
       -69.0853367,
       12.2125376
      ],
      [
       -69.0853367,
       12.2125279
      ],
      [
       -69.085338,
       12.212517999999996
      ],
      [
       -69.0853434,
       12.212508
      ],
      [
       -69.0853457,
       12.212499899999996
      ],
      [
       -69.08535560000001,
       12.212489299999998
      ],
      [
       -69.0853699,
       12.212491199999999
      ],
      [
       -69.0853779,
       12.212491499999999
      ],
      [
       -69.0853747,
       12.212498299999996
      ],
      [
       -69.0853766,
       12.212505499999999
      ],
      [
       -69.08537250000002,
       12.212514200000001
      ],
      [
       -69.085369,
       12.2125198
      ],
      [
       -69.0853674,
       12.2125276
      ]
     ]
    ]
   }
  },
  {
   "type": "Feature",
   "id": "ring_38",
   "properties": {
    "name": "islet or second ring",
    "area_m2": 13
   },
   "geometry": {
    "type": "Polygon",
    "coordinates": [
     [
      [
       -69.1489806,
       12.3111861
      ],
      [
       -69.1489806,
       12.311205899999997
      ],
      [
       -69.1489603,
       12.311219999999999
      ],
      [
       -69.148935,
       12.311212499999998
      ],
      [
       -69.1489396,
       12.311194899999998
      ],
      [
       -69.1489806,
       12.3111861
      ]
     ]
    ]
   }
  },
  {
   "type": "Feature",
   "id": "ring_39",
   "properties": {
    "name": "islet or second ring",
    "area_m2": 11
   },
   "geometry": {
    "type": "Polygon",
    "coordinates": [
     [
      [
       -69.1046027,
       12.244142800000002
      ],
      [
       -69.1045839,
       12.244150600000001
      ],
      [
       -69.1045638,
       12.244120399999996
      ],
      [
       -69.1045906,
       12.244106599999999
      ],
      [
       -69.1046027,
       12.244142800000002
      ]
     ]
    ]
   }
  },
  {
   "type": "Feature",
   "id": "ring_40",
   "properties": {
    "name": "islet or second ring",
    "area_m2": 8
   },
   "geometry": {
    "type": "Polygon",
    "coordinates": [
     [
      [
       -69.104768,
       12.244409200000002
      ],
      [
       -69.1047373,
       12.244422499999999
      ],
      [
       -69.1047346,
       12.244378399999999
      ],
      [
       -69.104768,
       12.244409200000002
      ]
     ]
    ]
   }
  },
  {
   "type": "Feature",
   "id": "ring_41",
   "properties": {
    "name": "islet or second ring",
    "area_m2": 6
   },
   "geometry": {
    "type": "Polygon",
    "coordinates": [
     [
      [
       -69.1508405,
       12.3180012
      ],
      [
       -69.1508029,
       12.3180023
      ],
      [
       -69.1507987,
       12.3179882
      ],
      [
       -69.1508181,
       12.317981899999998
      ],
      [
       -69.1508405,
       12.3180012
      ]
     ]
    ]
   }
  },
  {
   "type": "Feature",
   "id": "ring_42",
   "properties": {
    "name": "islet or second ring",
    "area_m2": 7
   },
   "geometry": {
    "type": "Polygon",
    "coordinates": [
     [
      [
       -69.1509376,
       12.3179615
      ],
      [
       -69.1509106,
       12.3179745
      ],
      [
       -69.1509023,
       12.3179489
      ],
      [
       -69.1509159,
       12.317943699999997
      ],
      [
       -69.1509376,
       12.3179615
      ]
     ]
    ]
   }
  },
  {
   "type": "Feature",
   "id": "ring_43",
   "properties": {
    "name": "islet or second ring",
    "area_m2": 7
   },
   "geometry": {
    "type": "Polygon",
    "coordinates": [
     [
      [
       -69.1507703,
       12.3180338
      ],
      [
       -69.1507506,
       12.3180434
      ],
      [
       -69.1507373,
       12.318025199999997
      ],
      [
       -69.1507608,
       12.3180101
      ],
      [
       -69.1507703,
       12.3180338
      ]
     ]
    ]
   }
  },
  {
   "type": "Feature",
   "id": "ring_44",
   "properties": {
    "name": "islet or second ring",
    "area_m2": 4
   },
   "geometry": {
    "type": "Polygon",
    "coordinates": [
     [
      [
       -69.1464235,
       12.3066825
      ],
      [
       -69.1464106,
       12.306714
      ],
      [
       -69.1464022,
       12.3066873
      ],
      [
       -69.1464235,
       12.3066825
      ]
     ]
    ]
   }
  }
 ]
}
