{
 "type": "FeatureCollection",
 "crs": {
  "type": "name",
  "properties": {
   "name": "urn:ogc:def:crs:OGC:1.3:CRS84"
  }
 },
 "properties": {
  "title": "Curaçao mangrove and vegetated wetland",
  "source": "OpenStreetMap natural=wetland ways and relations, retrieved 2026-10-05 via Overpass.",
  "license": "Geometry (c) OpenStreetMap contributors, ODbL 1.0, https://www.openstreetmap.org/copyright",
  "method": "Kept: wetland=mangrove, swamp, marsh, saltmarsh, reedbed or wet_meadow. Left out: seagrass beds, tidal flats, salt pans and untagged wetland. The season runner buffers these polygons and removes them from the water side before classifying. Built by scripts/make_island_segments.py."
 },
 "features": [
  {
   "type": "Feature",
   "id": "way/237592022",
   "properties": {
    "wetland": "mangrove",
    "name": "Rif Mangrove Park"
   },
   "geometry": {
    "type": "Polygon",
    "coordinates": [
     [
      [
       -68.9424351,
       12.1061174
      ],
      [
       -68.944723,
       12.1068843
      ],
      [
       -68.9448516,
       12.1065784
      ],
      [
       -68.9449135,
       12.1066015
      ],
      [
       -68.9447808,
       12.1068926
      ],
      [
       -68.945408,
       12.1072341
      ],
      [
       -68.9452544,
       12.1073061
      ],
      [
       -68.9453449,
       12.107515
      ],
      [
       -68.9456107,
       12.1075357
      ],
      [
       -68.9456057,
       12.1076158
      ],
      [
       -68.9454322,
       12.1076165
      ],
      [
       -68.9453955,
       12.1077112
      ],
      [
       -68.9453044,
       12.1077986
      ],
      [
       -68.9451091,
       12.1077711
      ],
      [
       -68.9449473,
       12.1076111
      ],
      [
       -68.9448096,
       12.1076071
      ],
      [
       -68.9446633,
       12.1077479
      ],
      [
       -68.9445567,
       12.1080125
      ],
      [
       -68.9442839,
       12.1090556
      ],
      [
       -68.9453758,
       12.1093386
      ],
      [
       -68.9453445,
       12.1094515
      ],
      [
       -68.9421107,
       12.1086184
      ],
      [
       -68.9424351,
       12.1061174
      ]
     ]
    ]
   }
  },
  {
   "type": "Feature",
   "id": "way/298797378",
   "properties": {
    "wetland": "mangrove",
    "name": ""
   },
   "geometry": {
    "type": "Polygon",
    "coordinates": [
     [
      [
       -68.8100521,
       12.1188931
      ],
      [
       -68.8100723,
       12.1189364
      ],
      [
       -68.8100226,
       12.1190991
      ],
      [
       -68.8098831,
       12.1196003
      ],
      [
       -68.8098643,
       12.1198221
      ],
      [
       -68.8098455,
       12.1199021
      ],
      [
       -68.8098238,
       12.1199037
      ],
      [
       -68.8097804,
       12.1197079
      ],
      [
       -68.8098186,
       12.1194464
      ],
      [
       -68.8099985,
       12.1189574
      ],
      [
       -68.8100521,
       12.1188931
      ]
     ]
    ]
   }
  },
  {
   "type": "Feature",
   "id": "way/298797379",
   "properties": {
    "wetland": "mangrove",
    "name": ""
   },
   "geometry": {
    "type": "Polygon",
    "coordinates": [
     [
      [
       -68.8096245,
       12.1186606
      ],
      [
       -68.8093951,
       12.1186343
      ],
      [
       -68.8092939,
       12.1185267
      ],
      [
       -68.8092523,
       12.1184112
      ],
      [
       -68.809251,
       12.1180425
      ],
      [
       -68.809204,
       12.1177539
      ],
      [
       -68.8091061,
       12.1176935
      ],
      [
       -68.8090296,
       12.117578
      ],
      [
       -68.8090457,
       12.117414
      ],
      [
       -68.8091329,
       12.1173327
      ],
      [
       -68.8093879,
       12.1172645
      ],
      [
       -68.8094831,
       12.1172723
      ],
      [
       -68.809561,
       12.1173432
      ],
      [
       -68.8095959,
       12.1174403
      ],
      [
       -68.8095529,
       12.1175439
      ],
      [
       -68.8094845,
       12.117645
      ],
      [
       -68.809353,
       12.1179139
      ],
      [
       -68.8093382,
       12.1182288
      ],
      [
       -68.8093932,
       12.118385
      ],
      [
       -68.8094805,
       12.1184991
      ],
      [
       -68.80962,
       12.1185936
      ],
      [
       -68.8096589,
       12.1186159
      ],
      [
       -68.8096245,
       12.1186606
      ]
     ]
    ]
   }
  },
  {
   "type": "Feature",
   "id": "way/298797380",
   "properties": {
    "wetland": "mangrove",
    "name": ""
   },
   "geometry": {
    "type": "Polygon",
    "coordinates": [
     [
      [
       -68.805916,
       12.112619
      ],
      [
       -68.8059804,
       12.1126583
      ],
      [
       -68.8059898,
       12.1127515
      ],
      [
       -68.80592,
       12.1128945
      ],
      [
       -68.8057818,
       12.1130362
      ],
      [
       -68.8057751,
       12.1131845
      ],
      [
       -68.8058248,
       12.1133183
      ],
      [
       -68.8061079,
       12.1133931
      ],
      [
       -68.8066702,
       12.1135335
      ],
      [
       -68.8069245,
       12.1137013
      ],
      [
       -68.8071215,
       12.1139449
      ],
      [
       -68.8073054,
       12.1142362
      ],
      [
       -68.8074664,
       12.1142204
      ],
      [
       -68.8078542,
       12.1143346
      ],
      [
       -68.8080515,
       12.1144645
      ],
      [
       -68.8081347,
       12.1146075
      ],
      [
       -68.8082581,
       12.1146862
      ],
      [
       -68.8083454,
       12.1148056
      ],
      [
       -68.808332,
       12.1149132
      ],
      [
       -68.8082984,
       12.1149447
      ],
      [
       -68.8083199,
       12.1150536
      ],
      [
       -68.8083105,
       12.1151704
      ],
      [
       -68.8081199,
       12.1155168
      ],
      [
       -68.8080394,
       12.1156821
      ],
      [
       -68.8080555,
       12.1158159
      ],
      [
       -68.8081978,
       12.1161492
      ],
      [
       -68.8081884,
       12.1163499
      ],
      [
       -68.8081307,
       12.1164116
      ],
      [
       -68.8080354,
       12.1164759
      ],
      [
       -68.8080515,
       12.1166425
      ],
      [
       -68.8081951,
       12.1168209
      ],
      [
       -68.8082997,
       12.1169246
      ],
      [
       -68.8084084,
       12.1169731
      ],
      [
       -68.8085494,
       12.1171975
      ],
      [
       -68.8088151,
       12.117414
      ],
      [
       -68.808924,
       12.1175911
      ],
      [
       -68.8089078,
       12.1176245
      ],
      [
       -68.8088139,
       12.1175883
      ],
      [
       -68.80859,
       12.1174185
      ],
      [
       -68.8084951,
       12.1173823
      ],
      [
       -68.8082843,
       12.1171353
      ],
      [
       -68.8081541,
       12.1170553
      ],
      [
       -68.8080065,
       12.1168205
      ],
      [
       -68.807867,
       12.1163743
      ],
      [
       -68.8075842,
       12.1157861
      ],
      [
       -68.8074552,
       12.1154132
      ],
      [
       -68.8075273,
       12.1150031
      ],
      [
       -68.807626,
       12.1149307
      ],
      [
       -68.8079847,
       12.1149103
      ],
      [
       -68.808108,
       12.1148491
      ],
      [
       -68.8081763,
       12.1147897
      ],
      [
       -68.8081536,
       12.1147322
      ],
      [
       -68.8080359,
       12.1147136
      ],
      [
       -68.8078765,
       12.1145206
      ],
      [
       -68.8075899,
       12.1144075
      ],
      [
       -68.8072977,
       12.1144186
      ],
      [
       -68.8071155,
       12.114452
      ],
      [
       -68.8069428,
       12.114593
      ],
      [
       -68.8068004,
       12.1146413
      ],
      [
       -68.8064626,
       12.1145225
      ],
      [
       -68.8060508,
       12.1143035
      ],
      [
       -68.8056257,
       12.1142794
      ],
      [
       -68.8054056,
       12.1141922
      ],
      [
       -68.805174,
       12.1142071
      ],
      [
       -68.8049444,
       12.1140809
      ],
      [
       -68.8047907,
       12.1138712
      ],
      [
       -68.8047793,
       12.113771
      ],
      [
       -68.8049083,
       12.1137135
      ],
      [
       -68.8054587,
       12.1135261
      ],
      [
       -68.8056921,
       12.1134073
      ],
      [
       -68.8057168,
       12.1132978
      ],
      [
       -68.8056674,
       12.1131865
      ],
      [
       -68.8057035,
       12.112975
      ],
      [
       -68.8058098,
       12.1128284
      ],
      [
       -68.8058231,
       12.1127356
      ],
      [
       -68.805768,
       12.1126818
      ],
      [
       -68.805806,
       12.1126261
      ],
      [
       -68.805916,
       12.112619
      ]
     ]
    ]
   }
  },
  {
   "type": "Feature",
   "id": "way/298797921",
   "properties": {
    "wetland": "mangrove",
    "name": ""
   },
   "geometry": {
    "type": "Polygon",
    "coordinates": [
     [
      [
       -68.8232987,
       12.1206742
      ],
      [
       -68.8231426,
       12.1208601
      ],
      [
       -68.8230058,
       12.1210237
      ],
      [
       -68.8229193,
       12.1210149
      ],
      [
       -68.8228053,
       12.1209821
      ],
      [
       -68.8226684,
       12.1210175
      ],
      [
       -68.8224859,
       12.1210844
      ],
      [
       -68.822353,
       12.1210857
      ],
      [
       -68.8222712,
       12.1210162
      ],
      [
       -68.8222171,
       12.1208759
      ],
      [
       -68.8221748,
       12.1207511
      ],
      [
       -68.8221802,
       12.1206868
      ],
      [
       -68.8221013,
       12.1206569
      ],
      [
       -68.822057,
       12.1205629
      ],
      [
       -68.8221813,
       12.1205609
      ],
      [
       -68.8224134,
       12.1205977
      ],
      [
       -68.8225624,
       12.1206278
      ],
      [
       -68.822667,
       12.1207079
      ],
      [
       -68.8228294,
       12.120763
      ],
      [
       -68.8229797,
       12.1207
      ],
      [
       -68.8232374,
       12.1206331
      ],
      [
       -68.8232987,
       12.1206742
      ]
     ]
    ]
   }
  },
  {
   "type": "Feature",
   "id": "way/298797922",
   "properties": {
    "wetland": "mangrove",
    "name": ""
   },
   "geometry": {
    "type": "Polygon",
    "coordinates": [
     [
      [
       -68.8246639,
       12.1200644
      ],
      [
       -68.8244348,
       12.1200232
      ],
      [
       -68.8242245,
       12.1201097
      ],
      [
       -68.8238098,
       12.1200639
      ],
      [
       -68.8238605,
       12.1202056
      ],
      [
       -68.8237465,
       12.1202582
      ],
      [
       -68.8236459,
       12.1202529
      ],
      [
       -68.8235909,
       12.120207
      ],
      [
       -68.8234721,
       12.1200408
      ],
      [
       -68.8233141,
       12.1199243
      ],
      [
       -68.8233066,
       12.1199188
      ],
      [
       -68.8231643,
       12.1196646
      ],
      [
       -68.8229143,
       12.1195653
      ],
      [
       -68.8229407,
       12.1194926
      ],
      [
       -68.8233563,
       12.1194872
      ],
      [
       -68.8234877,
       12.1196152
      ],
      [
       -68.823657,
       12.1196039
      ],
      [
       -68.8240666,
       12.1198421
      ],
      [
       -68.8241128,
       12.1197749
      ],
      [
       -68.8249178,
       12.1198505
      ],
      [
       -68.8248667,
       12.1200028
      ],
      [
       -68.8246639,
       12.1200644
      ]
     ]
    ]
   }
  },
  {
   "type": "Feature",
   "id": "way/298797923",
   "properties": {
    "wetland": "mangrove",
    "name": ""
   },
   "geometry": {
    "type": "Polygon",
    "coordinates": [
     [
      [
       -68.8286462,
       12.116909
      ],
      [
       -68.8285497,
       12.1167412
      ],
      [
       -68.8284544,
       12.1165247
      ],
      [
       -68.8282424,
       12.1163895
      ],
      [
       -68.8280397,
       12.1163751
      ],
      [
       -68.8278585,
       12.1164794
      ],
      [
       -68.827589,
       12.1164627
      ],
      [
       -68.8273214,
       12.1165016
      ],
      [
       -68.8270273,
       12.1166928
      ],
      [
       -68.8266496,
       12.1167911
      ],
      [
       -68.8264238,
       12.1168839
      ],
      [
       -68.8262811,
       12.1169067
      ],
      [
       -68.8262323,
       12.1168875
      ],
      [
       -68.8263025,
       12.1168578
      ],
      [
       -68.8263328,
       12.1167706
      ],
      [
       -68.8263215,
       12.1166667
      ],
      [
       -68.8261894,
       12.1165154
      ],
      [
       -68.8261499,
       12.1163202
      ],
      [
       -68.8263093,
       12.1161956
      ],
      [
       -68.8265495,
       12.1160198
      ],
      [
       -68.8267758,
       12.1159062
      ],
      [
       -68.8270003,
       12.1157935
      ],
      [
       -68.8270392,
       12.1157147
      ],
      [
       -68.8270473,
       12.1156242
      ],
      [
       -68.8271801,
       12.1155494
      ],
      [
       -68.8275036,
       12.1153893
      ],
      [
       -68.827684,
       12.1154462
      ],
      [
       -68.8278082,
       12.1155323
      ],
      [
       -68.8278806,
       12.1156294
      ],
      [
       -68.8279679,
       12.1156478
      ],
      [
       -68.8280551,
       12.1156766
      ],
      [
       -68.8281705,
       12.1158866
      ],
      [
       -68.8283171,
       12.1159519
      ],
      [
       -68.8283506,
       12.1161539
      ],
      [
       -68.8284123,
       12.1162877
      ],
      [
       -68.8285662,
       12.1165935
      ],
      [
       -68.8286462,
       12.116909
      ]
     ]
    ]
   }
  },
  {
   "type": "Feature",
   "id": "way/298797924",
   "properties": {
    "wetland": "mangrove",
    "name": ""
   },
   "geometry": {
    "type": "Polygon",
    "coordinates": [
     [
      [
       -68.8289753,
       12.1177096
      ],
      [
       -68.8291149,
       12.1177464
      ],
      [
       -68.8291887,
       12.1178146
      ],
      [
       -68.8292316,
       12.1179065
      ],
      [
       -68.8292236,
       12.1181846
      ],
      [
       -68.8292145,
       12.1185692
      ],
      [
       -68.82915,
       12.1188624
      ],
      [
       -68.8290665,
       12.11897
      ],
      [
       -68.8289147,
       12.1190257
      ],
      [
       -68.8286262,
       12.1190331
      ],
      [
       -68.8284725,
       12.1190405
      ],
      [
       -68.8283735,
       12.1191744
      ],
      [
       -68.8283337,
       12.1193432
      ],
      [
       -68.8283299,
       12.1196086
      ],
      [
       -68.8284798,
       12.1198962
      ],
      [
       -68.8284646,
       12.1200817
      ],
      [
       -68.8283413,
       12.1202821
      ],
      [
       -68.8280186,
       12.1205233
      ],
      [
       -68.8275754,
       12.1207485
      ],
      [
       -68.8274802,
       12.1207524
      ],
      [
       -68.8272785,
       12.120707
      ],
      [
       -68.8272213,
       12.1206803
      ],
      [
       -68.8271115,
       12.1206291
      ],
      [
       -68.8269143,
       12.1202358
      ],
      [
       -68.8268754,
       12.1201007
      ],
      [
       -68.8267433,
       12.1200354
      ],
      [
       -68.8264112,
       12.1200613
      ],
      [
       -68.8260976,
       12.1200664
      ],
      [
       -68.825682,
       12.1200197
      ],
      [
       -68.8254953,
       12.1199708
      ],
      [
       -68.8253384,
       12.1199825
      ],
      [
       -68.8252827,
       12.1199195
      ],
      [
       -68.8254263,
       12.119849
      ],
      [
       -68.8254941,
       12.1197512
      ],
      [
       -68.825794,
       12.1198218
      ],
      [
       -68.8261811,
       12.1199479
      ],
      [
       -68.8263994,
       12.1199461
      ],
      [
       -68.8265531,
       12.1199015
      ],
      [
       -68.8267942,
       12.1198842
      ],
      [
       -68.8268175,
       12.1197772
      ],
      [
       -68.8270219,
       12.1195286
      ],
      [
       -68.827206,
       12.119536
      ],
      [
       -68.8273635,
       12.1196696
      ],
      [
       -68.8275286,
       12.1195731
      ],
      [
       -68.8275058,
       12.1194117
      ],
      [
       -68.8275514,
       12.1192391
      ],
      [
       -68.8277829,
       12.1188124
      ],
      [
       -68.8280581,
       12.1186583
      ],
      [
       -68.8285838,
       12.1184951
      ],
      [
       -68.8288343,
       12.1181388
      ],
      [
       -68.8289614,
       12.1178586
      ],
      [
       -68.8289753,
       12.1177096
      ]
     ]
    ]
   }
  },
  {
   "type": "Feature",
   "id": "way/298817947",
   "properties": {
    "wetland": "mangrove",
    "name": ""
   },
   "geometry": {
    "type": "Polygon",
    "coordinates": [
     [
      [
       -68.8201994,
       12.1148608
      ],
      [
       -68.8200063,
       12.1149425
      ],
      [
       -68.819885,
       12.1151003
      ],
      [
       -68.8198231,
       12.115275
      ],
      [
       -68.8197338,
       12.1153299
      ],
      [
       -68.8196456,
       12.1153243
      ],
      [
       -68.8195733,
       12.1152597
      ],
      [
       -68.819632,
       12.1151205
      ],
      [
       -68.8198787,
       12.114883
      ],
      [
       -68.8200685,
       12.1148218
      ],
      [
       -68.8201994,
       12.1148608
      ]
     ]
    ]
   }
  },
  {
   "type": "Feature",
   "id": "way/298817948",
   "properties": {
    "wetland": "mangrove",
    "name": ""
   },
   "geometry": {
    "type": "Polygon",
    "coordinates": [
     [
      [
       -68.8163412,
       12.1149387
      ],
      [
       -68.8162629,
       12.1149539
      ],
      [
       -68.8161369,
       12.1148968
      ],
      [
       -68.8159754,
       12.1149617
      ],
      [
       -68.8159285,
       12.1149976
      ],
      [
       -68.8158495,
       12.114992
      ],
      [
       -68.8158151,
       12.1149573
      ],
      [
       -68.8158151,
       12.1148766
      ],
      [
       -68.8158529,
       12.1148016
      ],
      [
       -68.8158877,
       12.1147726
      ],
      [
       -68.8160793,
       12.1148107
      ],
      [
       -68.8163412,
       12.1149387
      ]
     ]
    ]
   }
  },
  {
   "type": "Feature",
   "id": "way/298817949",
   "properties": {
    "wetland": "mangrove",
    "name": ""
   },
   "geometry": {
    "type": "Polygon",
    "coordinates": [
     [
      [
       -68.8150393,
       12.1159871
      ],
      [
       -68.8151323,
       12.1159147
      ],
      [
       -68.8152196,
       12.1157162
      ],
      [
       -68.8153573,
       12.1156372
      ],
      [
       -68.8153914,
       12.1157063
      ],
      [
       -68.8153342,
       12.1157533
      ],
      [
       -68.8152906,
       12.1158272
      ],
      [
       -68.8152735,
       12.1158888
      ],
      [
       -68.8152975,
       12.1160119
      ],
      [
       -68.8152666,
       12.1160601
      ],
      [
       -68.8152311,
       12.1160724
      ],
      [
       -68.8151864,
       12.1160634
      ],
      [
       -68.8150393,
       12.1159871
      ]
     ]
    ]
   }
  },
  {
   "type": "Feature",
   "id": "way/298817950",
   "properties": {
    "wetland": "mangrove",
    "name": ""
   },
   "geometry": {
    "type": "Polygon",
    "coordinates": [
     [
      [
       -68.8123347,
       12.1122741
      ],
      [
       -68.8121925,
       12.1122135
      ],
      [
       -68.8119921,
       12.1121776
      ],
      [
       -68.8119074,
       12.1121082
      ],
      [
       -68.8117345,
       12.1120802
      ],
      [
       -68.8115925,
       12.1120601
      ],
      [
       -68.8114803,
       12.1120209
      ],
      [
       -68.8114826,
       12.1119817
      ],
      [
       -68.8115799,
       12.1119313
      ],
      [
       -68.8116807,
       12.1119414
      ],
      [
       -68.8117734,
       12.1118731
      ],
      [
       -68.8118856,
       12.1118552
      ],
      [
       -68.8122074,
       12.112031
      ],
      [
       -68.8122716,
       12.1121552
      ],
      [
       -68.8123387,
       12.1122169
      ],
      [
       -68.8123347,
       12.1122741
      ]
     ]
    ]
   }
  },
  {
   "type": "Feature",
   "id": "way/298817951",
   "properties": {
    "wetland": "mangrove",
    "name": ""
   },
   "geometry": {
    "type": "Polygon",
    "coordinates": [
     [
      [
       -68.8078667,
       12.11268
      ],
      [
       -68.8078114,
       12.1126976
      ],
      [
       -68.807635,
       12.1125633
      ],
      [
       -68.8073854,
       12.1124726
      ],
      [
       -68.8072205,
       12.1124681
      ],
      [
       -68.8071541,
       12.1125274
      ],
      [
       -68.8070371,
       12.1125408
      ],
      [
       -68.8069593,
       12.1124972
      ],
      [
       -68.8066153,
       12.1125626
      ],
      [
       -68.8063047,
       12.1126566
      ],
      [
       -68.8062692,
       12.1126297
      ],
      [
       -68.8062784,
       12.1125883
      ],
      [
       -68.8069346,
       12.1124662
      ],
      [
       -68.8070834,
       12.1124729
      ],
      [
       -68.8072896,
       12.1124136
      ],
      [
       -68.8075243,
       12.1123285
      ],
      [
       -68.8077064,
       12.1123397
      ],
      [
       -68.8077659,
       12.1124058
      ],
      [
       -68.807842,
       12.1125408
      ],
      [
       -68.8078667,
       12.11268
      ]
     ]
    ]
   }
  },
  {
   "type": "Feature",
   "id": "way/298817952",
   "properties": {
    "wetland": "mangrove",
    "name": ""
   },
   "geometry": {
    "type": "Polygon",
    "coordinates": [
     [
      [
       -68.8092647,
       12.1127574
      ],
      [
       -68.8091987,
       12.1127877
      ],
      [
       -68.8090419,
       12.1127373
      ],
      [
       -68.8088231,
       12.1127205
      ],
      [
       -68.8085517,
       12.1128012
      ],
      [
       -68.8083204,
       12.112809
      ],
      [
       -68.8082506,
       12.1128571
      ],
      [
       -68.8080467,
       12.1128672
      ],
      [
       -68.8079712,
       12.1128403
      ],
      [
       -68.8079895,
       12.1127855
      ],
      [
       -68.8080502,
       12.1127664
      ],
      [
       -68.8081681,
       12.1127508
      ],
      [
       -68.8082322,
       12.1126892
      ],
      [
       -68.808349,
       12.1126735
      ],
      [
       -68.8084498,
       12.1127004
      ],
      [
       -68.8086124,
       12.1126791
      ],
      [
       -68.8088518,
       12.1126108
      ],
      [
       -68.8090121,
       12.1126511
      ],
      [
       -68.8091495,
       12.1127149
      ],
      [
       -68.8092099,
       12.1127165
      ],
      [
       -68.8092647,
       12.1127574
      ]
     ]
    ]
   }
  },
  {
   "type": "Feature",
   "id": "way/298817953",
   "properties": {
    "wetland": "mangrove",
    "name": ""
   },
   "geometry": {
    "type": "Polygon",
    "coordinates": [
     [
      [
       -68.8141536,
       12.1132363
      ],
      [
       -68.8141366,
       12.1132769
      ],
      [
       -68.8140313,
       12.1133038
      ],
      [
       -68.8139408,
       12.1133049
      ],
      [
       -68.8138881,
       12.113334
      ],
      [
       -68.8139076,
       12.1134874
      ],
      [
       -68.8139866,
       12.1136655
      ],
      [
       -68.813974,
       12.1137931
      ],
      [
       -68.8139019,
       12.1138681
      ],
      [
       -68.8138389,
       12.1138558
      ],
      [
       -68.813816,
       12.1138009
      ],
      [
       -68.8138606,
       12.1137203
      ],
      [
       -68.8138629,
       12.1136408
      ],
      [
       -68.8137942,
       12.1134785
      ],
      [
       -68.813725,
       12.1133787
      ],
      [
       -68.8137008,
       12.1132554
      ],
      [
       -68.8138216,
       12.11301
      ],
      [
       -68.8138306,
       12.1129386
      ],
      [
       -68.8139488,
       12.112978
      ],
      [
       -68.8139809,
       12.1130183
      ],
      [
       -68.813974,
       12.1130721
      ],
      [
       -68.8140026,
       12.1131359
      ],
      [
       -68.8140851,
       12.1132165
      ],
      [
       -68.814138,
       12.1132167
      ],
      [
       -68.8141536,
       12.1132363
      ]
     ]
    ]
   }
  },
  {
   "type": "Feature",
   "id": "way/298817954",
   "properties": {
    "wetland": "mangrove",
    "name": ""
   },
   "geometry": {
    "type": "Polygon",
    "coordinates": [
     [
      [
       -68.811403,
       12.1120239
      ],
      [
       -68.8114282,
       12.1120631
      ],
      [
       -68.8113766,
       12.1121079
      ],
      [
       -68.811293,
       12.1122501
      ],
      [
       -68.8112289,
       12.1123486
      ],
      [
       -68.8111155,
       12.112352
      ],
      [
       -68.8110228,
       12.1124337
      ],
      [
       -68.8106082,
       12.1125188
      ],
      [
       -68.8103357,
       12.1126106
      ],
      [
       -68.8101765,
       12.1127058
      ],
      [
       -68.8101445,
       12.1127528
      ],
      [
       -68.810054,
       12.1127954
      ],
      [
       -68.8099567,
       12.1128144
      ],
      [
       -68.8097597,
       12.1128054
      ],
      [
       -68.8096417,
       12.1128357
      ],
      [
       -68.8095284,
       12.1128379
      ],
      [
       -68.8095043,
       12.1128054
      ],
      [
       -68.8095089,
       12.1127495
      ],
      [
       -68.8095845,
       12.112698
      ],
      [
       -68.8097127,
       12.1126543
      ],
      [
       -68.8098364,
       12.1125938
      ],
      [
       -68.8100196,
       12.1124382
      ],
      [
       -68.8103357,
       12.1123397
      ],
      [
       -68.8109449,
       12.1122053
      ],
      [
       -68.8111648,
       12.1121885
      ],
      [
       -68.8112644,
       12.1120889
      ],
      [
       -68.811403,
       12.1120239
      ]
     ]
    ]
   }
  },
  {
   "type": "Feature",
   "id": "way/298817955",
   "properties": {
    "wetland": "mangrove",
    "name": ""
   },
   "geometry": {
    "type": "Polygon",
    "coordinates": [
     [
      [
       -68.8218369,
       12.1133059
      ],
      [
       -68.8218036,
       12.11351
      ],
      [
       -68.8218127,
       12.1135403
      ],
      [
       -68.8217694,
       12.113547
      ],
      [
       -68.8217374,
       12.1135324
      ],
      [
       -68.8217122,
       12.1134395
      ],
      [
       -68.8216904,
       12.1134148
      ],
      [
       -68.8216492,
       12.1134137
      ],
      [
       -68.821608,
       12.1135346
      ],
      [
       -68.8215622,
       12.1136141
      ],
      [
       -68.8214969,
       12.1136432
      ],
      [
       -68.8213816,
       12.1136646
      ],
      [
       -68.8212212,
       12.1136266
      ],
      [
       -68.8210496,
       12.1138452
      ],
      [
       -68.8207386,
       12.1141286
      ],
      [
       -68.8206334,
       12.1144183
      ],
      [
       -68.8204164,
       12.1146749
      ],
      [
       -68.8203273,
       12.1146638
      ],
      [
       -68.8202701,
       12.1147441
      ],
      [
       -68.8202039,
       12.1147041
      ],
      [
       -68.8203014,
       12.1145893
      ],
      [
       -68.8202917,
       12.1144453
      ],
      [
       -68.820256,
       12.1143233
      ],
      [
       -68.8200973,
       12.1142838
      ],
      [
       -68.820003,
       12.114302
      ],
      [
       -68.8199899,
       12.1142255
      ],
      [
       -68.8200682,
       12.1141761
      ],
      [
       -68.8200552,
       12.1140051
      ],
      [
       -68.820005,
       12.1137121
      ],
      [
       -68.8200099,
       12.1134746
      ],
      [
       -68.8200941,
       12.1133385
      ],
      [
       -68.8204115,
       12.113177
      ],
      [
       -68.8205378,
       12.112922
      ],
      [
       -68.8207888,
       12.1128207
      ],
      [
       -68.8213556,
       12.1126877
      ],
      [
       -68.8215305,
       12.1127273
      ],
      [
       -68.8216932,
       12.1129596
      ],
      [
       -68.8218369,
       12.1133059
      ]
     ]
    ]
   }
  },
  {
   "type": "Feature",
   "id": "way/298817956",
   "properties": {
    "wetland": "mangrove",
    "name": ""
   },
   "geometry": {
    "type": "Polygon",
    "coordinates": [
     [
      [
       -68.81922,
       12.1152925
      ],
      [
       -68.8192353,
       12.1153933
      ],
      [
       -68.8192534,
       12.1154537
      ],
      [
       -68.8192461,
       12.1154774
      ],
      [
       -68.8192105,
       12.1154901
      ],
      [
       -68.8191667,
       12.1154711
      ],
      [
       -68.8190947,
       12.1154759
      ],
      [
       -68.8190096,
       12.1155439
      ],
      [
       -68.8188615,
       12.1156952
      ],
      [
       -68.8187578,
       12.1158179
      ],
      [
       -68.8186542,
       12.1158986
      ],
      [
       -68.8186485,
       12.1159232
      ],
      [
       -68.8186631,
       12.1159509
      ],
      [
       -68.8186906,
       12.1159612
      ],
      [
       -68.8187748,
       12.1159398
      ],
      [
       -68.8188817,
       12.1159794
      ],
      [
       -68.8189376,
       12.1160308
      ],
      [
       -68.8189659,
       12.1161353
      ],
      [
       -68.818936,
       12.1163174
      ],
      [
       -68.8188509,
       12.1163776
      ],
      [
       -68.8188242,
       12.1163776
      ],
      [
       -68.818808,
       12.1163515
      ],
      [
       -68.8188129,
       12.1163016
      ],
      [
       -68.8188696,
       12.1162303
      ],
      [
       -68.818859,
       12.1161385
      ],
      [
       -68.8188315,
       12.1160989
      ],
      [
       -68.8187983,
       12.1160847
      ],
      [
       -68.8187384,
       12.1161353
      ],
      [
       -68.8187173,
       12.1161821
      ],
      [
       -68.8186445,
       12.1162129
      ],
      [
       -68.8185521,
       12.1161955
      ],
      [
       -68.8184396,
       12.116091
      ],
      [
       -68.8183149,
       12.1160688
      ],
      [
       -68.8182291,
       12.1160926
      ],
      [
       -68.8181797,
       12.116072
      ],
      [
       -68.8181416,
       12.1160079
      ],
      [
       -68.8181416,
       12.1159081
      ],
      [
       -68.8182153,
       12.115829
      ],
      [
       -68.8184547,
       12.115785
      ],
      [
       -68.8187988,
       12.1156531
      ],
      [
       -68.8189431,
       12.1155306
      ],
      [
       -68.8189288,
       12.1152932
      ],
      [
       -68.8190422,
       12.1153011
      ],
      [
       -68.819073,
       12.1152766
      ],
      [
       -68.8191159,
       12.1152631
      ],
      [
       -68.81922,
       12.1152925
      ]
     ]
    ]
   }
  },
  {
   "type": "Feature",
   "id": "way/298817957",
   "properties": {
    "wetland": "mangrove",
    "name": ""
   },
   "geometry": {
    "type": "Polygon",
    "coordinates": [
     [
      [
       -68.8156216,
       12.1151565
      ],
      [
       -68.8156754,
       12.1151879
      ],
      [
       -68.815672,
       12.1152652
      ],
      [
       -68.8155414,
       12.1155842
      ],
      [
       -68.8154807,
       12.1156044
      ],
      [
       -68.815414,
       12.1155834
      ],
      [
       -68.8154357,
       12.1155372
      ],
      [
       -68.8155473,
       12.1152996
      ],
      [
       -68.8156216,
       12.1151565
      ]
     ]
    ]
   }
  },
  {
   "type": "Feature",
   "id": "way/298817958",
   "properties": {
    "wetland": "mangrove",
    "name": ""
   },
   "geometry": {
    "type": "Polygon",
    "coordinates": [
     [
      [
       -68.8171876,
       12.1147884
      ],
      [
       -68.8171333,
       12.114811
      ],
      [
       -68.8170289,
       12.1147762
      ],
      [
       -68.8168434,
       12.1147588
      ],
      [
       -68.8167188,
       12.1147717
      ],
      [
       -68.8167396,
       12.1146704
      ],
      [
       -68.8168831,
       12.1146891
      ],
      [
       -68.817162,
       12.114718
      ],
      [
       -68.8171876,
       12.1147884
      ]
     ]
    ]
   }
  },
  {
   "type": "Feature",
   "id": "way/325321922",
   "properties": {
    "wetland": "swamp",
    "name": "Mangrove"
   },
   "geometry": {
    "type": "Polygon",
    "coordinates": [
     [
      [
       -69.0564939,
       12.2728524
      ],
      [
       -69.0564174,
       12.2728308
      ],
      [
       -69.0563675,
       12.2728663
      ],
      [
       -69.0562227,
       12.2727326
      ],
      [
       -69.0562308,
       12.2726566
      ],
      [
       -69.0563702,
       12.2725806
      ],
      [
       -69.0564802,
       12.2726016
      ],
      [
       -69.0563836,
       12.2724103
      ],
      [
       -69.0563622,
       12.2723395
      ],
      [
       -69.0562844,
       12.2722137
      ],
      [
       -69.0561074,
       12.2721718
      ],
      [
       -69.0560725,
       12.2722163
      ],
      [
       -69.0559786,
       12.2722582
      ],
      [
       -69.0555307,
       12.2721875
      ],
      [
       -69.0554234,
       12.2721927
      ],
      [
       -69.0553931,
       12.2722012
      ],
      [
       -69.0553718,
       12.2721737
      ],
      [
       -69.0554153,
       12.272137
      ],
      [
       -69.0554733,
       12.2721413
      ],
      [
       -69.0554998,
       12.2721216
      ],
      [
       -69.0555183,
       12.2721213
      ],
      [
       -69.0555327,
       12.2721118
      ],
      [
       -69.0555531,
       12.2721089
      ],
      [
       -69.0555598,
       12.272099
      ],
      [
       -69.055533,
       12.2720984
      ],
      [
       -69.055464,
       12.2721259
      ],
      [
       -69.0554442,
       12.2721256
      ],
      [
       -69.0554023,
       12.2721174
      ],
      [
       -69.0553449,
       12.272141
      ],
      [
       -69.0553238,
       12.2721377
      ],
      [
       -69.0553047,
       12.2721469
      ],
      [
       -69.0552789,
       12.2721521
      ],
      [
       -69.0552547,
       12.2721593
      ],
      [
       -69.0552303,
       12.272158
      ],
      [
       -69.0552148,
       12.2721492
      ],
      [
       -69.0552091,
       12.2721334
      ],
      [
       -69.0552363,
       12.2721282
      ],
      [
       -69.0552638,
       12.2721193
      ],
      [
       -69.055294,
       12.2721089
      ],
      [
       -69.0553302,
       12.2720925
      ],
      [
       -69.0553617,
       12.2720669
      ],
      [
       -69.0554173,
       12.2720279
      ],
      [
       -69.0554693,
       12.2720181
      ],
      [
       -69.055528,
       12.2719962
      ],
      [
       -69.0555722,
       12.2719752
      ],
      [
       -69.055587,
       12.2719336
      ],
      [
       -69.0555679,
       12.2719018
      ],
      [
       -69.0555427,
       12.2718982
      ],
      [
       -69.0555468,
       12.2718369
      ],
      [
       -69.0555655,
       12.2718009
      ],
      [
       -69.0555823,
       12.2718153
      ],
      [
       -69.0556074,
       12.271831
      ],
      [
       -69.0556336,
       12.2718527
      ],
      [
       -69.055642,
       12.2718707
      ],
      [
       -69.0556497,
       12.2718966
      ],
      [
       -69.0556598,
       12.2718907
      ],
      [
       -69.0556628,
       12.271873
      ],
      [
       -69.0556557,
       12.2718618
      ],
      [
       -69.0556561,
       12.2718455
      ],
      [
       -69.0556745,
       12.2718396
      ],
      [
       -69.0556775,
       12.2718304
      ],
      [
       -69.0556903,
       12.2718235
      ],
      [
       -69.055702,
       12.2718137
      ],
      [
       -69.0557167,
       12.271815
      ],
      [
       -69.0557318,
       12.2718219
      ],
      [
       -69.0557446,
       12.2718343
      ],
      [
       -69.0557412,
       12.2718494
      ],
      [
       -69.055758,
       12.2718939
      ],
      [
       -69.0557442,
       12.2719044
      ],
      [
       -69.0557436,
       12.2719208
      ],
      [
       -69.0557694,
       12.2719205
      ],
      [
       -69.0557858,
       12.2719215
      ],
      [
       -69.0557939,
       12.2719346
      ],
      [
       -69.0557892,
       12.2719591
      ],
      [
       -69.0557955,
       12.2719729
      ],
      [
       -69.0558147,
       12.2719811
      ],
      [
       -69.0558297,
       12.2719903
      ],
      [
       -69.0558297,
       12.2720044
      ],
      [
       -69.0558492,
       12.272007
      ],
      [
       -69.0558539,
       12.2719834
      ],
      [
       -69.0558737,
       12.2719742
      ],
      [
       -69.0559008,
       12.2719886
      ],
      [
       -69.0559253,
       12.2719945
      ],
      [
       -69.0559303,
       12.2720161
      ],
      [
       -69.0559421,
       12.2720161
      ],
      [
       -69.0559779,
       12.2720283
      ],
      [
       -69.0559665,
       12.2720371
      ],
      [
       -69.0559692,
       12.2720466
      ],
      [
       -69.055994,
       12.2720643
      ],
      [
       -69.0560175,
       12.2720692
      ],
      [
       -69.0560587,
       12.272063
      ],
      [
       -69.0560986,
       12.2720476
      ],
      [
       -69.0561194,
       12.2720417
      ],
      [
       -69.0561379,
       12.2720352
      ],
      [
       -69.0561526,
       12.2720211
      ],
      [
       -69.0561697,
       12.2720122
      ],
      [
       -69.0561975,
       12.2720191
      ],
      [
       -69.056217,
       12.2720361
      ],
      [
       -69.0562411,
       12.2720463
      ],
      [
       -69.0562371,
       12.2720597
      ],
      [
       -69.0562441,
       12.2720732
      ],
      [
       -69.0562579,
       12.2720791
      ],
      [
       -69.056271,
       12.2720764
      ],
      [
       -69.0562777,
       12.2720689
      ],
      [
       -69.0562854,
       12.2720709
      ],
      [
       -69.0563031,
       12.2720876
      ],
      [
       -69.0563229,
       12.2720892
      ],
      [
       -69.0563471,
       12.2720876
      ],
      [
       -69.0563558,
       12.272082
      ],
      [
       -69.0563581,
       12.2720705
      ],
      [
       -69.0563511,
       12.2720545
      ],
      [
       -69.0563608,
       12.2720401
      ],
      [
       -69.0563813,
       12.2720365
      ],
      [
       -69.0563933,
       12.2720207
      ],
      [
       -69.0564141,
       12.2720106
      ],
      [
       -69.0564259,
       12.2719935
      ],
      [
       -69.0564517,
       12.2719988
      ],
      [
       -69.0564725,
       12.2720008
      ],
      [
       -69.0564832,
       12.2720086
      ],
      [
       -69.0564983,
       12.2720076
      ],
      [
       -69.0565174,
       12.2719968
      ],
      [
       -69.0565301,
       12.2720093
      ],
      [
       -69.0565388,
       12.272022
      ],
      [
       -69.0565506,
       12.2720371
      ],
      [
       -69.0565627,
       12.2720574
      ],
      [
       -69.0565831,
       12.2720823
      ],
      [
       -69.0565901,
       12.2720958
      ],
      [
       -69.0566036,
       12.2721144
      ],
      [
       -69.0566062,
       12.2721442
      ],
      [
       -69.0566134,
       12.2721845
      ],
      [
       -69.0566022,
       12.2722265
      ],
      [
       -69.0565878,
       12.2722257
      ],
      [
       -69.0565764,
       12.2722596
      ],
      [
       -69.0565472,
       12.2722763
      ],
      [
       -69.0565187,
       12.2722573
      ],
      [
       -69.0564932,
       12.2722936
      ],
      [
       -69.0564728,
       12.2722763
      ],
      [
       -69.0564463,
       12.2722281
      ],
      [
       -69.0564383,
       12.2721567
      ],
      [
       -69.0564594,
       12.2721521
      ],
      [
       -69.0564959,
       12.2721632
      ],
      [
       -69.0565033,
       12.2721305
      ],
      [
       -69.0564651,
       12.272118
      ],
      [
       -69.0564477,
       12.2721377
      ],
      [
       -69.0563927,
       12.2721705
      ],
      [
       -69.0563253,
       12.2721905
      ],
      [
       -69.0563337,
       12.2721987
      ],
      [
       -69.0563364,
       12.2722089
      ],
      [
       -69.0563545,
       12.2722288
      ],
      [
       -69.0563585,
       12.2722429
      ],
      [
       -69.0563756,
       12.2722606
      ],
      [
       -69.0563853,
       12.2722777
      ],
      [
       -69.0563813,
       12.2722889
      ],
      [
       -69.0564128,
       12.2723065
      ],
      [
       -69.0564286,
       12.2723199
      ],
      [
       -69.0564376,
       12.2723321
      ],
      [
       -69.056441,
       12.2723474
      ],
      [
       -69.0564413,
       12.2723622
      ],
      [
       -69.056446,
       12.2723838
      ],
      [
       -69.0564463,
       12.2724064
      ],
      [
       -69.0564654,
       12.2724621
      ],
      [
       -69.0564648,
       12.2724834
      ],
      [
       -69.0564604,
       12.2725038
      ],
      [
       -69.0564956,
       12.2724844
      ],
      [
       -69.0565084,
       12.2724827
      ],
      [
       -69.0565154,
       12.2724868
      ],
      [
       -69.0565302,
       12.2724821
      ],
      [
       -69.0565432,
       12.2724854
      ],
      [
       -69.0565553,
       12.2724768
      ],
      [
       -69.0565704,
       12.2724854
      ],
      [
       -69.0565878,
       12.2724886
      ],
      [
       -69.0565999,
       12.2724883
      ],
      [
       -69.0566063,
       12.272484
      ],
      [
       -69.0566173,
       12.2724804
      ],
      [
       -69.056626,
       12.2724795
      ],
      [
       -69.0566307,
       12.2724854
      ],
      [
       -69.0566321,
       12.2724901
      ],
      [
       -69.0566343,
       12.2724935
      ],
      [
       -69.0566379,
       12.2724965
      ],
      [
       -69.0566415,
       12.2724971
      ],
      [
       -69.0566493,
       12.2724959
      ],
      [
       -69.0566576,
       12.2724951
      ],
      [
       -69.0566659,
       12.2724961
      ],
      [
       -69.0566763,
       12.2724994
      ],
      [
       -69.0566861,
       12.2725054
      ],
      [
       -69.0566946,
       12.2725151
      ],
      [
       -69.0567023,
       12.2725436
      ],
      [
       -69.0567032,
       12.2725535
      ],
      [
       -69.056701,
       12.272561
      ],
      [
       -69.0567005,
       12.2725698
      ],
      [
       -69.056698,
       12.2725775
      ],
      [
       -69.0566966,
       12.2725859
      ],
      [
       -69.0566857,
       12.272605
      ],
      [
       -69.0566725,
       12.2726181
      ],
      [
       -69.0566653,
       12.2726229
      ],
      [
       -69.0566591,
       12.2726317
      ],
      [
       -69.0566568,
       12.2726426
      ],
      [
       -69.0566463,
       12.2726478
      ],
      [
       -69.0566431,
       12.2726555
      ],
      [
       -69.0566445,
       12.2726638
      ],
      [
       -69.0566498,
       12.2726619
      ],
      [
       -69.0566619,
       12.2726596
      ],
      [
       -69.0566735,
       12.2726599
      ],
      [
       -69.0566793,
       12.272666
      ],
      [
       -69.0566787,
       12.2726722
      ],
      [
       -69.0566763,
       12.2726766
      ],
      [
       -69.0566765,
       12.2726854
      ],
      [
       -69.0566708,
       12.2726874
      ],
      [
       -69.0566664,
       12.2726922
      ],
      [
       -69.0566743,
       12.2726964
      ],
      [
       -69.0566778,
       12.2726997
      ],
      [
       -69.0566805,
       12.2727048
      ],
      [
       -69.0566814,
       12.2727102
      ],
      [
       -69.0566783,
       12.2727256
      ],
      [
       -69.0566745,
       12.2727297
      ],
      [
       -69.0566676,
       12.2727338
      ],
      [
       -69.0566586,
       12.2727379
      ],
      [
       -69.0566581,
       12.272742
      ],
      [
       -69.0566559,
       12.2727461
      ],
      [
       -69.0566495,
       12.2727523
      ],
      [
       -69.0566348,
       12.272747
      ],
      [
       -69.0566242,
       12.2727423
      ],
      [
       -69.0566143,
       12.2727333
      ],
      [
       -69.0566071,
       12.2727251
      ],
      [
       -69.0566002,
       12.2727225
      ],
      [
       -69.0565964,
       12.27272
      ],
      [
       -69.0565989,
       12.2727135
      ],
      [
       -69.05659,
       12.2727141
      ],
      [
       -69.0565866,
       12.2727072
      ],
      [
       -69.0565915,
       12.2726966
      ],
      [
       -69.0565903,
       12.2726853
      ],
      [
       -69.0565788,
       12.2726909
      ],
      [
       -69.056567,
       12.2726922
      ],
      [
       -69.0565568,
       12.2726912
      ],
      [
       -69.0565466,
       12.2726882
      ],
      [
       -69.0565402,
       12.2726913
      ],
      [
       -69.0565382,
       12.2726987
      ],
      [
       -69.0565387,
       12.2727053
      ],
      [
       -69.0565434,
       12.2727072
      ],
      [
       -69.0565416,
       12.2727315
      ],
      [
       -69.0565338,
       12.272737
      ],
      [
       -69.0565265,
       12.272758
      ],
      [
       -69.0565355,
       12.27275
      ],
      [
       -69.0565431,
       12.2727518
      ],
      [
       -69.0565471,
       12.2727557
      ],
      [
       -69.0565566,
       12.2727597
      ],
      [
       -69.0565702,
       12.2727649
      ],
      [
       -69.0565823,
       12.2727664
      ],
      [
       -69.0565877,
       12.2727626
      ],
      [
       -69.0565932,
       12.2727605
      ],
      [
       -69.0566059,
       12.2727582
      ],
      [
       -69.0566198,
       12.2727579
      ],
      [
       -69.0566336,
       12.2727615
      ],
      [
       -69.0566393,
       12.272766
      ],
      [
       -69.0566401,
       12.2727711
      ],
      [
       -69.0566438,
       12.2727719
      ],
      [
       -69.0566455,
       12.2727749
      ],
      [
       -69.0566433,
       12.2727796
      ],
      [
       -69.0566401,
       12.2727868
      ],
      [
       -69.056644,
       12.27279
      ],
      [
       -69.0566512,
       12.2727929
      ],
      [
       -69.0566555,
       12.2727972
      ],
      [
       -69.0566529,
       12.2728026
      ],
      [
       -69.0566584,
       12.2728045
      ],
      [
       -69.0566646,
       12.2728024
      ],
      [
       -69.0566736,
       12.2728027
      ],
      [
       -69.056675,
       12.2728062
      ],
      [
       -69.0566718,
       12.2728124
      ],
      [
       -69.0566745,
       12.2728157
      ],
      [
       -69.0566815,
       12.2728145
      ],
      [
       -69.0566871,
       12.2728113
      ],
      [
       -69.0566933,
       12.2728176
      ],
      [
       -69.0566996,
       12.272826
      ],
      [
       -69.056701,
       12.2728332
      ],
      [
       -69.0566981,
       12.2728389
      ],
      [
       -69.0566991,
       12.2728434
      ],
      [
       -69.0566983,
       12.272847
      ],
      [
       -69.0567011,
       12.2728532
      ],
      [
       -69.056699,
       12.2728673
      ],
      [
       -69.0566856,
       12.2728961
      ],
      [
       -69.0566752,
       12.2729013
      ],
      [
       -69.0566683,
       12.2729131
      ],
      [
       -69.0566282,
       12.2729195
      ],
      [
       -69.0566118,
       12.2729284
      ],
      [
       -69.0565925,
       12.2729302
      ],
      [
       -69.05659,
       12.2729192
      ],
      [
       -69.0565422,
       12.2729202
      ],
      [
       -69.0565395,
       12.2729072
      ],
      [
       -69.056533,
       12.2729041
      ],
      [
       -69.0564914,
       12.2728696
      ],
      [
       -69.0564939,
       12.2728524
      ]
     ]
    ]
   }
  },
  {
   "type": "Feature",
   "id": "way/428247834",
   "properties": {
    "wetland": "mangrove",
    "name": ""
   },
   "geometry": {
    "type": "Polygon",
    "coordinates": [
     [
      [
       -68.9477257,
       12.1086628
      ],
      [
       -68.9477023,
       12.1086461
      ],
      [
       -68.9476841,
       12.1086149
      ],
      [
       -68.9477049,
       12.1085762
      ],
      [
       -68.947695,
       12.1085631
      ],
      [
       -68.9476907,
       12.1085425
      ],
      [
       -68.9476812,
       12.1085443
      ],
      [
       -68.9476805,
       12.1085827
      ],
      [
       -68.9476531,
       12.1085857
      ],
      [
       -68.9476207,
       12.1085705
      ],
      [
       -68.9476074,
       12.1085525
      ],
      [
       -68.9476174,
       12.1085311
      ],
      [
       -68.9476166,
       12.1085159
      ],
      [
       -68.9475949,
       12.108512
      ],
      [
       -68.9475911,
       12.1084784
      ],
      [
       -68.9476001,
       12.1084712
      ],
      [
       -68.9475974,
       12.1084515
      ],
      [
       -68.9476128,
       12.1084356
      ],
      [
       -68.947614,
       12.1083457
      ],
      [
       -68.94762,
       12.1083089
      ],
      [
       -68.9476377,
       12.1083018
      ],
      [
       -68.9476468,
       12.1082921
      ],
      [
       -68.9476527,
       12.1082822
      ],
      [
       -68.9476496,
       12.1082654
      ],
      [
       -68.94766,
       12.1082524
      ],
      [
       -68.9476524,
       12.1082381
      ],
      [
       -68.9476679,
       12.1082342
      ],
      [
       -68.947653,
       12.1082191
      ],
      [
       -68.9476555,
       12.108197
      ],
      [
       -68.9476764,
       12.108194
      ],
      [
       -68.9476783,
       12.1081722
      ],
      [
       -68.9476951,
       12.1081572
      ],
      [
       -68.9476967,
       12.1081255
      ],
      [
       -68.9477104,
       12.1081146
      ],
      [
       -68.9477059,
       12.1080832
      ],
      [
       -68.9477242,
       12.1080789
      ],
      [
       -68.9477218,
       12.1080587
      ],
      [
       -68.9477386,
       12.1080438
      ],
      [
       -68.947739,
       12.1080158
      ],
      [
       -68.9477622,
       12.1080021
      ],
      [
       -68.9478092,
       12.107879
      ],
      [
       -68.9477981,
       12.1077264
      ],
      [
       -68.947951,
       12.1077872
      ],
      [
       -68.9478738,
       12.1078554
      ],
      [
       -68.9477879,
       12.10802
      ],
      [
       -68.9478619,
       12.1081403
      ],
      [
       -68.9477354,
       12.1082605
      ],
      [
       -68.9476787,
       12.1084413
      ],
      [
       -68.9477326,
       12.1084378
      ],
      [
       -68.9481088,
       12.1083984
      ],
      [
       -68.9481463,
       12.1084836
      ],
      [
       -68.9483398,
       12.1085296
      ],
      [
       -68.9483987,
       12.1084146
      ],
      [
       -68.9483987,
       12.1081828
      ],
      [
       -68.948532,
       12.1082201
      ],
      [
       -68.9485278,
       12.1083164
      ],
      [
       -68.948605,
       12.1084115
      ],
      [
       -68.9486405,
       12.1085187
      ],
      [
       -68.9487335,
       12.1085561
      ],
      [
       -68.9487663,
       12.1086213
      ],
      [
       -68.9488756,
       12.1086517
      ],
      [
       -68.9490932,
       12.1085531
      ],
      [
       -68.9492623,
       12.1085124
      ],
      [
       -68.9493413,
       12.1084902
      ],
      [
       -68.9494231,
       12.1084902
      ],
      [
       -68.949474,
       12.1085059
      ],
      [
       -68.9495384,
       12.1085295
      ],
      [
       -68.949576,
       12.1085977
      ],
      [
       -68.9496066,
       12.1086264
      ],
      [
       -68.9496103,
       12.1086595
      ],
      [
       -68.9496096,
       12.1086903
      ],
      [
       -68.9495908,
       12.1087074
      ],
      [
       -68.9495751,
       12.1087067
      ],
      [
       -68.9495556,
       12.1086965
      ],
      [
       -68.9495486,
       12.1086808
      ],
      [
       -68.9495368,
       12.1086752
      ],
      [
       -68.9495261,
       12.1086766
      ],
      [
       -68.9494889,
       12.1086831
      ],
      [
       -68.949448,
       12.1086788
      ],
      [
       -68.9494247,
       12.1086719
      ],
      [
       -68.949412,
       12.1086321
      ],
      [
       -68.9493657,
       12.1086168
      ],
      [
       -68.9493705,
       12.1086015
      ],
      [
       -68.9493702,
       12.108591
      ],
      [
       -68.9493655,
       12.1085828
      ],
      [
       -68.9493702,
       12.1085635
      ],
      [
       -68.9493789,
       12.1085513
      ],
      [
       -68.9493846,
       12.1085317
      ],
      [
       -68.9493809,
       12.108505
      ],
      [
       -68.9493119,
       12.1085341
      ],
      [
       -68.9493243,
       12.1085537
      ],
      [
       -68.9493271,
       12.1085846
      ],
      [
       -68.9493164,
       12.1086039
      ],
      [
       -68.9493271,
       12.1086171
      ],
      [
       -68.9493293,
       12.10863
      ],
      [
       -68.9493229,
       12.1086438
      ],
      [
       -68.949338,
       12.1086684
      ],
      [
       -68.9493248,
       12.1086867
      ],
      [
       -68.9493115,
       12.1086857
      ],
      [
       -68.9492981,
       12.1086752
      ],
      [
       -68.9493005,
       12.1086916
      ],
      [
       -68.9492949,
       12.1087009
      ],
      [
       -68.9492489,
       12.1087227
      ],
      [
       -68.9492312,
       12.1087367
      ],
      [
       -68.9492273,
       12.1087538
      ],
      [
       -68.9492047,
       12.108766
      ],
      [
       -68.9491743,
       12.1087538
      ],
      [
       -68.9490816,
       12.1087823
      ],
      [
       -68.9490493,
       12.1087451
      ],
      [
       -68.9490138,
       12.1087693
      ],
      [
       -68.9490074,
       12.108769
      ],
      [
       -68.948997,
       12.1087572
      ],
      [
       -68.948987,
       12.1087654
      ],
      [
       -68.94899,
       12.10879
      ],
      [
       -68.9489652,
       12.1087926
      ],
      [
       -68.9489585,
       12.1087775
      ],
      [
       -68.9489283,
       12.1087874
      ],
      [
       -68.9489132,
       12.108809
      ],
      [
       -68.9489064,
       12.108831
      ],
      [
       -68.9488965,
       12.1088555
      ],
      [
       -68.9488956,
       12.1088731
      ],
      [
       -68.9488907,
       12.1088873
      ],
      [
       -68.9488512,
       12.1088999
      ],
      [
       -68.9488472,
       12.1089126
      ],
      [
       -68.9488636,
       12.1089281
      ],
      [
       -68.9488202,
       12.1089887
      ],
      [
       -68.94879,
       12.1089882
      ],
      [
       -68.9487779,
       12.108992
      ],
      [
       -68.9487398,
       12.1089972
      ],
      [
       -68.9487305,
       12.1090036
      ],
      [
       -68.9486839,
       12.1090181
      ],
      [
       -68.9486643,
       12.109013
      ],
      [
       -68.9486581,
       12.1089989
      ],
      [
       -68.94864,
       12.1090017
      ],
      [
       -68.9486163,
       12.1089989
      ],
      [
       -68.9486082,
       12.1089862
      ],
      [
       -68.9485371,
       12.1089796
      ],
      [
       -68.9485261,
       12.1089655
      ],
      [
       -68.9485103,
       12.108968
      ],
      [
       -68.9484787,
       12.1089537
      ],
      [
       -68.9484556,
       12.1089441
      ],
      [
       -68.9484395,
       12.108929
      ],
      [
       -68.948423,
       12.1089237
      ],
      [
       -68.9483989,
       12.1089336
      ],
      [
       -68.9483811,
       12.1089024
      ],
      [
       -68.9483667,
       12.1089044
      ],
      [
       -68.9483603,
       12.1089149
      ],
      [
       -68.9483154,
       12.10891
      ],
      [
       -68.9482952,
       12.1088977
      ],
      [
       -68.9482946,
       12.1088775
      ],
      [
       -68.9482809,
       12.108867
      ],
      [
       -68.9482598,
       12.1088611
      ],
      [
       -68.9482527,
       12.1088473
      ],
      [
       -68.948238,
       12.1088467
      ],
      [
       -68.9482209,
       12.1088516
      ],
      [
       -68.9481588,
       12.1088161
      ],
      [
       -68.9481564,
       12.1087748
      ],
      [
       -68.9481309,
       12.1087748
      ],
      [
       -68.9480719,
       12.1087576
      ],
      [
       -68.948046,
       12.1087479
      ],
      [
       -68.9480268,
       12.1087424
      ],
      [
       -68.9479872,
       12.108748
      ],
      [
       -68.9479603,
       12.108737
      ],
      [
       -68.9479276,
       12.1087311
      ],
      [
       -68.9479192,
       12.1087214
      ],
      [
       -68.9479208,
       12.1087097
      ],
      [
       -68.9478929,
       12.1087046
      ],
      [
       -68.9478662,
       12.1086941
      ],
      [
       -68.9478721,
       12.1086598
      ],
      [
       -68.9478578,
       12.1086578
      ],
      [
       -68.9478534,
       12.1086847
      ],
      [
       -68.9478283,
       12.1086894
      ],
      [
       -68.9478024,
       12.108682
      ],
      [
       -68.9478048,
       12.1086711
      ],
      [
       -68.9478179,
       12.1086621
      ],
      [
       -68.9478131,
       12.1086458
      ],
      [
       -68.9477896,
       12.1086411
      ],
      [
       -68.9477645,
       12.1086407
      ],
      [
       -68.9477257,
       12.1086628
      ]
     ]
    ]
   }
  },
  {
   "type": "Feature",
   "id": "way/453641319",
   "properties": {
    "wetland": "mangrove",
    "name": ""
   },
   "geometry": {
    "type": "Polygon",
    "coordinates": [
     [
      [
       -68.9500757,
       12.1092129
      ],
      [
       -68.9496523,
       12.1090991
      ],
      [
       -68.9495703,
       12.1089753
      ],
      [
       -68.9496714,
       12.108662
      ],
      [
       -68.9497782,
       12.1085604
      ],
      [
       -68.9500722,
       12.1086423
      ],
      [
       -68.9501339,
       12.1086895
      ],
      [
       -68.9501714,
       12.108755
      ],
      [
       -68.9501714,
       12.1088232
      ],
      [
       -68.9501714,
       12.1089045
      ],
      [
       -68.9500757,
       12.1092129
      ]
     ]
    ]
   }
  },
  {
   "type": "Feature",
   "id": "way/1006855990",
   "properties": {
    "wetland": "mangrove",
    "name": ""
   },
   "geometry": {
    "type": "Polygon",
    "coordinates": [
     [
      [
       -68.8151059,
       12.1178441
      ],
      [
       -68.8151635,
       12.1177196
      ],
      [
       -68.8151917,
       12.1176671
      ],
      [
       -68.8152064,
       12.1176029
      ],
      [
       -68.8152172,
       12.1175556
      ],
      [
       -68.8152346,
       12.117532
      ],
      [
       -68.8152802,
       12.1174914
      ],
      [
       -68.8153553,
       12.1174062
      ],
      [
       -68.8154398,
       12.1173537
      ],
      [
       -68.815527,
       12.1172908
      ],
      [
       -68.8155726,
       12.1172331
      ],
      [
       -68.8156034,
       12.1171138
      ],
      [
       -68.8155337,
       12.1170574
      ],
      [
       -68.8154022,
       12.1169905
      ],
      [
       -68.8153312,
       12.1169289
      ],
      [
       -68.8152775,
       12.1168292
      ],
      [
       -68.8152561,
       12.1167715
      ],
      [
       -68.8152467,
       12.1167519
      ],
      [
       -68.81519,
       12.1167196
      ],
      [
       -68.8152413,
       12.1165801
      ],
      [
       -68.8152709,
       12.1164225
      ],
      [
       -68.8151709,
       12.1162282
      ],
      [
       -68.8151427,
       12.1161344
      ],
      [
       -68.8152299,
       12.1161055
      ],
      [
       -68.8153013,
       12.1161072
      ],
      [
       -68.8154017,
       12.1162407
      ],
      [
       -68.8154398,
       12.1163611
      ],
      [
       -68.81547,
       12.1165432
      ],
      [
       -68.8155004,
       12.1166638
      ],
      [
       -68.8154975,
       12.1167492
      ],
      [
       -68.8155672,
       12.1168122
      ],
      [
       -68.8155994,
       12.1168856
      ],
      [
       -68.8156691,
       12.1170416
      ],
      [
       -68.8156182,
       12.1172016
      ],
      [
       -68.8155782,
       12.1173095
      ],
      [
       -68.8154376,
       12.1174362
      ],
      [
       -68.8152775,
       12.1176619
      ],
      [
       -68.8151736,
       12.1178185
      ],
      [
       -68.8151059,
       12.1178441
      ]
     ]
    ]
   }
  },
  {
   "type": "Feature",
   "id": "way/1035323105",
   "properties": {
    "wetland": "mangrove",
    "name": ""
   },
   "geometry": {
    "type": "Polygon",
    "coordinates": [
     [
      [
       -68.8233084,
       12.0480059
      ],
      [
       -68.823436,
       12.0481558
      ],
      [
       -68.8235047,
       12.0484915
      ],
      [
       -68.8233158,
       12.0487979
      ],
      [
       -68.8231611,
       12.0491062
      ],
      [
       -68.8230841,
       12.0492596
      ],
      [
       -68.8229725,
       12.0495786
      ],
      [
       -68.8228051,
       12.0495869
      ],
      [
       -68.8226549,
       12.0495911
      ],
      [
       -68.8226206,
       12.0493099
      ],
      [
       -68.8225262,
       12.0493225
      ],
      [
       -68.8224575,
       12.0495198
      ],
      [
       -68.8221958,
       12.0494778
      ],
      [
       -68.8220327,
       12.0493645
      ],
      [
       -68.8220114,
       12.049332
      ],
      [
       -68.8218653,
       12.0491085
      ],
      [
       -68.8218052,
       12.0488231
      ],
      [
       -68.8217666,
       12.0485503
      ],
      [
       -68.8219597,
       12.0483362
      ],
      [
       -68.8222301,
       12.0481054
      ],
      [
       -68.8223717,
       12.0479291
      ],
      [
       -68.8225762,
       12.047926
      ],
      [
       -68.8224201,
       12.0482773
      ],
      [
       -68.8222484,
       12.0486576
      ],
      [
       -68.8223691,
       12.0488543
      ],
      [
       -68.8227097,
       12.0490091
      ],
      [
       -68.8229347,
       12.0488918
      ],
      [
       -68.8233084,
       12.0480059
      ]
     ]
    ]
   }
  },
  {
   "type": "Feature",
   "id": "way/1035323108",
   "properties": {
    "wetland": "mangrove",
    "name": ""
   },
   "geometry": {
    "type": "Polygon",
    "coordinates": [
     [
      [
       -68.8196168,
       12.0443014
      ],
      [
       -68.8197441,
       12.0443081
      ],
      [
       -68.820033,
       12.0442574
      ],
      [
       -68.8202948,
       12.0442007
      ],
      [
       -68.8203699,
       12.0442133
      ],
      [
       -68.8205459,
       12.0441671
      ],
      [
       -68.820872,
       12.0440937
      ],
      [
       -68.8210137,
       12.0441
      ],
      [
       -68.8211338,
       12.0441567
      ],
      [
       -68.8215844,
       12.044207
      ],
      [
       -68.821887,
       12.0442028
      ],
      [
       -68.822035,
       12.0442511
      ],
      [
       -68.822359,
       12.0443413
      ],
      [
       -68.8225329,
       12.0444274
      ],
      [
       -68.8225886,
       12.0445113
      ],
      [
       -68.8225716,
       12.0445445
      ],
      [
       -68.8219291,
       12.0443322
      ],
      [
       -68.8211539,
       12.0442673
      ],
      [
       -68.8209269,
       12.0442041
      ],
      [
       -68.8207312,
       12.0442482
      ],
      [
       -68.8201425,
       12.044314
      ],
      [
       -68.8198839,
       12.0443969
      ],
      [
       -68.8198131,
       12.0444673
      ],
      [
       -68.820059,
       12.0446269
      ],
      [
       -68.8200974,
       12.0447233
      ],
      [
       -68.8198721,
       12.0446162
      ],
      [
       -68.819724,
       12.0445239
      ],
      [
       -68.8196425,
       12.0444525
      ],
      [
       -68.8196168,
       12.0443014
      ]
     ]
    ]
   }
  },
  {
   "type": "Feature",
   "id": "way/1035465128",
   "properties": {
    "wetland": "mangrove",
    "name": ""
   },
   "geometry": {
    "type": "Polygon",
    "coordinates": [
     [
      [
       -68.8389429,
       12.0777004
      ],
      [
       -68.8391189,
       12.0775514
      ],
      [
       -68.8392369,
       12.0775787
      ],
      [
       -68.8393056,
       12.0774759
      ],
      [
       -68.8393735,
       12.07746
      ],
      [
       -68.8396274,
       12.0774004
      ],
      [
       -68.8398549,
       12.0773227
      ],
      [
       -68.8400051,
       12.0774151
      ],
      [
       -68.8401896,
       12.0773605
      ],
      [
       -68.8403763,
       12.0774507
      ],
      [
       -68.8403549,
       12.07735
      ],
      [
       -68.8402519,
       12.0772304
      ],
      [
       -68.8401639,
       12.0771213
      ],
      [
       -68.8400308,
       12.0770982
      ],
      [
       -68.839842,
       12.0770479
      ],
      [
       -68.8397262,
       12.0769702
      ],
      [
       -68.8396403,
       12.0769178
      ],
      [
       -68.8395738,
       12.0769513
      ],
      [
       -68.8395287,
       12.0769157
      ],
      [
       -68.8395523,
       12.0767877
      ],
      [
       -68.8395287,
       12.0767289
      ],
      [
       -68.8394172,
       12.0767163
      ],
      [
       -68.8392219,
       12.0766974
      ],
      [
       -68.8391017,
       12.0767562
      ],
      [
       -68.8391017,
       12.0768296
      ],
      [
       -68.8390631,
       12.0769325
      ],
      [
       -68.8392455,
       12.0769891
      ],
      [
       -68.8392133,
       12.0770625
      ],
      [
       -68.8390889,
       12.0770625
      ],
      [
       -68.8390459,
       12.0771318
      ],
      [
       -68.8389258,
       12.077243
      ],
      [
       -68.8386361,
       12.0773773
      ],
      [
       -68.8384864,
       12.0774458
      ],
      [
       -68.8384036,
       12.076822
      ],
      [
       -68.8385837,
       12.0766451
      ],
      [
       -68.8388378,
       12.0766555
      ],
      [
       -68.8388872,
       12.0764771
      ],
      [
       -68.8390138,
       12.0765359
      ],
      [
       -68.8391661,
       12.0765527
      ],
      [
       -68.8391704,
       12.0764858
      ],
      [
       -68.8391382,
       12.0763512
      ],
      [
       -68.8391725,
       12.0763281
      ],
      [
       -68.8393022,
       12.0764837
      ],
      [
       -68.8397206,
       12.0766783
      ],
      [
       -68.8398176,
       12.0768105
      ],
      [
       -68.8402786,
       12.0770122
      ],
      [
       -68.8405174,
       12.0774136
      ],
      [
       -68.8405201,
       12.0775431
      ],
      [
       -68.8407002,
       12.0777026
      ],
      [
       -68.8407347,
       12.077841
      ],
      [
       -68.8408358,
       12.0781081
      ],
      [
       -68.8407655,
       12.0781328
      ],
      [
       -68.8406288,
       12.0777538
      ],
      [
       -68.8403699,
       12.0776387
      ],
      [
       -68.8400447,
       12.0775803
      ],
      [
       -68.8392952,
       12.0778734
      ],
      [
       -68.8391604,
       12.0781158
      ],
      [
       -68.8391565,
       12.0783636
      ],
      [
       -68.8388913,
       12.078924
      ],
      [
       -68.8388097,
       12.0795354
      ],
      [
       -68.8388862,
       12.079715
      ],
      [
       -68.8387203,
       12.0797999
      ],
      [
       -68.838557,
       12.0794095
      ],
      [
       -68.8384709,
       12.0790958
      ],
      [
       -68.8383421,
       12.0789552
      ],
      [
       -68.8383421,
       12.0788293
      ],
      [
       -68.8383271,
       12.0786719
      ],
      [
       -68.8381512,
       12.0785985
      ],
      [
       -68.8382735,
       12.0784516
      ],
      [
       -68.8383482,
       12.0785098
      ],
      [
       -68.838473,
       12.0786069
      ],
      [
       -68.8384945,
       12.0789237
      ],
      [
       -68.8385782,
       12.0789594
      ],
      [
       -68.8386962,
       12.0790895
      ],
      [
       -68.8387327,
       12.0788922
      ],
      [
       -68.8388314,
       12.0787223
      ],
      [
       -68.8388936,
       12.0784999
      ],
      [
       -68.8387734,
       12.0782879
      ],
      [
       -68.8387949,
       12.0781453
      ],
      [
       -68.8389837,
       12.077948
      ],
      [
       -68.838948,
       12.077731
      ],
      [
       -68.8389429,
       12.0777004
      ]
     ]
    ]
   }
  },
  {
   "type": "Feature",
   "id": "way/1035465145",
   "properties": {
    "wetland": "mangrove",
    "name": ""
   },
   "geometry": {
    "type": "Polygon",
    "coordinates": [
     [
      [
       -68.8428959,
       12.0731183
      ],
      [
       -68.8429411,
       12.0730671
      ],
      [
       -68.8429979,
       12.0730998
      ],
      [
       -68.8430213,
       12.0731897
      ],
      [
       -68.8429129,
       12.0733155
      ],
      [
       -68.8427751,
       12.0734632
      ],
      [
       -68.8427263,
       12.0734641
      ],
      [
       -68.8427011,
       12.0734103
      ],
      [
       -68.8427525,
       12.0733609
      ],
      [
       -68.8428571,
       12.073285
      ],
      [
       -68.842849,
       12.07324
      ],
      [
       -68.8429005,
       12.0732109
      ],
      [
       -68.8429248,
       12.0731642
      ],
      [
       -68.8428959,
       12.0731183
      ]
     ]
    ]
   }
  },
  {
   "type": "Feature",
   "id": "way/1035465146",
   "properties": {
    "wetland": "mangrove",
    "name": ""
   },
   "geometry": {
    "type": "Polygon",
    "coordinates": [
     [
      [
       -68.8428238,
       12.0730856
      ],
      [
       -68.842714,
       12.0729914
      ],
      [
       -68.8426603,
       12.0729033
      ],
      [
       -68.8426818,
       12.0728172
      ],
      [
       -68.8426839,
       12.0727018
      ],
      [
       -68.8426432,
       12.072555
      ],
      [
       -68.8426477,
       12.0724417
      ],
      [
       -68.8425573,
       12.0723808
      ],
      [
       -68.8424445,
       12.0723808
      ],
      [
       -68.8423706,
       12.0723095
      ],
      [
       -68.8422763,
       12.0722373
      ],
      [
       -68.8421883,
       12.0722591
      ],
      [
       -68.8421046,
       12.0721919
      ],
      [
       -68.8420982,
       12.0720884
      ],
      [
       -68.8419715,
       12.0719506
      ],
      [
       -68.8419758,
       12.0718877
      ],
      [
       -68.8420187,
       12.0717576
      ],
      [
       -68.8420552,
       12.0716254
      ],
      [
       -68.8420338,
       12.0715813
      ],
      [
       -68.8420488,
       12.0715205
      ],
      [
       -68.8421174,
       12.0715079
      ],
      [
       -68.842229,
       12.0715813
      ],
      [
       -68.8422305,
       12.0716207
      ],
      [
       -68.8422247,
       12.0717576
      ],
      [
       -68.8422312,
       12.0718961
      ],
      [
       -68.8422955,
       12.0720702
      ],
      [
       -68.8424053,
       12.072102
      ],
      [
       -68.8424694,
       12.0722276
      ],
      [
       -68.8425598,
       12.0722145
      ],
      [
       -68.8427075,
       12.0723535
      ],
      [
       -68.8427462,
       12.0724521
      ],
      [
       -68.8427118,
       12.0725885
      ],
      [
       -68.8427912,
       12.0727102
      ],
      [
       -68.8427762,
       12.072855
      ],
      [
       -68.8427723,
       12.072896
      ],
      [
       -68.8428175,
       12.0729507
      ],
      [
       -68.8428526,
       12.0729648
      ],
      [
       -68.8428921,
       12.0730152
      ],
      [
       -68.8428644,
       12.0730768
      ],
      [
       -68.8428238,
       12.0730856
      ]
     ]
    ]
   }
  },
  {
   "type": "Feature",
   "id": "way/1035465147",
   "properties": {
    "wetland": "mangrove",
    "name": ""
   },
   "geometry": {
    "type": "Polygon",
    "coordinates": [
     [
      [
       -68.8430652,
       12.0710904
      ],
      [
       -68.8427504,
       12.0711707
      ],
      [
       -68.8425609,
       12.0712183
      ],
      [
       -68.8424375,
       12.0712076
      ],
      [
       -68.8424085,
       12.0712483
      ],
      [
       -68.8423354,
       12.0712668
      ],
      [
       -68.8423293,
       12.0714161
      ],
      [
       -68.8423047,
       12.0714318
      ],
      [
       -68.8422082,
       12.071318
      ],
      [
       -68.8421725,
       12.071113
      ],
      [
       -68.8424454,
       12.0708778
      ],
      [
       -68.8428208,
       12.0708496
      ],
      [
       -68.8428307,
       12.0707984
      ],
      [
       -68.8428731,
       12.0707666
      ],
      [
       -68.842985,
       12.0707763
      ],
      [
       -68.8431131,
       12.0708601
      ],
      [
       -68.8431645,
       12.0709519
      ],
      [
       -68.8431333,
       12.0710362
      ],
      [
       -68.8430652,
       12.0710904
      ]
     ]
    ]
   }
  },
  {
   "type": "Feature",
   "id": "way/1035582756",
   "properties": {
    "wetland": "mangrove",
    "name": ""
   },
   "geometry": {
    "type": "Polygon",
    "coordinates": [
     [
      [
       -68.8425735,
       12.0734966
      ],
      [
       -68.8425338,
       12.0734557
      ],
      [
       -68.8424533,
       12.073419
      ],
      [
       -68.8422576,
       12.0733801
      ],
      [
       -68.8420607,
       12.0734694
      ],
      [
       -68.8420295,
       12.0735092
      ],
      [
       -68.8420167,
       12.0736047
      ],
      [
       -68.8420102,
       12.0736676
      ],
      [
       -68.8420392,
       12.0736939
      ],
      [
       -68.8421336,
       12.0737201
      ],
      [
       -68.8421465,
       12.0737442
      ],
      [
       -68.8421341,
       12.0738295
      ],
      [
       -68.8421025,
       12.0738575
      ],
      [
       -68.8420059,
       12.0738533
      ],
      [
       -68.8419662,
       12.0738156
      ],
      [
       -68.8419641,
       12.0737757
      ],
      [
       -68.8418795,
       12.073781
      ],
      [
       -68.8418053,
       12.073868
      ],
      [
       -68.8417731,
       12.0738449
      ],
      [
       -68.8417422,
       12.0737826
      ],
      [
       -68.8416755,
       12.0737222
      ],
      [
       -68.8416991,
       12.0737096
      ],
      [
       -68.8417678,
       12.0737316
      ],
      [
       -68.8418236,
       12.0736666
      ],
      [
       -68.8418085,
       12.0736162
      ],
      [
       -68.8417613,
       12.0735869
      ],
      [
       -68.8417763,
       12.0735512
      ],
      [
       -68.8418311,
       12.0735019
      ],
      [
       -68.8418472,
       12.0733938
      ],
      [
       -68.8418493,
       12.0732795
      ],
      [
       -68.8418675,
       12.0731987
      ],
      [
       -68.8419233,
       12.0731557
      ],
      [
       -68.8420746,
       12.0731053
      ],
      [
       -68.8421883,
       12.0731221
      ],
      [
       -68.8422259,
       12.0731609
      ],
      [
       -68.842287,
       12.0732102
      ],
      [
       -68.8424415,
       12.0732795
      ],
      [
       -68.8425134,
       12.0733487
      ],
      [
       -68.8426003,
       12.0733959
      ],
      [
       -68.8426888,
       12.0734393
      ],
      [
       -68.8426615,
       12.0734914
      ],
      [
       -68.8425735,
       12.0734966
      ]
     ]
    ]
   }
  },
  {
   "type": "Feature",
   "id": "way/1035582757",
   "properties": {
    "wetland": "mangrove",
    "name": ""
   },
   "geometry": {
    "type": "Polygon",
    "coordinates": [
     [
      [
       -68.8421854,
       12.0749309
      ],
      [
       -68.8420017,
       12.0749545
      ],
      [
       -68.8418716,
       12.0750424
      ],
      [
       -68.8417482,
       12.0752981
      ],
      [
       -68.8415739,
       12.0753952
      ],
      [
       -68.8414063,
       12.0753729
      ],
      [
       -68.8413218,
       12.0752575
      ],
      [
       -68.8410898,
       12.0751906
      ],
      [
       -68.8409972,
       12.0750293
      ],
      [
       -68.8410562,
       12.0748719
      ],
      [
       -68.8408135,
       12.074506
      ],
      [
       -68.8408105,
       12.0744023
      ],
      [
       -68.8409407,
       12.0742626
      ],
      [
       -68.8410759,
       12.0741428
      ],
      [
       -68.8411218,
       12.0739706
      ],
      [
       -68.8412622,
       12.0739082
      ],
      [
       -68.8414536,
       12.0738458
      ],
      [
       -68.8415607,
       12.0738059
      ],
      [
       -68.8416458,
       12.0738118
      ],
      [
       -68.8417375,
       12.0739093
      ],
      [
       -68.8415618,
       12.0740628
      ],
      [
       -68.8416262,
       12.0742346
      ],
      [
       -68.8415325,
       12.0744944
      ],
      [
       -68.8418956,
       12.0748548
      ],
      [
       -68.8422203,
       12.0748942
      ],
      [
       -68.8421854,
       12.0749309
      ]
     ]
    ]
   }
  },
  {
   "type": "Feature",
   "id": "way/1035582760",
   "properties": {
    "wetland": "mangrove",
    "name": ""
   },
   "geometry": {
    "type": "Polygon",
    "coordinates": [
     [
      [
       -68.842265,
       12.0749819
      ],
      [
       -68.8423658,
       12.0748984
      ],
      [
       -68.8424245,
       12.0748685
      ],
      [
       -68.8424907,
       12.0748974
      ],
      [
       -68.8425304,
       12.0749521
      ],
      [
       -68.8425508,
       12.0750718
      ],
      [
       -68.8426248,
       12.0751779
      ],
      [
       -68.8426427,
       12.0752191
      ],
      [
       -68.8426108,
       12.0752515
      ],
      [
       -68.8426261,
       12.0754199
      ],
      [
       -68.8427601,
       12.0756645
      ],
      [
       -68.84288,
       12.0757468
      ],
      [
       -68.8428946,
       12.0758387
      ],
      [
       -68.8428354,
       12.0758416
      ],
      [
       -68.8428226,
       12.075894
      ],
      [
       -68.8427371,
       12.0758803
      ],
      [
       -68.8427078,
       12.0759127
      ],
      [
       -68.8426695,
       12.0759427
      ],
      [
       -68.8426083,
       12.0759414
      ],
      [
       -68.8425891,
       12.075914
      ],
      [
       -68.8425241,
       12.0758628
      ],
      [
       -68.8424296,
       12.0758479
      ],
      [
       -68.8423824,
       12.0758129
      ],
      [
       -68.842237,
       12.0757992
      ],
      [
       -68.8420048,
       12.075798
      ],
      [
       -68.8419104,
       12.0758441
      ],
      [
       -68.84176,
       12.0759538
      ],
      [
       -68.8417432,
       12.0760213
      ],
      [
       -68.8417381,
       12.0762222
      ],
      [
       -68.8417886,
       12.0762813
      ],
      [
       -68.8420059,
       12.0763848
      ],
      [
       -68.8420647,
       12.0765104
      ],
      [
       -68.842089,
       12.0765416
      ],
      [
       -68.8421273,
       12.0766476
      ],
      [
       -68.8421362,
       12.0767412
      ],
      [
       -68.8421963,
       12.0767823
      ],
      [
       -68.8421885,
       12.0768984
      ],
      [
       -68.8421579,
       12.0769134
      ],
      [
       -68.8420992,
       12.0769358
      ],
      [
       -68.8420494,
       12.0769084
      ],
      [
       -68.841992,
       12.076836
      ],
      [
       -68.8420265,
       12.0768111
      ],
      [
       -68.8420737,
       12.0767636
      ],
      [
       -68.8420609,
       12.0767025
      ],
      [
       -68.8420265,
       12.0766189
      ],
      [
       -68.8419639,
       12.0765141
      ],
      [
       -68.8418504,
       12.0764056
      ],
      [
       -68.8417866,
       12.0763831
      ],
      [
       -68.8417075,
       12.0763145
      ],
      [
       -68.8416169,
       12.0763132
      ],
      [
       -68.8415735,
       12.0762933
      ],
      [
       -68.8415876,
       12.0762334
      ],
      [
       -68.8414817,
       12.0762434
      ],
      [
       -68.8415263,
       12.076201
      ],
      [
       -68.8415531,
       12.0760462
      ],
      [
       -68.8415416,
       12.0759564
      ],
      [
       -68.8415888,
       12.0758841
      ],
      [
       -68.8416667,
       12.0758641
      ],
      [
       -68.8417662,
       12.075793
      ],
      [
       -68.8418568,
       12.0757169
      ],
      [
       -68.8419576,
       12.0757044
      ],
      [
       -68.8420877,
       12.0757006
      ],
      [
       -68.8422115,
       12.0756869
      ],
      [
       -68.8422791,
       12.0756832
      ],
      [
       -68.8423352,
       12.0757331
      ],
      [
       -68.8424245,
       12.0757081
      ],
      [
       -68.8425304,
       12.0757443
      ],
      [
       -68.8426121,
       12.0757668
      ],
      [
       -68.8426223,
       12.0757468
      ],
      [
       -68.842584,
       12.0757094
      ],
      [
       -68.8424973,
       12.0756208
      ],
      [
       -68.8424794,
       12.0755372
      ],
      [
       -68.8424756,
       12.0754112
      ],
      [
       -68.8424717,
       12.0753164
      ],
      [
       -68.8424603,
       12.0751991
      ],
      [
       -68.8423863,
       12.0751217
      ],
      [
       -68.8423977,
       12.0750531
      ],
      [
       -68.8423658,
       12.0750094
      ],
      [
       -68.8422944,
       12.0750481
      ],
      [
       -68.8422434,
       12.0750332
      ],
      [
       -68.842265,
       12.0749819
      ]
     ]
    ]
   }
  },
  {
   "type": "Feature",
   "id": "way/1035582761",
   "properties": {
    "wetland": "mangrove",
    "name": ""
   },
   "geometry": {
    "type": "Polygon",
    "coordinates": [
     [
      [
       -68.8419091,
       12.0768185
      ],
      [
       -68.8416475,
       12.076661
      ],
      [
       -68.8415754,
       12.0765727
      ],
      [
       -68.8413509,
       12.0765698
      ],
      [
       -68.8412584,
       12.0765991
      ],
      [
       -68.8412044,
       12.0766996
      ],
      [
       -68.8410808,
       12.0767545
      ],
      [
       -68.8410914,
       12.0768717
      ],
      [
       -68.8410686,
       12.0770631
      ],
      [
       -68.8410679,
       12.077184
      ],
      [
       -68.8411119,
       12.077227
      ],
      [
       -68.8411324,
       12.0772968
      ],
      [
       -68.8411329,
       12.0774629
      ],
      [
       -68.8411654,
       12.0775211
      ],
      [
       -68.8412962,
       12.0776164
      ],
      [
       -68.8413694,
       12.0777847
      ],
      [
       -68.8414204,
       12.0778602
      ],
      [
       -68.8414944,
       12.0779756
      ],
      [
       -68.8415046,
       12.0780724
      ],
      [
       -68.8414587,
       12.078171
      ],
      [
       -68.8413745,
       12.0783606
      ],
      [
       -68.8412826,
       12.0784692
      ],
      [
       -68.8412163,
       12.0784704
      ],
      [
       -68.8411142,
       12.0784729
      ],
      [
       -68.840979,
       12.0783956
      ],
      [
       -68.8409221,
       12.0783406
      ],
      [
       -68.8411014,
       12.0784118
      ],
      [
       -68.8411754,
       12.078433
      ],
      [
       -68.841275,
       12.0783669
      ],
      [
       -68.8413528,
       12.0782321
      ],
      [
       -68.8413974,
       12.0781498
      ],
      [
       -68.8414217,
       12.0780687
      ],
      [
       -68.8413962,
       12.0779776
      ],
      [
       -68.8413604,
       12.0778977
      ],
      [
       -68.8412686,
       12.0778029
      ],
      [
       -68.8412418,
       12.0777056
      ],
      [
       -68.8411882,
       12.0775908
      ],
      [
       -68.8410644,
       12.0774498
      ],
      [
       -68.8410338,
       12.077385
      ],
      [
       -68.8409853,
       12.0772552
      ],
      [
       -68.8409892,
       12.0771729
      ],
      [
       -68.8409522,
       12.0771292
      ],
      [
       -68.8408973,
       12.0771018
      ],
      [
       -68.8408131,
       12.0770306
      ],
      [
       -68.84072,
       12.0769633
      ],
      [
       -68.8406166,
       12.0769034
      ],
      [
       -68.8406026,
       12.076841
      ],
      [
       -68.8406332,
       12.0767724
      ],
      [
       -68.8406791,
       12.0767063
      ],
      [
       -68.8408131,
       12.0766002
      ],
      [
       -68.8408412,
       12.0766027
      ],
      [
       -68.8408144,
       12.0766701
      ],
      [
       -68.8407263,
       12.0767387
      ],
      [
       -68.8407965,
       12.0767374
      ],
      [
       -68.8408782,
       12.0767349
      ],
      [
       -68.8409522,
       12.0767075
      ],
      [
       -68.8410121,
       12.076705
      ],
      [
       -68.8410287,
       12.0766751
      ],
      [
       -68.8410963,
       12.0766526
      ],
      [
       -68.8411857,
       12.0766039
      ],
      [
       -68.8412329,
       12.0765179
      ],
      [
       -68.8413298,
       12.0764904
      ],
      [
       -68.8413936,
       12.0764879
      ],
      [
       -68.841488,
       12.0764617
      ],
      [
       -68.8416207,
       12.076448
      ],
      [
       -68.8416871,
       12.0765041
      ],
      [
       -68.8417496,
       12.0766426
      ],
      [
       -68.8418772,
       12.0767075
      ],
      [
       -68.8419368,
       12.0767937
      ],
      [
       -68.8419091,
       12.0768185
      ]
     ]
    ]
   }
  },
  {
   "type": "Feature",
   "id": "way/1035582818",
   "properties": {
    "wetland": "mangrove",
    "name": ""
   },
   "geometry": {
    "type": "Polygon",
    "coordinates": [
     [
      [
       -68.8478154,
       12.0731169
      ],
      [
       -68.8478163,
       12.0731689
      ],
      [
       -68.8478614,
       12.0731892
      ],
      [
       -68.847856,
       12.073228
      ],
      [
       -68.8477053,
       12.0732157
      ],
      [
       -68.8476421,
       12.0732466
      ],
      [
       -68.8475943,
       12.0733021
      ],
      [
       -68.8475754,
       12.0733533
      ],
      [
       -68.8475871,
       12.0734212
      ],
      [
       -68.8475863,
       12.0735202
      ],
      [
       -68.8475537,
       12.0736542
      ],
      [
       -68.8474996,
       12.073685
      ],
      [
       -68.8474752,
       12.0738209
      ],
      [
       -68.8472759,
       12.0738809
      ],
      [
       -68.8471902,
       12.0738244
      ],
      [
       -68.8472064,
       12.0737636
      ],
      [
       -68.8473165,
       12.0737477
      ],
      [
       -68.847394,
       12.0736921
      ],
      [
       -68.8474779,
       12.0736224
      ],
      [
       -68.8474978,
       12.0735942
      ],
      [
       -68.8474924,
       12.0735298
      ],
      [
       -68.8475294,
       12.0734786
      ],
      [
       -68.8474996,
       12.0733904
      ],
      [
       -68.8474915,
       12.0733321
      ],
      [
       -68.8475357,
       12.0732748
      ],
      [
       -68.8475501,
       12.0732051
      ],
      [
       -68.8475375,
       12.0731592
      ],
      [
       -68.8475285,
       12.0731186
      ],
      [
       -68.8475474,
       12.0730613
      ],
      [
       -68.8475682,
       12.0730331
      ],
      [
       -68.8476178,
       12.0730322
      ],
      [
       -68.847643,
       12.0730604
      ],
      [
       -68.8476963,
       12.0730587
      ],
      [
       -68.8477279,
       12.0730657
      ],
      [
       -68.8478154,
       12.0731169
      ]
     ]
    ]
   }
  },
  {
   "type": "Feature",
   "id": "way/1035582819",
   "properties": {
    "wetland": "mangrove",
    "name": ""
   },
   "geometry": {
    "type": "Polygon",
    "coordinates": [
     [
      [
       -68.8472127,
       12.0736198
      ],
      [
       -68.8472244,
       12.0736815
      ],
      [
       -68.8471807,
       12.0737115
      ],
      [
       -68.8471279,
       12.0737168
      ],
      [
       -68.8470774,
       12.0736965
      ],
      [
       -68.8470711,
       12.073685
      ],
      [
       -68.8472127,
       12.0736198
      ]
     ]
    ]
   }
  },
  {
   "type": "Feature",
   "id": "way/1035582820",
   "properties": {
    "wetland": "mangrove",
    "name": ""
   },
   "geometry": {
    "type": "Polygon",
    "coordinates": [
     [
      [
       -68.8472524,
       12.073236
      ],
      [
       -68.8473092,
       12.0732175
      ],
      [
       -68.8473652,
       12.0732316
      ],
      [
       -68.8474058,
       12.0732651
      ],
      [
       -68.8474671,
       12.0732651
      ],
      [
       -68.8474716,
       12.0733771
      ],
      [
       -68.8474202,
       12.0733992
      ],
      [
       -68.8474157,
       12.0734689
      ],
      [
       -68.8473959,
       12.0735095
      ],
      [
       -68.8473625,
       12.0735227
      ],
      [
       -68.8473787,
       12.0735898
      ],
      [
       -68.8473877,
       12.0736171
      ],
      [
       -68.8473354,
       12.0736074
      ],
      [
       -68.8472993,
       12.0735774
      ],
      [
       -68.8472668,
       12.0735421
      ],
      [
       -68.8472919,
       12.0734907
      ],
      [
       -68.8473354,
       12.0734318
      ],
      [
       -68.8473052,
       12.0733274
      ],
      [
       -68.8472759,
       12.0732589
      ],
      [
       -68.8472524,
       12.073236
      ]
     ]
    ]
   }
  },
  {
   "type": "Feature",
   "id": "way/1035582823",
   "properties": {
    "wetland": "mangrove",
    "name": ""
   },
   "geometry": {
    "type": "Polygon",
    "coordinates": [
     [
      [
       -68.847172,
       12.0731134
      ],
      [
       -68.8471956,
       12.0729824
      ],
      [
       -68.8471613,
       12.0729299
      ],
      [
       -68.8469412,
       12.0728421
      ],
      [
       -68.8469575,
       12.0727345
      ],
      [
       -68.8470622,
       12.0727578
      ],
      [
       -68.8472447,
       12.0728202
      ],
      [
       -68.8473506,
       12.0730423
      ],
      [
       -68.8473302,
       12.0730935
      ],
      [
       -68.8472932,
       12.0731234
      ],
      [
       -68.8472306,
       12.0731234
      ],
      [
       -68.847172,
       12.0731134
      ]
     ]
    ]
   }
  },
  {
   "type": "Feature",
   "id": "way/1035589283",
   "properties": {
    "wetland": "mangrove",
    "name": ""
   },
   "geometry": {
    "type": "Polygon",
    "coordinates": [
     [
      [
       -68.8466283,
       12.0730861
      ],
      [
       -68.8465804,
       12.0730835
      ],
      [
       -68.8465407,
       12.0731011
      ],
      [
       -68.8464911,
       12.0731144
      ],
      [
       -68.8464505,
       12.0731258
      ],
      [
       -68.8464217,
       12.0731461
      ],
      [
       -68.8463684,
       12.073177
      ],
      [
       -68.8463206,
       12.0731788
      ],
      [
       -68.8462376,
       12.0731682
      ],
      [
       -68.8462178,
       12.0731294
      ],
      [
       -68.8462223,
       12.0730782
      ],
      [
       -68.8463164,
       12.0730642
      ],
      [
       -68.846335,
       12.0730614
      ],
      [
       -68.8464803,
       12.073027
      ],
      [
       -68.8465272,
       12.0730411
      ],
      [
       -68.8465462,
       12.0730032
      ],
      [
       -68.8465841,
       12.0730059
      ],
      [
       -68.8466382,
       12.0729741
      ],
      [
       -68.8466481,
       12.0729009
      ],
      [
       -68.8466662,
       12.0728965
      ],
      [
       -68.8466797,
       12.0729362
      ],
      [
       -68.8467275,
       12.0729847
      ],
      [
       -68.8467528,
       12.0730173
      ],
      [
       -68.8467519,
       12.0730588
      ],
      [
       -68.846732,
       12.0730853
      ],
      [
       -68.8466734,
       12.0730985
      ],
      [
       -68.8466283,
       12.0730861
      ]
     ]
    ]
   }
  },
  {
   "type": "Feature",
   "id": "way/1035589300",
   "properties": {
    "wetland": "mangrove",
    "name": ""
   },
   "geometry": {
    "type": "Polygon",
    "coordinates": [
     [
      [
       -68.8460447,
       12.0731686
      ],
      [
       -68.8459694,
       12.0731823
      ],
      [
       -68.845898,
       12.0731848
      ],
      [
       -68.8458763,
       12.073221
      ],
      [
       -68.8458572,
       12.0732747
      ],
      [
       -68.8458355,
       12.0733171
      ],
      [
       -68.8457857,
       12.0733358
      ],
      [
       -68.8457679,
       12.0732959
      ],
      [
       -68.8456492,
       12.0732759
      ],
      [
       -68.8455994,
       12.0732497
      ],
      [
       -68.8456135,
       12.0732035
      ],
      [
       -68.8456601,
       12.0731698
      ],
      [
       -68.8457334,
       12.0732023
      ],
      [
       -68.8457934,
       12.0731412
      ],
      [
       -68.8458393,
       12.0731187
      ],
      [
       -68.8459056,
       12.0730875
      ],
      [
       -68.845912,
       12.0730663
      ],
      [
       -68.8460205,
       12.0730563
      ],
      [
       -68.8460511,
       12.073075
      ],
      [
       -68.8460983,
       12.0731025
      ],
      [
       -68.8460702,
       12.0731549
      ],
      [
       -68.8460447,
       12.0731686
      ]
     ]
    ]
   }
  },
  {
   "type": "Feature",
   "id": "way/1035589319",
   "properties": {
    "wetland": "mangrove",
    "name": ""
   },
   "geometry": {
    "type": "Polygon",
    "coordinates": [
     [
      [
       -68.8452397,
       12.0733961
      ],
      [
       -68.845209,
       12.0733634
      ],
      [
       -68.8451387,
       12.0733387
      ],
      [
       -68.8450963,
       12.0733008
      ],
      [
       -68.8450755,
       12.0732743
      ],
      [
       -68.8450736,
       12.0732478
      ],
      [
       -68.8451197,
       12.0732231
      ],
      [
       -68.8451351,
       12.0732161
      ],
      [
       -68.8451675,
       12.0732346
      ],
      [
       -68.8452127,
       12.0732337
      ],
      [
       -68.8452578,
       12.073209
      ],
      [
       -68.8453002,
       12.0732258
      ],
      [
       -68.8453326,
       12.0732346
      ],
      [
       -68.8453561,
       12.0732575
      ],
      [
       -68.8453408,
       12.0733131
      ],
      [
       -68.8453074,
       12.0733943
      ],
      [
       -68.8452758,
       12.0734111
      ],
      [
       -68.8452397,
       12.0733961
      ]
     ]
    ]
   }
  },
  {
   "type": "Feature",
   "id": "way/1035589335",
   "properties": {
    "wetland": "mangrove",
    "name": ""
   },
   "geometry": {
    "type": "Polygon",
    "coordinates": [
     [
      [
       -68.845093,
       12.0729929
      ],
      [
       -68.8450619,
       12.073024
      ],
      [
       -68.8450414,
       12.0731027
      ],
      [
       -68.8450801,
       12.0731123
      ],
      [
       -68.8450323,
       12.0731857
      ],
      [
       -68.8449898,
       12.0731813
      ],
      [
       -68.8449307,
       12.0731249
      ],
      [
       -68.8449109,
       12.0730522
      ],
      [
       -68.8448248,
       12.0729569
      ],
      [
       -68.8446902,
       12.0728846
      ],
      [
       -68.8446765,
       12.0728593
      ],
      [
       -68.8446955,
       12.0728096
      ],
      [
       -68.8447456,
       12.0727992
      ],
      [
       -68.8448009,
       12.0728245
      ],
      [
       -68.8448411,
       12.0728556
      ],
      [
       -68.844917,
       12.0728556
      ],
      [
       -68.845093,
       12.0729929
      ]
     ]
    ]
   }
  },
  {
   "type": "Feature",
   "id": "way/1035589338",
   "properties": {
    "wetland": "mangrove",
    "name": ""
   },
   "geometry": {
    "type": "Polygon",
    "coordinates": [
     [
      [
       -68.844617,
       12.0727131
      ],
      [
       -68.844584,
       12.0726716
      ],
      [
       -68.8445575,
       12.0726308
      ],
      [
       -68.8445051,
       12.0725596
      ],
      [
       -68.8444596,
       12.0725225
      ],
      [
       -68.8444209,
       12.0724958
      ],
      [
       -68.8444035,
       12.0724654
      ],
      [
       -68.8444558,
       12.0724082
      ],
      [
       -68.8444771,
       12.0724105
      ],
      [
       -68.8445188,
       12.0724312
      ],
      [
       -68.8446089,
       12.0724483
      ],
      [
       -68.8446516,
       12.0724565
      ],
      [
       -68.8447145,
       12.0724809
      ],
      [
       -68.8447289,
       12.0725203
      ],
      [
       -68.8447388,
       12.0725833
      ],
      [
       -68.8447292,
       12.0726264
      ],
      [
       -68.8447076,
       12.0726469
      ],
      [
       -68.8446999,
       12.0726875
      ],
      [
       -68.844742,
       12.0727012
      ],
      [
       -68.8447363,
       12.0727231
      ],
      [
       -68.8446725,
       12.0727436
      ],
      [
       -68.844617,
       12.0727131
      ]
     ]
    ]
   }
  },
  {
   "type": "Feature",
   "id": "way/1035589347",
   "properties": {
    "wetland": "mangrove",
    "name": ""
   },
   "geometry": {
    "type": "Polygon",
    "coordinates": [
     [
      [
       -68.8444458,
       12.0723701
      ],
      [
       -68.8444152,
       12.072425
      ],
      [
       -68.8443539,
       12.0724562
      ],
      [
       -68.8443291,
       12.0724519
      ],
      [
       -68.8442812,
       12.0724169
      ],
      [
       -68.8442327,
       12.0723732
      ],
      [
       -68.8442225,
       12.0723371
      ],
      [
       -68.8442755,
       12.0722996
      ],
      [
       -68.844324,
       12.072261
      ],
      [
       -68.8444458,
       12.0723701
      ]
     ]
    ]
   }
  },
  {
   "type": "Feature",
   "id": "way/1035589348",
   "properties": {
    "wetland": "mangrove",
    "name": ""
   },
   "geometry": {
    "type": "Polygon",
    "coordinates": [
     [
      [
       -68.844297,
       12.0722225
      ],
      [
       -68.8442756,
       12.0722687
      ],
      [
       -68.8442144,
       12.0722729
      ],
      [
       -68.8441897,
       12.072319
      ],
      [
       -68.8441538,
       12.0723196
      ],
      [
       -68.8441157,
       12.0722897
      ],
      [
       -68.8440985,
       12.0722456
      ],
      [
       -68.8440626,
       12.0721806
      ],
      [
       -68.8440679,
       12.0721396
      ],
      [
       -68.8440765,
       12.0721155
      ],
      [
       -68.8441178,
       12.0720992
      ],
      [
       -68.8441742,
       12.0720814
      ],
      [
       -68.8441945,
       12.0720825
      ],
      [
       -68.8442326,
       12.0721097
      ],
      [
       -68.8442273,
       12.0721297
      ],
      [
       -68.8442037,
       12.0721506
      ],
      [
       -68.8442155,
       12.0721664
      ],
      [
       -68.8442407,
       12.0721606
      ],
      [
       -68.8442449,
       12.0721653
      ],
      [
       -68.844297,
       12.0722225
      ]
     ]
    ]
   }
  },
  {
   "type": "Feature",
   "id": "way/1035589359",
   "properties": {
    "wetland": "mangrove",
    "name": ""
   },
   "geometry": {
    "type": "Polygon",
    "coordinates": [
     [
      [
       -68.8438658,
       12.0719085
      ],
      [
       -68.8438483,
       12.0718877
      ],
      [
       -68.8438043,
       12.0718306
      ],
      [
       -68.8437538,
       12.0717236
      ],
      [
       -68.8436996,
       12.0715621
      ],
      [
       -68.8436678,
       12.0714886
      ],
      [
       -68.843689,
       12.0714441
      ],
      [
       -68.8436936,
       12.0714152
      ],
      [
       -68.8436647,
       12.0713892
      ],
      [
       -68.8436594,
       12.0713165
      ],
      [
       -68.843626,
       12.0712638
      ],
      [
       -68.8436382,
       12.0712112
      ],
      [
       -68.8437307,
       12.071206
      ],
      [
       -68.8437148,
       12.0712631
      ],
      [
       -68.8437596,
       12.0713121
      ],
      [
       -68.8438195,
       12.0715917
      ],
      [
       -68.8438259,
       12.0716055
      ],
      [
       -68.8438908,
       12.0717164
      ],
      [
       -68.8438961,
       12.0717371
      ],
      [
       -68.8439553,
       12.0718366
      ],
      [
       -68.8439781,
       12.0719078
      ],
      [
       -68.8439591,
       12.0719486
      ],
      [
       -68.843991,
       12.0720012
      ],
      [
       -68.8439677,
       12.0720309
      ],
      [
       -68.8438658,
       12.0719085
      ]
     ]
    ]
   }
  },
  {
   "type": "Feature",
   "id": "way/1035589369",
   "properties": {
    "wetland": "mangrove",
    "name": ""
   },
   "geometry": {
    "type": "Polygon",
    "coordinates": [
     [
      [
       -68.8437409,
       12.0710581
      ],
      [
       -68.8437349,
       12.0711623
      ],
      [
       -68.8437024,
       12.0711729
      ],
      [
       -68.8436393,
       12.07118
      ],
      [
       -68.8436483,
       12.0710935
      ],
      [
       -68.8436005,
       12.0711041
      ],
      [
       -68.843577,
       12.0710618
      ],
      [
       -68.8435635,
       12.071008
      ],
      [
       -68.843494,
       12.0709753
      ],
      [
       -68.8434561,
       12.0709568
      ],
      [
       -68.8434074,
       12.0708624
      ],
      [
       -68.8434137,
       12.0708218
      ],
      [
       -68.843402,
       12.0707874
      ],
      [
       -68.8434273,
       12.0707459
      ],
      [
       -68.8434616,
       12.0707433
      ],
      [
       -68.8434976,
       12.0707327
      ],
      [
       -68.8435166,
       12.0707001
      ],
      [
       -68.843531,
       12.0706621
      ],
      [
       -68.843522,
       12.0706304
      ],
      [
       -68.8435301,
       12.0705765
      ],
      [
       -68.8435644,
       12.0705448
      ],
      [
       -68.8435996,
       12.0705377
      ],
      [
       -68.8436375,
       12.070573
      ],
      [
       -68.8436501,
       12.0706004
      ],
      [
       -68.8436149,
       12.0706798
      ],
      [
       -68.8436122,
       12.0707345
      ],
      [
       -68.8436221,
       12.0707927
      ],
      [
       -68.8436212,
       12.0708394
      ],
      [
       -68.8436438,
       12.0708597
      ],
      [
       -68.8436878,
       12.0708905
      ],
      [
       -68.8437409,
       12.0710581
      ]
     ]
    ]
   }
  },
  {
   "type": "Feature",
   "id": "way/1035597045",
   "properties": {
    "wetland": "mangrove",
    "name": ""
   },
   "geometry": {
    "type": "Polygon",
    "coordinates": [
     [
      [
       -68.8512712,
       12.0750452
      ],
      [
       -68.8512712,
       12.0750054
      ],
      [
       -68.8513174,
       12.0749477
      ],
      [
       -68.8513656,
       12.0749414
      ],
      [
       -68.8513967,
       12.0749854
      ],
      [
       -68.8513957,
       12.0750085
      ],
      [
       -68.8513817,
       12.075039
      ],
      [
       -68.8513399,
       12.0750526
      ],
      [
       -68.8513345,
       12.0750778
      ],
      [
       -68.8512712,
       12.0750452
      ]
     ]
    ]
   }
  },
  {
   "type": "Feature",
   "id": "way/1035597058",
   "properties": {
    "wetland": "mangrove",
    "name": ""
   },
   "geometry": {
    "type": "Polygon",
    "coordinates": [
     [
      [
       -68.8512711,
       12.0762105
      ],
      [
       -68.8512356,
       12.0762347
      ],
      [
       -68.8511541,
       12.0762441
      ],
      [
       -68.8510812,
       12.0762735
      ],
      [
       -68.8509851,
       12.0763195
      ],
      [
       -68.850932,
       12.076306
      ],
      [
       -68.850932,
       12.0762735
      ],
      [
       -68.8509578,
       12.076263
      ],
      [
       -68.8509749,
       12.0762294
      ],
      [
       -68.8510157,
       12.0762399
      ],
      [
       -68.8511101,
       12.0762126
      ],
      [
       -68.8511724,
       12.0761937
      ],
      [
       -68.8512389,
       12.0761812
      ],
      [
       -68.8512711,
       12.0762105
      ]
     ]
    ]
   }
  },
  {
   "type": "Feature",
   "id": "way/1035597067",
   "properties": {
    "wetland": "mangrove",
    "name": ""
   },
   "geometry": {
    "type": "Polygon",
    "coordinates": [
     [
      [
       -68.8501838,
       12.0757065
      ],
      [
       -68.8501383,
       12.0756858
      ],
      [
       -68.8501034,
       12.0756858
      ],
      [
       -68.8500321,
       12.0757006
      ],
      [
       -68.8499836,
       12.0756828
      ],
      [
       -68.8499472,
       12.0756724
      ],
      [
       -68.8499062,
       12.0756457
      ],
      [
       -68.8499107,
       12.0756027
      ],
      [
       -68.8499365,
       12.0756027
      ],
      [
       -68.8499927,
       12.0755982
      ],
      [
       -68.8500458,
       12.0755745
      ],
      [
       -68.8500989,
       12.0755048
      ],
      [
       -68.8501307,
       12.0754395
      ],
      [
       -68.8501702,
       12.0754098
      ],
      [
       -68.8502415,
       12.0754424
      ],
      [
       -68.8501778,
       12.0755285
      ],
      [
       -68.850199,
       12.0755641
      ],
      [
       -68.8501747,
       12.0756056
      ],
      [
       -68.8502324,
       12.0756813
      ],
      [
       -68.8501838,
       12.0757065
      ]
     ]
    ]
   }
  },
  {
   "type": "Feature",
   "id": "way/1035597087",
   "properties": {
    "wetland": "mangrove",
    "name": ""
   },
   "geometry": {
    "type": "Polygon",
    "coordinates": [
     [
      [
       -68.8493066,
       12.0750494
      ],
      [
       -68.8493028,
       12.0750881
      ],
      [
       -68.8492467,
       12.0750944
      ],
      [
       -68.8492211,
       12.0750756
      ],
      [
       -68.8491841,
       12.0750594
      ],
      [
       -68.8491625,
       12.0750083
      ],
      [
       -68.8491395,
       12.0749883
      ],
      [
       -68.8490834,
       12.0749933
      ],
      [
       -68.8490234,
       12.0749808
      ],
      [
       -68.8490068,
       12.0749384
      ],
      [
       -68.8489902,
       12.0749197
      ],
      [
       -68.8489519,
       12.0749197
      ],
      [
       -68.8489098,
       12.0749085
      ],
      [
       -68.848883,
       12.074901
      ],
      [
       -68.848883,
       12.0748773
      ],
      [
       -68.8489009,
       12.074861
      ],
      [
       -68.8489494,
       12.0748473
      ],
      [
       -68.8490017,
       12.0748598
      ],
      [
       -68.8490649,
       12.0748833
      ],
      [
       -68.8491089,
       12.074886
      ],
      [
       -68.8491548,
       12.0749097
      ],
      [
       -68.8491854,
       12.0749085
      ],
      [
       -68.8492173,
       12.0749134
      ],
      [
       -68.8492365,
       12.0749334
      ],
      [
       -68.8492505,
       12.0749359
      ],
      [
       -68.8492926,
       12.0749459
      ],
      [
       -68.8493066,
       12.0750494
      ]
     ]
    ]
   }
  },
  {
   "type": "Feature",
   "id": "way/1036116383",
   "properties": {
    "wetland": "mangrove",
    "name": ""
   },
   "geometry": {
    "type": "Polygon",
    "coordinates": [
     [
      [
       -68.8604464,
       12.0710257
      ],
      [
       -68.8604145,
       12.0710382
      ],
      [
       -68.8603877,
       12.0710033
      ],
      [
       -68.8603724,
       12.0709109
      ],
      [
       -68.860375,
       12.0708648
      ],
      [
       -68.8603928,
       12.070765
      ],
      [
       -68.8604234,
       12.0707288
      ],
      [
       -68.8604719,
       12.07074
      ],
      [
       -68.8605025,
       12.0707787
      ],
      [
       -68.8605115,
       12.0708535
      ],
      [
       -68.8604719,
       12.0709097
      ],
      [
       -68.8604847,
       12.0709821
      ],
      [
       -68.8604464,
       12.0710257
      ]
     ]
    ]
   }
  },
  {
   "type": "Feature",
   "id": "way/1036116386",
   "properties": {
    "wetland": "mangrove",
    "name": ""
   },
   "geometry": {
    "type": "Polygon",
    "coordinates": [
     [
      [
       -68.8603903,
       12.0706614
      ],
      [
       -68.8603571,
       12.0706115
      ],
      [
       -68.8603507,
       12.0705429
      ],
      [
       -68.8603494,
       12.0704792
      ],
      [
       -68.8603609,
       12.0704318
      ],
      [
       -68.8603405,
       12.0703869
      ],
      [
       -68.8603086,
       12.070322
      ],
      [
       -68.8602665,
       12.0703071
      ],
      [
       -68.8602142,
       12.0703083
      ],
      [
       -68.8601619,
       12.0703308
      ],
      [
       -68.8601568,
       12.0703645
      ],
      [
       -68.860144,
       12.0704144
      ],
      [
       -68.8601453,
       12.0704493
      ],
      [
       -68.86013,
       12.0704618
      ],
      [
       -68.860116,
       12.0704942
      ],
      [
       -68.860107,
       12.0705529
      ],
      [
       -68.8600777,
       12.0705853
      ],
      [
       -68.8600075,
       12.070614
      ],
      [
       -68.8599845,
       12.0706464
      ],
      [
       -68.8599488,
       12.0706876
      ],
      [
       -68.8598914,
       12.0706889
      ],
      [
       -68.8598714,
       12.0706645
      ],
      [
       -68.8598723,
       12.0706165
      ],
      [
       -68.8599042,
       12.0705915
      ],
      [
       -68.859943,
       12.0706114
      ],
      [
       -68.859959,
       12.0705791
      ],
      [
       -68.8599386,
       12.0705329
      ],
      [
       -68.8599437,
       12.070488
      ],
      [
       -68.8599845,
       12.0704618
      ],
      [
       -68.8600088,
       12.0704144
      ],
      [
       -68.8599922,
       12.0703719
      ],
      [
       -68.8600228,
       12.0702796
      ],
      [
       -68.8600534,
       12.0702497
      ],
      [
       -68.860107,
       12.0702222
      ],
      [
       -68.8601644,
       12.0701573
      ],
      [
       -68.8602155,
       12.0701661
      ],
      [
       -68.860263,
       12.0702003
      ],
      [
       -68.8603609,
       12.0701885
      ],
      [
       -68.8604311,
       12.0701761
      ],
      [
       -68.8604694,
       12.0701948
      ],
      [
       -68.8605255,
       12.0702484
      ],
      [
       -68.8605013,
       12.0702884
      ],
      [
       -68.8604949,
       12.0703383
      ],
      [
       -68.860523,
       12.0703682
      ],
      [
       -68.8605166,
       12.0704393
      ],
      [
       -68.8604923,
       12.0704905
      ],
      [
       -68.8604962,
       12.0705379
      ],
      [
       -68.8605038,
       12.070589
      ],
      [
       -68.8604719,
       12.0706564
      ],
      [
       -68.8604171,
       12.0706689
      ],
      [
       -68.8603903,
       12.0706614
      ]
     ]
    ]
   }
  },
  {
   "type": "Feature",
   "id": "way/1036116393",
   "properties": {
    "wetland": "mangrove",
    "name": ""
   },
   "geometry": {
    "type": "Polygon",
    "coordinates": [
     [
      [
       -68.867801,
       12.0774712
      ],
      [
       -68.8677956,
       12.0773943
      ],
      [
       -68.8678281,
       12.0773781
      ],
      [
       -68.8678664,
       12.0773182
      ],
      [
       -68.867897,
       12.0772383
      ],
      [
       -68.8678972,
       12.0771447
      ],
      [
       -68.8679214,
       12.0770609
      ],
      [
       -68.86792,
       12.0769838
      ],
      [
       -68.8678868,
       12.0769539
      ],
      [
       -68.8678817,
       12.0768915
      ],
      [
       -68.867897,
       12.0768366
      ],
      [
       -68.8679506,
       12.0767917
      ],
      [
       -68.8679914,
       12.0767293
      ],
      [
       -68.8680511,
       12.0765864
      ],
      [
       -68.8681354,
       12.076379
      ],
      [
       -68.8682093,
       12.0763331
      ],
      [
       -68.8682827,
       12.0762352
      ],
      [
       -68.868321,
       12.07622
      ],
      [
       -68.8683921,
       12.0761529
      ],
      [
       -68.8684865,
       12.0761105
      ],
      [
       -68.8685962,
       12.0760606
      ],
      [
       -68.86866,
       12.0760256
      ],
      [
       -68.8687212,
       12.0759757
      ],
      [
       -68.8687723,
       12.0759433
      ],
      [
       -68.8688412,
       12.0758859
      ],
      [
       -68.8688948,
       12.0758584
      ],
      [
       -68.8688948,
       12.0759233
      ],
      [
       -68.8688871,
       12.0760082
      ],
      [
       -68.8688412,
       12.0760905
      ],
      [
       -68.8688233,
       12.0761703
      ],
      [
       -68.8688003,
       12.07633
      ],
      [
       -68.8687552,
       12.076383
      ],
      [
       -68.8687357,
       12.0764619
      ],
      [
       -68.8686549,
       12.0765846
      ],
      [
       -68.8685583,
       12.0766987
      ],
      [
       -68.8684788,
       12.0766794
      ],
      [
       -68.8684048,
       12.0767018
      ],
      [
       -68.8683512,
       12.0767717
      ],
      [
       -68.8682976,
       12.0768615
      ],
      [
       -68.868239,
       12.076879
      ],
      [
       -68.8681701,
       12.0769414
      ],
      [
       -68.8681547,
       12.0769813
      ],
      [
       -68.8681445,
       12.0770587
      ],
      [
       -68.8681088,
       12.0771186
      ],
      [
       -68.8680858,
       12.0771834
      ],
      [
       -68.868119,
       12.0772333
      ],
      [
       -68.8680935,
       12.0772882
      ],
      [
       -68.8680961,
       12.0773157
      ],
      [
       -68.8680552,
       12.077388
      ],
      [
       -68.8680118,
       12.0774504
      ],
      [
       -68.8679506,
       12.0774629
      ],
      [
       -68.8679353,
       12.0774978
      ],
      [
       -68.8678689,
       12.0775203
      ],
      [
       -68.867801,
       12.0774712
      ]
     ]
    ]
   }
  },
  {
   "type": "Feature",
   "id": "way/1052313042",
   "properties": {
    "wetland": "wet_meadow",
    "name": ""
   },
   "geometry": {
    "type": "Polygon",
    "coordinates": [
     [
      [
       -69.1227912,
       12.3064794
      ],
      [
       -69.1231738,
       12.3071775
      ],
      [
       -69.1232243,
       12.3074666
      ],
      [
       -69.1230872,
       12.3077205
      ],
      [
       -69.1231593,
       12.3078897
      ],
      [
       -69.1231908,
       12.3080099
      ],
      [
       -69.1231605,
       12.3081908
      ],
      [
       -69.1231514,
       12.3083034
      ],
      [
       -69.1230755,
       12.3082916
      ],
      [
       -69.1229238,
       12.3082085
      ],
      [
       -69.1227721,
       12.3081493
      ],
      [
       -69.1226568,
       12.3080307
      ],
      [
       -69.1226082,
       12.3079121
      ],
      [
       -69.12259,
       12.3078024
      ],
      [
       -69.1224292,
       12.3078706
      ],
      [
       -69.1223108,
       12.3079595
      ],
      [
       -69.1222562,
       12.307915
      ],
      [
       -69.1221211,
       12.3079767
      ],
      [
       -69.1220225,
       12.3080218
      ],
      [
       -69.1219588,
       12.3081493
      ],
      [
       -69.1217767,
       12.308339
      ],
      [
       -69.121628,
       12.3084368
      ],
      [
       -69.1214469,
       12.3086936
      ],
      [
       -69.1213792,
       12.3087748
      ],
      [
       -69.1212714,
       12.3088833
      ],
      [
       -69.1211729,
       12.3089824
      ],
      [
       -69.121009,
       12.3090328
      ],
      [
       -69.1208997,
       12.3088074
      ],
      [
       -69.1210714,
       12.3086597
      ],
      [
       -69.1211031,
       12.3086325
      ],
      [
       -69.1213246,
       12.3083538
      ],
      [
       -69.1214308,
       12.3081018
      ],
      [
       -69.1217889,
       12.307835
      ],
      [
       -69.1220759,
       12.3075796
      ],
      [
       -69.1222265,
       12.3074325
      ],
      [
       -69.1223796,
       12.3073278
      ],
      [
       -69.1223997,
       12.3071221
      ],
      [
       -69.1224179,
       12.3069364
      ],
      [
       -69.1222698,
       12.3068815
      ],
      [
       -69.1222367,
       12.3067768
      ],
      [
       -69.122127,
       12.3066871
      ],
      [
       -69.1221448,
       12.3065774
      ],
      [
       -69.1222596,
       12.3065948
      ],
      [
       -69.1223719,
       12.3067145
      ],
      [
       -69.1225123,
       12.3066522
      ],
      [
       -69.1225301,
       12.3064976
      ],
      [
       -69.1227113,
       12.3064228
      ],
      [
       -69.1227912,
       12.3064794
      ]
     ]
    ]
   }
  },
  {
   "type": "Feature",
   "id": "way/1206958673",
   "properties": {
    "wetland": "mangrove",
    "name": ""
   },
   "geometry": {
    "type": "Polygon",
    "coordinates": [
     [
      [
       -68.8814027,
       12.0765576
      ],
      [
       -68.8814138,
       12.0765209
      ],
      [
       -68.8814012,
       12.0764869
      ],
      [
       -68.8813456,
       12.0764621
      ],
      [
       -68.8813001,
       12.0763901
      ],
      [
       -68.8812985,
       12.0763148
      ],
      [
       -68.8813158,
       12.0762566
      ],
      [
       -68.8813612,
       12.0762195
      ],
      [
       -68.8814172,
       12.0762223
      ],
      [
       -68.8814726,
       12.0762607
      ],
      [
       -68.8814907,
       12.0763096
      ],
      [
       -68.8816928,
       12.0763466
      ],
      [
       -68.8817182,
       12.0763808
      ],
      [
       -68.8817998,
       12.076405
      ],
      [
       -68.8818603,
       12.0764037
      ],
      [
       -68.8819181,
       12.0764288
      ],
      [
       -68.8819472,
       12.076489
      ],
      [
       -68.8819828,
       12.076536
      ],
      [
       -68.8820651,
       12.0765667
      ],
      [
       -68.8821342,
       12.0765432
      ],
      [
       -68.8821503,
       12.0765231
      ],
      [
       -68.8823597,
       12.0766754
      ],
      [
       -68.8824703,
       12.0768336
      ],
      [
       -68.8824436,
       12.0769205
      ],
      [
       -68.8823185,
       12.0769169
      ],
      [
       -68.8822097,
       12.0768022
      ],
      [
       -68.8820708,
       12.0766366
      ],
      [
       -68.8819455,
       12.0765836
      ],
      [
       -68.8818066,
       12.0764411
      ],
      [
       -68.8816781,
       12.0764357
      ],
      [
       -68.881574,
       12.0763998
      ],
      [
       -68.8815696,
       12.076494
      ],
      [
       -68.8816256,
       12.0765915
      ],
      [
       -68.8815417,
       12.076535
      ],
      [
       -68.881528,
       12.0765799
      ],
      [
       -68.8814587,
       12.0765926
      ],
      [
       -68.8814027,
       12.0765576
      ]
     ]
    ]
   }
  },
  {
   "type": "Feature",
   "id": "way/1298183031",
   "properties": {
    "wetland": "mangrove",
    "name": ""
   },
   "geometry": {
    "type": "Polygon",
    "coordinates": [
     [
      [
       -68.9482858,
       12.1100116
      ],
      [
       -68.9483129,
       12.1100469
      ],
      [
       -68.9483764,
       12.1100779
      ],
      [
       -68.9483864,
       12.1100997
      ],
      [
       -68.9483902,
       12.1101299
      ],
      [
       -68.9484011,
       12.1101753
      ],
      [
       -68.9484309,
       12.1101873
      ],
      [
       -68.9484622,
       12.1101707
      ],
      [
       -68.9484897,
       12.1101836
      ],
      [
       -68.9485115,
       12.1101725
      ],
      [
       -68.9485002,
       12.110103
      ],
      [
       -68.9485495,
       12.1100473
      ],
      [
       -68.9485419,
       12.1100204
      ],
      [
       -68.9485608,
       12.1100056
      ],
      [
       -68.9485352,
       12.1099648
      ],
      [
       -68.9485485,
       12.1099305
      ],
      [
       -68.9485921,
       12.1099342
      ],
      [
       -68.948613,
       12.109886
      ],
      [
       -68.9486021,
       12.1098803
      ],
      [
       -68.9485887,
       12.1098638
      ],
      [
       -68.948595,
       12.1098462
      ],
      [
       -68.9486098,
       12.1098465
      ],
      [
       -68.9486206,
       12.1098267
      ],
      [
       -68.9486162,
       12.109799
      ],
      [
       -68.9486263,
       12.1097822
      ],
      [
       -68.9485967,
       12.1097567
      ],
      [
       -68.9485863,
       12.1097072
      ],
      [
       -68.9486205,
       12.109662
      ],
      [
       -68.9486634,
       12.1096521
      ],
      [
       -68.9486634,
       12.1096341
      ],
      [
       -68.9486789,
       12.1096239
      ],
      [
       -68.948702,
       12.1096056
      ],
      [
       -68.9486916,
       12.1095997
      ],
      [
       -68.948695,
       12.1095836
      ],
      [
       -68.9487124,
       12.109581
      ],
      [
       -68.9487167,
       12.1095584
      ],
      [
       -68.9487285,
       12.1095584
      ],
      [
       -68.9487426,
       12.1095521
      ],
      [
       -68.9487469,
       12.1095358
      ],
      [
       -68.9487613,
       12.1095331
      ],
      [
       -68.9487553,
       12.1095161
      ],
      [
       -68.9487344,
       12.1094943
      ],
      [
       -68.9487453,
       12.1094875
      ],
      [
       -68.9487448,
       12.1094757
      ],
      [
       -68.9487496,
       12.1094651
      ],
      [
       -68.9487761,
       12.1094637
      ],
      [
       -68.9487714,
       12.1094507
      ],
      [
       -68.948779,
       12.1094451
      ],
      [
       -68.9487884,
       12.1094484
      ],
      [
       -68.9487903,
       12.1094403
      ],
      [
       -68.9488378,
       12.1094284
      ],
      [
       -68.9488491,
       12.1094354
      ],
      [
       -68.9488539,
       12.1094196
      ],
      [
       -68.9488709,
       12.1094224
      ],
      [
       -68.9488856,
       12.1094317
      ],
      [
       -68.9488866,
       12.1094215
      ],
      [
       -68.9488994,
       12.1094215
      ],
      [
       -68.948916,
       12.1094275
      ],
      [
       -68.9489402,
       12.1094247
      ],
      [
       -68.9489847,
       12.1095031
      ],
      [
       -68.94897,
       12.1095212
      ],
      [
       -68.9488729,
       12.1094981
      ],
      [
       -68.9485833,
       12.1102326
      ],
      [
       -68.9487486,
       12.1103268
      ],
      [
       -68.9486929,
       12.1104071
      ],
      [
       -68.9456459,
       12.1095373
      ],
      [
       -68.9456262,
       12.1094041
      ],
      [
       -68.9469327,
       12.1097324
      ],
      [
       -68.9470883,
       12.1096987
      ],
      [
       -68.9471164,
       12.1096795
      ],
      [
       -68.9471512,
       12.1096774
      ],
      [
       -68.9471868,
       12.1096727
      ],
      [
       -68.9472237,
       12.1096653
      ],
      [
       -68.9472588,
       12.1096769
      ],
      [
       -68.9473091,
       12.1097015
      ],
      [
       -68.9473219,
       12.1096936
      ],
      [
       -68.947339,
       12.1096959
      ],
      [
       -68.9473702,
       12.1097095
      ],
      [
       -68.94743,
       12.1097409
      ],
      [
       -68.947448,
       12.1097687
      ],
      [
       -68.9474528,
       12.10981
      ],
      [
       -68.9474528,
       12.1098322
      ],
      [
       -68.947467,
       12.1098373
      ],
      [
       -68.9474803,
       12.1098304
      ],
      [
       -68.9475172,
       12.109835
      ],
      [
       -68.9475452,
       12.1098559
      ],
      [
       -68.9475718,
       12.1098684
      ],
      [
       -68.9475803,
       12.1098586
      ],
      [
       -68.9476106,
       12.1098554
      ],
      [
       -68.94764,
       12.1098664
      ],
      [
       -68.9476919,
       12.1098741
      ],
      [
       -68.9478182,
       12.1099105
      ],
      [
       -68.9480223,
       12.1099883
      ],
      [
       -68.9480294,
       12.1099967
      ],
      [
       -68.948017,
       12.1100137
      ],
      [
       -68.9480264,
       12.1100173
      ],
      [
       -68.9480402,
       12.1100117
      ],
      [
       -68.9480412,
       12.1100317
      ],
      [
       -68.9480483,
       12.1100221
      ],
      [
       -68.9480638,
       12.1100197
      ],
      [
       -68.9480613,
       12.1099983
      ],
      [
       -68.9480744,
       12.1099945
      ],
      [
       -68.9481095,
       12.1100038
      ],
      [
       -68.9481294,
       12.1100195
      ],
      [
       -68.948154,
       12.1100195
      ],
      [
       -68.9481825,
       12.110001
      ],
      [
       -68.9482233,
       12.1100121
      ],
      [
       -68.9482858,
       12.1100116
      ]
     ]
    ]
   }
  }
 ]
}
