{
 "type": "FeatureCollection",
 "crs": {
  "type": "name",
  "properties": {
   "name": "urn:ogc:def:crs:OGC:1.3:CRS84"
  }
 },
 "properties": {
  "title": "Bonaire mangrove and vegetated wetland",
  "source": "OpenStreetMap natural=wetland ways and relations, retrieved 2026-10-05 via Overpass.",
  "license": "Geometry (c) OpenStreetMap contributors, ODbL 1.0, https://www.openstreetmap.org/copyright",
  "method": "Kept: wetland=mangrove, swamp, marsh, saltmarsh, reedbed or wet_meadow. Left out: seagrass beds, tidal flats, salt pans and untagged wetland. The season runner buffers these polygons and removes them from the water side before classifying. Built by scripts/make_island_segments.py."
 },
 "features": [
  {
   "type": "Feature",
   "id": "way/316156240",
   "properties": {
    "wetland": "swamp",
    "name": ""
   },
   "geometry": {
    "type": "Polygon",
    "coordinates": [
     [
      [
       -68.2408527,
       12.1218241
      ],
      [
       -68.2388638,
       12.1230032
      ],
      [
       -68.2389003,
       12.1196942
      ],
      [
       -68.2382834,
       12.1185456
      ],
      [
       -68.2378542,
       12.1180788
      ],
      [
       -68.2384647,
       12.1174191
      ],
      [
       -68.2395727,
       12.1174209
      ],
      [
       -68.2407528,
       12.1175258
      ],
      [
       -68.2409476,
       12.1184644
      ],
      [
       -68.2408527,
       12.1218241
      ]
     ]
    ]
   }
  },
  {
   "type": "Feature",
   "id": "way/317179936",
   "properties": {
    "wetland": "mangrove",
    "name": "Mangrove"
   },
   "geometry": {
    "type": "Polygon",
    "coordinates": [
     [
      [
       -68.2330383,
       12.1132862
      ],
      [
       -68.2320433,
       12.1143527
      ],
      [
       -68.2313644,
       12.1153106
      ],
      [
       -68.2306987,
       12.1162477
      ],
      [
       -68.2304285,
       12.1166358
      ],
      [
       -68.2298425,
       12.1174337
      ],
      [
       -68.2296941,
       12.1175524
      ],
      [
       -68.2295287,
       12.1176815
      ],
      [
       -68.2292122,
       12.1176973
      ],
      [
       -68.2289694,
       12.1177091
      ],
      [
       -68.228559,
       12.1177818
      ],
      [
       -68.228488,
       12.1177753
      ],
      [
       -68.2284732,
       12.1177405
      ],
      [
       -68.228488,
       12.1176855
      ],
      [
       -68.2285188,
       12.1176212
      ],
      [
       -68.2285316,
       12.1175661
      ],
      [
       -68.2285242,
       12.1175084
      ],
      [
       -68.2284933,
       12.1174337
      ],
      [
       -68.2284209,
       12.1174009
      ],
      [
       -68.228323,
       12.1174075
      ],
      [
       -68.2282613,
       12.1174258
      ],
      [
       -68.2281688,
       12.1175465
      ],
      [
       -68.2281017,
       12.1176723
      ],
      [
       -68.2279971,
       12.1177851
      ],
      [
       -68.2279468,
       12.1178192
      ],
      [
       -68.2278865,
       12.1178264
      ],
      [
       -68.2278382,
       12.1178061
      ],
      [
       -68.2277933,
       12.117732
      ],
      [
       -68.2277537,
       12.1176933
      ],
      [
       -68.2277095,
       12.1176907
      ],
      [
       -68.2276364,
       12.1177038
      ],
      [
       -68.2273132,
       12.1179057
      ],
      [
       -68.226762,
       12.1184323
      ],
      [
       -68.2260874,
       12.1184774
      ],
      [
       -68.2259171,
       12.1184093
      ],
      [
       -68.2258138,
       12.1183162
      ],
      [
       -68.2257414,
       12.1181981
      ],
      [
       -68.22561,
       12.1179975
      ],
      [
       -68.2254693,
       12.1178348
      ],
      [
       -68.2251674,
       12.1174835
      ],
      [
       -68.2247758,
       12.1170456
      ],
      [
       -68.2244754,
       12.116744
      ],
      [
       -68.2241736,
       12.1165381
      ],
      [
       -68.2237566,
       12.116348
      ],
      [
       -68.223206,
       12.1162659
      ],
      [
       -68.2227892,
       12.1161801
      ],
      [
       -68.2220346,
       12.1161317
      ],
      [
       -68.221875,
       12.1160609
      ],
      [
       -68.2217503,
       12.1160029
      ],
      [
       -68.2219548,
       12.1156511
      ],
      [
       -68.2220091,
       12.1155944
      ],
      [
       -68.2220544,
       12.1155872
      ],
      [
       -68.2220956,
       12.1155908
      ],
      [
       -68.2221412,
       12.1156006
      ],
      [
       -68.2221637,
       12.1155954
      ],
      [
       -68.2221828,
       12.1155816
      ],
      [
       -68.2221935,
       12.1155564
      ],
      [
       -68.2221948,
       12.1155311
      ],
      [
       -68.2221841,
       12.1154833
      ],
      [
       -68.2221429,
       12.1153937
      ],
      [
       -68.2221409,
       12.1152136
      ],
      [
       -68.2221764,
       12.1151403
      ],
      [
       -68.2222284,
       12.1150991
      ],
      [
       -68.2222947,
       12.1150768
      ],
      [
       -68.2223685,
       12.1150827
      ],
      [
       -68.2224329,
       12.1151096
      ],
      [
       -68.2225247,
       12.1152059
      ],
      [
       -68.2225757,
       12.1152479
      ],
      [
       -68.2226542,
       12.1152833
      ],
      [
       -68.2227266,
       12.1153161
      ],
      [
       -68.2227661,
       12.1153443
      ],
      [
       -68.2227916,
       12.1153705
      ],
      [
       -68.2228104,
       12.1154111
      ],
      [
       -68.2228205,
       12.1154728
      ],
      [
       -68.2228362,
       12.1155019
      ],
      [
       -68.2228818,
       12.1155206
      ],
      [
       -68.222917,
       12.1155252
      ],
      [
       -68.2229603,
       12.1155331
      ],
      [
       -68.2229951,
       12.1155439
      ],
      [
       -68.2230233,
       12.1155629
      ],
      [
       -68.2230453,
       12.1155723
      ],
      [
       -68.2230672,
       12.115577
      ],
      [
       -68.2230833,
       12.1155704
      ],
      [
       -68.2231028,
       12.1155534
      ],
      [
       -68.2231132,
       12.1155328
      ],
      [
       -68.2231209,
       12.1154885
      ],
      [
       -68.2231175,
       12.1153947
      ],
      [
       -68.2231225,
       12.1153557
      ],
      [
       -68.223141,
       12.1153266
      ],
      [
       -68.2232979,
       12.1152276
      ],
      [
       -68.2234085,
       12.1151279
      ],
      [
       -68.2235185,
       12.115065
      ],
      [
       -68.223603,
       12.1150342
      ],
      [
       -68.2236841,
       12.1150309
      ],
      [
       -68.2237485,
       12.1150401
      ],
      [
       -68.2238028,
       12.1150417
      ],
      [
       -68.2238238,
       12.1150355
      ],
      [
       -68.2238441,
       12.1150201
      ],
      [
       -68.2238561,
       12.115003
      ],
      [
       -68.2238806,
       12.1149778
      ],
      [
       -68.2239188,
       12.1149614
      ],
      [
       -68.2240777,
       12.1149456
      ],
      [
       -68.224171,
       12.1149515
      ],
      [
       -68.2242192,
       12.1149679
      ],
      [
       -68.2242742,
       12.1149837
      ],
      [
       -68.2243118,
       12.1149948
      ],
      [
       -68.2243668,
       12.1149876
      ],
      [
       -68.2244097,
       12.1149719
      ],
      [
       -68.2244258,
       12.1149555
      ],
      [
       -68.2244466,
       12.1149207
      ],
      [
       -68.2244559,
       12.1148834
      ],
      [
       -68.2244653,
       12.1148211
      ],
      [
       -68.2244818,
       12.1147994
      ],
      [
       -68.2245116,
       12.1147804
      ],
      [
       -68.2245746,
       12.1147778
      ],
      [
       -68.2246953,
       12.1147975
      ],
      [
       -68.2247958,
       12.1148185
      ],
      [
       -68.2253365,
       12.1151174
      ],
      [
       -68.2256489,
       12.1152676
      ],
      [
       -68.2262674,
       12.1154482
      ],
      [
       -68.2262168,
       12.1155147
      ],
      [
       -68.2262114,
       12.1155285
      ],
      [
       -68.2262118,
       12.1155432
      ],
      [
       -68.2262228,
       12.1155518
      ],
      [
       -68.226243,
       12.1155564
      ],
      [
       -68.2262637,
       12.1155508
      ],
      [
       -68.2263283,
       12.1155147
      ],
      [
       -68.2263616,
       12.1155213
      ],
      [
       -68.2263952,
       12.1155554
      ],
      [
       -68.226385,
       12.1157137
      ],
      [
       -68.2262804,
       12.1160598
      ],
      [
       -68.2263019,
       12.116191
      ],
      [
       -68.2263583,
       12.1163034
      ],
      [
       -68.226414,
       12.1163841
      ],
      [
       -68.226475,
       12.1164208
      ],
      [
       -68.2265159,
       12.1164267
      ],
      [
       -68.2265782,
       12.1164129
      ],
      [
       -68.2266433,
       12.1163932
      ],
      [
       -68.2267553,
       12.116367
      ],
      [
       -68.2268509,
       12.1163663
      ],
      [
       -68.2269502,
       12.1163906
      ],
      [
       -68.2270423,
       12.1164286
      ],
      [
       -68.2271519,
       12.1164831
      ],
      [
       -68.2272008,
       12.1165131
      ],
      [
       -68.2272193,
       12.1165175
      ],
      [
       -68.2272448,
       12.1165178
      ],
      [
       -68.227281,
       12.1165129
      ],
      [
       -68.2273269,
       12.1165077
      ],
      [
       -68.2273856,
       12.1165099
      ],
      [
       -68.2274567,
       12.1165355
      ],
      [
       -68.2275572,
       12.1165834
      ],
      [
       -68.2275951,
       12.1165804
      ],
      [
       -68.2276169,
       12.116567
      ],
      [
       -68.2276233,
       12.1165394
      ],
      [
       -68.2276129,
       12.1165086
      ],
      [
       -68.2275666,
       12.116449
      ],
      [
       -68.2275183,
       12.1163947
      ],
      [
       -68.2274754,
       12.1163289
      ],
      [
       -68.2274777,
       12.1162729
      ],
      [
       -68.2275127,
       12.1162277
      ],
      [
       -68.2275753,
       12.1161907
      ],
      [
       -68.227628,
       12.1161795
      ],
      [
       -68.2276897,
       12.1161821
      ],
      [
       -68.2277306,
       12.1161903
      ],
      [
       -68.2277623,
       12.1161956
      ],
      [
       -68.2278012,
       12.1162113
      ],
      [
       -68.2278442,
       12.116228
      ],
      [
       -68.2278905,
       12.1162457
      ],
      [
       -68.2279287,
       12.1162507
      ],
      [
       -68.2279663,
       12.1162438
      ],
      [
       -68.2280675,
       12.1161631
      ],
      [
       -68.2281996,
       12.1160517
      ],
      [
       -68.2282536,
       12.1160232
      ],
      [
       -68.2283076,
       12.1160104
      ],
      [
       -68.228431,
       12.1160143
      ],
      [
       -68.2285792,
       12.1160477
      ],
      [
       -68.2286771,
       12.1160995
      ],
      [
       -68.2287257,
       12.1161084
      ],
      [
       -68.2287676,
       12.1160926
      ],
      [
       -68.2288266,
       12.1160399
      ],
      [
       -68.2288702,
       12.1160025
      ],
      [
       -68.2289171,
       12.1159887
      ],
      [
       -68.2289574,
       12.1159868
      ],
      [
       -68.2290405,
       12.1159737
      ],
      [
       -68.2291257,
       12.1159481
      ],
      [
       -68.2291491,
       12.1159186
      ],
      [
       -68.2291488,
       12.1158868
      ],
      [
       -68.229132,
       12.1158586
      ],
      [
       -68.2290831,
       12.1158343
      ],
      [
       -68.2289976,
       12.1158153
      ],
      [
       -68.2289768,
       12.1157914
      ],
      [
       -68.2289788,
       12.1157616
      ],
      [
       -68.2290192,
       12.1156868
      ],
      [
       -68.2290646,
       12.1156609
      ],
      [
       -68.2291397,
       12.1156531
      ],
      [
       -68.2292034,
       12.1156655
      ],
      [
       -68.2292692,
       12.1157108
      ],
      [
       -68.2293027,
       12.1157104
      ],
      [
       -68.2293215,
       12.1156822
      ],
      [
       -68.2293168,
       12.115657
      ],
      [
       -68.2293068,
       12.115629
      ],
      [
       -68.229298,
       12.1155921
      ],
      [
       -68.229302,
       12.115576
      ],
      [
       -68.2293215,
       12.1155659
      ],
      [
       -68.2293683,
       12.115562
      ],
      [
       -68.2295743,
       12.1155888
      ],
      [
       -68.2297298,
       12.1156242
      ],
      [
       -68.229923,
       12.1156216
      ],
      [
       -68.2300477,
       12.1155954
      ],
      [
       -68.2301697,
       12.1155101
      ],
      [
       -68.2303548,
       12.1153148
      ],
      [
       -68.2303769,
       12.1152551
      ],
      [
       -68.2303789,
       12.1151915
      ],
      [
       -68.2303293,
       12.1150853
      ],
      [
       -68.2302604,
       12.11499
      ],
      [
       -68.2301308,
       12.1148912
      ],
      [
       -68.2299753,
       12.1148244
      ],
      [
       -68.2296856,
       12.1148309
      ],
      [
       -68.2295649,
       12.1148335
      ],
      [
       -68.2295213,
       12.1148152
      ],
      [
       -68.2294951,
       12.1147811
      ],
      [
       -68.2294985,
       12.1147581
      ],
      [
       -68.2295179,
       12.1147352
      ],
      [
       -68.2296995,
       12.1145711
      ],
      [
       -68.2297761,
       12.1144834
      ],
      [
       -68.229876,
       12.1143372
      ],
      [
       -68.2299396,
       12.1142578
      ],
      [
       -68.2299773,
       12.1142412
      ],
      [
       -68.2300308,
       12.1142368
      ],
      [
       -68.230099,
       12.1142792
      ],
      [
       -68.2301231,
       12.1142795
      ],
      [
       -68.2301412,
       12.1142638
      ],
      [
       -68.2301444,
       12.1142494
      ],
      [
       -68.2301385,
       12.1142353
      ],
      [
       -68.2301,
       12.1141999
      ],
      [
       -68.2300849,
       12.1141799
      ],
      [
       -68.2300779,
       12.1141577
      ],
      [
       -68.2300993,
       12.1140973
      ],
      [
       -68.2301372,
       12.1140678
      ],
      [
       -68.2301804,
       12.1140606
      ],
      [
       -68.2302348,
       12.1140648
      ],
      [
       -68.2302653,
       12.1140553
      ],
      [
       -68.2302874,
       12.1140363
      ],
      [
       -68.2302961,
       12.1140199
      ],
      [
       -68.2303008,
       12.1139963
      ],
      [
       -68.2302951,
       12.1139642
      ],
      [
       -68.2302814,
       12.1139514
      ],
      [
       -68.2302626,
       12.1139457
      ],
      [
       -68.2302324,
       12.1139462
      ],
      [
       -68.2301922,
       12.1139576
      ],
      [
       -68.230162,
       12.1139612
      ],
      [
       -68.2301338,
       12.1139599
      ],
      [
       -68.230111,
       12.113955
      ],
      [
       -68.2300876,
       12.1139265
      ],
      [
       -68.2300768,
       12.1138816
      ],
      [
       -68.2300819,
       12.1138354
      ],
      [
       -68.2301003,
       12.113775
      ],
      [
       -68.2301405,
       12.1137292
      ],
      [
       -68.2302649,
       12.1136265
      ],
      [
       -68.2303159,
       12.113561
      ],
      [
       -68.2303427,
       12.1135007
      ],
      [
       -68.2303642,
       12.1134292
      ],
      [
       -68.2303809,
       12.1133636
      ],
      [
       -68.2304031,
       12.1133191
      ],
      [
       -68.230444,
       12.1132836
      ],
      [
       -68.2304876,
       12.1132568
      ],
      [
       -68.2305627,
       12.1132338
      ],
      [
       -68.2306418,
       12.1132345
      ],
      [
       -68.2306907,
       12.1132069
      ],
      [
       -68.2307229,
       12.1131735
      ],
      [
       -68.2307531,
       12.1131224
      ],
      [
       -68.2308309,
       12.1129558
      ],
      [
       -68.2308456,
       12.1128922
      ],
      [
       -68.2308543,
       12.1128352
      ],
      [
       -68.2308376,
       12.112788
      ],
      [
       -68.230791,
       12.1127398
      ],
      [
       -68.2307431,
       12.1126974
      ],
      [
       -68.2307005,
       12.112668
      ],
      [
       -68.2306703,
       12.1126456
      ],
      [
       -68.2309976,
       12.1126678
      ],
      [
       -68.2330383,
       12.1132862
      ]
     ]
    ]
   }
  },
  {
   "type": "Feature",
   "id": "way/317181065",
   "properties": {
    "wetland": "mangrove",
    "name": ""
   },
   "geometry": {
    "type": "Polygon",
    "coordinates": [
     [
      [
       -68.2330383,
       12.1132862
      ],
      [
       -68.2309976,
       12.1126678
      ],
      [
       -68.2306703,
       12.1126456
      ],
      [
       -68.2306235,
       12.112621
      ],
      [
       -68.2305591,
       12.1126033
      ],
      [
       -68.2304615,
       12.1125377
      ],
      [
       -68.2302894,
       12.1126105
      ],
      [
       -68.2302281,
       12.1126066
      ],
      [
       -68.2301771,
       12.1125562
      ],
      [
       -68.2301503,
       12.1124789
      ],
      [
       -68.2301155,
       12.112255
      ],
      [
       -68.2300973,
       12.1121767
      ],
      [
       -68.230168,
       12.1121344
      ],
      [
       -68.2302304,
       12.1121439
      ],
      [
       -68.2302987,
       12.112145
      ],
      [
       -68.230431,
       12.112238
      ],
      [
       -68.2305089,
       12.1121874
      ],
      [
       -68.2305119,
       12.1119537
      ],
      [
       -68.2306206,
       12.1119237
      ],
      [
       -68.2308325,
       12.1119825
      ],
      [
       -68.2308227,
       12.111852
      ],
      [
       -68.2309222,
       12.1117487
      ],
      [
       -68.2309565,
       12.1117287
      ],
      [
       -68.2309932,
       12.1117442
      ],
      [
       -68.231107,
       12.1118277
      ],
      [
       -68.2310938,
       12.1120267
      ],
      [
       -68.231092,
       12.1120545
      ],
      [
       -68.2311552,
       12.1121083
      ],
      [
       -68.2312609,
       12.1121208
      ],
      [
       -68.2313346,
       12.1121578
      ],
      [
       -68.2313467,
       12.1122234
      ],
      [
       -68.2313068,
       12.112341
      ],
      [
       -68.2315332,
       12.1124316
      ],
      [
       -68.231669,
       12.1123728
      ],
      [
       -68.2317346,
       12.1123745
      ],
      [
       -68.2316585,
       12.1122358
      ],
      [
       -68.2317446,
       12.1121627
      ],
      [
       -68.2317373,
       12.1120978
      ],
      [
       -68.2316711,
       12.1120743
      ],
      [
       -68.231548,
       12.1119484
      ],
      [
       -68.2316151,
       12.1117733
      ],
      [
       -68.2317063,
       12.1116829
      ],
      [
       -68.231881,
       12.1118053
      ],
      [
       -68.2320348,
       12.1118149
      ],
      [
       -68.2320902,
       12.1118818
      ],
      [
       -68.2320651,
       12.1121713
      ],
      [
       -68.2320584,
       12.1123716
      ],
      [
       -68.2321657,
       12.1123712
      ],
      [
       -68.2322489,
       12.1122627
      ],
      [
       -68.2322248,
       12.1121723
      ],
      [
       -68.2323146,
       12.1120831
      ],
      [
       -68.2324232,
       12.1120857
      ],
      [
       -68.232497,
       12.1121264
      ],
      [
       -68.2326379,
       12.1120707
      ],
      [
       -68.2326721,
       12.1120414
      ],
      [
       -68.2329146,
       12.1118341
      ],
      [
       -68.2330122,
       12.111864
      ],
      [
       -68.2330492,
       12.1118184
      ],
      [
       -68.2331565,
       12.111807
      ],
      [
       -68.2332412,
       12.1116698
      ],
      [
       -68.2333221,
       12.1116941
      ],
      [
       -68.2333811,
       12.1115906
      ],
      [
       -68.2333529,
       12.1115119
      ],
      [
       -68.2333743,
       12.1114541
      ],
      [
       -68.2333569,
       12.1112024
      ],
      [
       -68.2335098,
       12.1111159
      ],
      [
       -68.2336839,
       12.1109526
      ],
      [
       -68.2337398,
       12.1109264
      ],
      [
       -68.2338505,
       12.1109533
      ],
      [
       -68.2339231,
       12.1109751
      ],
      [
       -68.2339586,
       12.1110682
      ],
      [
       -68.2340228,
       12.1110748
      ],
      [
       -68.235161,
       12.1114767
      ],
      [
       -68.2347292,
       12.1124011
      ],
      [
       -68.2341686,
       12.1127014
      ],
      [
       -68.2339478,
       12.1128098
      ],
      [
       -68.2337127,
       12.1130181
      ],
      [
       -68.2330383,
       12.1132862
      ]
     ]
    ]
   }
  },
  {
   "type": "Feature",
   "id": "way/317183764",
   "properties": {
    "wetland": "mangrove",
    "name": ""
   },
   "geometry": {
    "type": "Polygon",
    "coordinates": [
     [
      [
       -68.2227421,
       12.1151841
      ],
      [
       -68.2226831,
       12.1152136
      ],
      [
       -68.2226241,
       12.1152084
      ],
      [
       -68.2225678,
       12.1151809
      ],
      [
       -68.2225235,
       12.1151264
      ],
      [
       -68.2225068,
       12.1150714
      ],
      [
       -68.2225162,
       12.1150287
      ],
      [
       -68.2225296,
       12.114975
      ],
      [
       -68.2225712,
       12.1149291
      ],
      [
       -68.2226717,
       12.114935
      ],
      [
       -68.2227173,
       12.1149488
      ],
      [
       -68.2227542,
       12.1150104
      ],
      [
       -68.2227683,
       12.1150779
      ],
      [
       -68.2227609,
       12.1151395
      ],
      [
       -68.2227556,
       12.1151618
      ],
      [
       -68.2227421,
       12.1151841
      ]
     ]
    ]
   }
  },
  {
   "type": "Feature",
   "id": "way/317286645",
   "properties": {
    "wetland": "mangrove",
    "name": ""
   },
   "geometry": {
    "type": "Polygon",
    "coordinates": [
     [
      [
       -68.2274214,
       12.1163364
      ],
      [
       -68.2273441,
       12.1163645
      ],
      [
       -68.2272646,
       12.1163731
      ],
      [
       -68.2271983,
       12.1163559
      ],
      [
       -68.2271342,
       12.1163105
      ],
      [
       -68.2271055,
       12.1162781
      ],
      [
       -68.2270967,
       12.1162435
      ],
      [
       -68.2271121,
       12.1162047
      ],
      [
       -68.2271099,
       12.1161679
      ],
      [
       -68.2271232,
       12.1161269
      ],
      [
       -68.2271762,
       12.116088
      ],
      [
       -68.2272557,
       12.1160643
      ],
      [
       -68.2272822,
       12.1160513
      ],
      [
       -68.2273883,
       12.1160427
      ],
      [
       -68.2274324,
       12.116101
      ],
      [
       -68.227459,
       12.1161787
      ],
      [
       -68.2274744,
       12.1162435
      ],
      [
       -68.2274523,
       12.1162846
      ],
      [
       -68.2274214,
       12.1163364
      ]
     ]
    ]
   }
  },
  {
   "type": "Feature",
   "id": "way/317286802",
   "properties": {
    "wetland": "mangrove",
    "name": ""
   },
   "geometry": {
    "type": "Polygon",
    "coordinates": [
     [
      [
       -68.226825,
       12.1161053
      ],
      [
       -68.2267962,
       12.1161593
      ],
      [
       -68.2267233,
       12.1161787
      ],
      [
       -68.2266416,
       12.1161766
      ],
      [
       -68.226593,
       12.1161874
      ],
      [
       -68.226551,
       12.116196
      ],
      [
       -68.2264605,
       12.1161723
      ],
      [
       -68.2264097,
       12.1161291
      ],
      [
       -68.2263787,
       12.1160794
      ],
      [
       -68.2263854,
       12.1160448
      ],
      [
       -68.2263986,
       12.1159952
      ],
      [
       -68.2263588,
       12.1159671
      ],
      [
       -68.2263456,
       12.1159282
      ],
      [
       -68.2263544,
       12.1158872
      ],
      [
       -68.2263787,
       12.1158677
      ],
      [
       -68.2264163,
       12.1158656
      ],
      [
       -68.2264649,
       12.1159044
      ],
      [
       -68.2264759,
       12.1159628
      ],
      [
       -68.2265002,
       12.1159541
      ],
      [
       -68.2265113,
       12.1159325
      ],
      [
       -68.2265312,
       12.1158656
      ],
      [
       -68.2266018,
       12.115831
      ],
      [
       -68.2266924,
       12.1158202
      ],
      [
       -68.2267543,
       12.1158375
      ],
      [
       -68.2267918,
       12.1158742
      ],
      [
       -68.2267984,
       12.1159217
      ],
      [
       -68.2267543,
       12.1159563
      ],
      [
       -68.2268161,
       12.1159498
      ],
      [
       -68.2268603,
       12.115993
      ],
      [
       -68.2268493,
       12.1160556
      ],
      [
       -68.226825,
       12.1161053
      ]
     ]
    ]
   }
  },
  {
   "type": "Feature",
   "id": "way/317287066",
   "properties": {
    "wetland": "mangrove",
    "name": ""
   },
   "geometry": {
    "type": "Polygon",
    "coordinates": [
     [
      [
       -68.2303023,
       12.1151503
      ],
      [
       -68.2302979,
       12.1152065
      ],
      [
       -68.2303178,
       12.1152562
      ],
      [
       -68.230278,
       12.1153145
      ],
      [
       -68.230225,
       12.1153318
      ],
      [
       -68.2301764,
       12.1153274
      ],
      [
       -68.2301543,
       12.1152929
      ],
      [
       -68.2301565,
       12.1152519
      ],
      [
       -68.2301212,
       12.1152281
      ],
      [
       -68.2300682,
       12.1152
      ],
      [
       -68.2300372,
       12.1151741
      ],
      [
       -68.2300129,
       12.1151525
      ],
      [
       -68.2299842,
       12.1151115
      ],
      [
       -68.2299997,
       12.1150855
      ],
      [
       -68.2300505,
       12.1150618
      ],
      [
       -68.2301035,
       12.115051
      ],
      [
       -68.2301698,
       12.1150402
      ],
      [
       -68.230225,
       12.1150531
      ],
      [
       -68.2302471,
       12.1150575
      ],
      [
       -68.2303023,
       12.1151503
      ]
     ]
    ]
   }
  },
  {
   "type": "Feature",
   "id": "way/317287140",
   "properties": {
    "wetland": "mangrove",
    "name": ""
   },
   "geometry": {
    "type": "Polygon",
    "coordinates": [
     [
      [
       -68.2300294,
       12.11547
      ],
      [
       -68.2300237,
       12.1155122
      ],
      [
       -68.2299895,
       12.1155528
      ],
      [
       -68.2299488,
       12.1155735
      ],
      [
       -68.2299212,
       12.1155647
      ],
      [
       -68.2298992,
       12.1155424
      ],
      [
       -68.2298918,
       12.1155313
      ],
      [
       -68.2298658,
       12.115513
      ],
      [
       -68.2298568,
       12.1154891
      ],
      [
       -68.2298674,
       12.1154732
      ],
      [
       -68.2298845,
       12.1154589
      ],
      [
       -68.2299122,
       12.1154397
      ],
      [
       -68.2299407,
       12.1154278
      ],
      [
       -68.2299651,
       12.1154222
      ],
      [
       -68.2299798,
       12.1154198
      ],
      [
       -68.230005,
       12.1154294
      ],
      [
       -68.2300164,
       12.1154461
      ],
      [
       -68.2300294,
       12.11547
      ]
     ]
    ]
   }
  },
  {
   "type": "Feature",
   "id": "way/317287999",
   "properties": {
    "wetland": "mangrove",
    "name": ""
   },
   "geometry": {
    "type": "Polygon",
    "coordinates": [
     [
      [
       -68.2298582,
       12.1154664
      ],
      [
       -68.2298139,
       12.1154638
      ],
      [
       -68.2297724,
       12.1154349
      ],
      [
       -68.2297509,
       12.1153995
      ],
      [
       -68.2297536,
       12.1153759
      ],
      [
       -68.229763,
       12.115351
      ],
      [
       -68.2297831,
       12.1153431
      ],
      [
       -68.2298059,
       12.1153418
      ],
      [
       -68.2297938,
       12.1153221
      ],
      [
       -68.2297522,
       12.1153274
      ],
      [
       -68.2296919,
       12.1153221
      ],
      [
       -68.2296275,
       12.1153221
      ],
      [
       -68.2295698,
       12.1153143
      ],
      [
       -68.229543,
       12.1153261
      ],
      [
       -68.2295082,
       12.1152697
      ],
      [
       -68.2294854,
       12.1151792
      ],
      [
       -68.2294718,
       12.1150978
      ],
      [
       -68.2294636,
       12.1150443
      ],
      [
       -68.2294652,
       12.1149943
      ],
      [
       -68.2295172,
       12.1149768
      ],
      [
       -68.2295484,
       12.1149736
      ],
      [
       -68.229607,
       12.1148935
      ],
      [
       -68.2297831,
       12.1148907
      ],
      [
       -68.2298126,
       12.1149484
      ],
      [
       -68.2298408,
       12.1150179
      ],
      [
       -68.22983,
       12.1150704
      ],
      [
       -68.2298005,
       12.1151163
      ],
      [
       -68.2297791,
       12.1151569
      ],
      [
       -68.2298005,
       12.1152002
      ],
      [
       -68.2298367,
       12.1152133
      ],
      [
       -68.2298716,
       12.1152304
      ],
      [
       -68.2298971,
       12.1152238
      ],
      [
       -68.2299239,
       12.1151936
      ],
      [
       -68.2299373,
       12.11517
      ],
      [
       -68.2299601,
       12.115174
      ],
      [
       -68.2300003,
       12.1151727
      ],
      [
       -68.2300151,
       12.1152081
      ],
      [
       -68.2300231,
       12.1152448
      ],
      [
       -68.2300473,
       12.115271
      ],
      [
       -68.2300728,
       12.1153077
      ],
      [
       -68.2300728,
       12.1153536
      ],
      [
       -68.2300366,
       12.1153969
      ],
      [
       -68.2299628,
       12.1154087
      ],
      [
       -68.2299024,
       12.1154336
      ],
      [
       -68.2298582,
       12.1154664
      ]
     ]
    ]
   }
  },
  {
   "type": "Feature",
   "id": "way/317288000",
   "properties": {
    "wetland": "mangrove",
    "name": ""
   },
   "geometry": {
    "type": "Polygon",
    "coordinates": [
     [
      [
       -68.2285795,
       12.1159355
      ],
      [
       -68.2285068,
       12.1159453
      ],
      [
       -68.2284458,
       12.1159239
      ],
      [
       -68.2284012,
       12.1159008
      ],
      [
       -68.2283639,
       12.1158608
      ],
      [
       -68.2283603,
       12.1158323
      ],
      [
       -68.2283221,
       12.1157941
      ],
      [
       -68.2283175,
       12.1157336
      ],
      [
       -68.2282721,
       12.1156785
      ],
      [
       -68.2282639,
       12.1156447
      ],
      [
       -68.228253,
       12.1156091
      ],
      [
       -68.2282748,
       12.1155824
      ],
      [
       -68.2283294,
       12.1155717
      ],
      [
       -68.2283639,
       12.115553
      ],
      [
       -68.2284203,
       12.115553
      ],
      [
       -68.2284658,
       12.1155539
      ],
      [
       -68.2285122,
       12.1155762
      ],
      [
       -68.2285213,
       12.115626
      ],
      [
       -68.2285304,
       12.11565
      ],
      [
       -68.2285104,
       12.1156793
      ],
      [
       -68.228514,
       12.1157078
      ],
      [
       -68.2285268,
       12.1157265
      ],
      [
       -68.228575,
       12.1157478
      ],
      [
       -68.2285895,
       12.1157843
      ],
      [
       -68.2285932,
       12.1157976
      ],
      [
       -68.2286268,
       12.115827
      ],
      [
       -68.228665,
       12.1158546
      ],
      [
       -68.2286696,
       12.1158786
      ],
      [
       -68.2287087,
       12.1158875
      ],
      [
       -68.2287442,
       12.1159044
      ],
      [
       -68.228756,
       12.1159399
      ],
      [
       -68.2287324,
       12.1159675
      ],
      [
       -68.2287569,
       12.1159853
      ],
      [
       -68.2287815,
       12.1159942
      ],
      [
       -68.2287778,
       12.1160289
      ],
      [
       -68.2287697,
       12.1160573
      ],
      [
       -68.2287369,
       12.1160716
      ],
      [
       -68.2287087,
       12.1160822
      ],
      [
       -68.2286796,
       12.1160307
      ],
      [
       -68.2286341,
       12.1160289
      ],
      [
       -68.2286014,
       12.1160093
      ],
      [
       -68.2285923,
       12.1159835
      ],
      [
       -68.2286268,
       12.1159551
      ],
      [
       -68.2285795,
       12.1159355
      ]
     ]
    ]
   }
  },
  {
   "type": "Feature",
   "id": "way/317288001",
   "properties": {
    "wetland": "mangrove",
    "name": ""
   },
   "geometry": {
    "type": "Polygon",
    "coordinates": [
     [
      [
       -68.2295104,
       12.1153588
      ],
      [
       -68.2295224,
       12.1154086
      ],
      [
       -68.229452,
       12.1154628
      ],
      [
       -68.229365,
       12.1154599
      ],
      [
       -68.2293201,
       12.1155126
      ],
      [
       -68.2291762,
       12.1156283
      ],
      [
       -68.2291043,
       12.1156152
      ],
      [
       -68.2290414,
       12.1156415
      ],
      [
       -68.2289934,
       12.115684
      ],
      [
       -68.228956,
       12.1157426
      ],
      [
       -68.2288436,
       12.1157573
      ],
      [
       -68.2288031,
       12.1157441
      ],
      [
       -68.2287477,
       12.1158144
      ],
      [
       -68.2286968,
       12.115854
      ],
      [
       -68.2286383,
       12.1158173
      ],
      [
       -68.2286024,
       12.1157763
      ],
      [
       -68.2285964,
       12.1157558
      ],
      [
       -68.2286173,
       12.1157221
      ],
      [
       -68.2286218,
       12.1157031
      ],
      [
       -68.2286998,
       12.1156371
      ],
      [
       -68.2287252,
       12.1156225
      ],
      [
       -68.2287792,
       12.1156415
      ],
      [
       -68.2288241,
       12.1155302
      ],
      [
       -68.2289155,
       12.1155141
      ],
      [
       -68.2289979,
       12.1154584
      ],
      [
       -68.2290744,
       12.1154599
      ],
      [
       -68.2290893,
       12.1153427
      ],
      [
       -68.2290024,
       12.1152855
      ],
      [
       -68.228953,
       12.1151962
      ],
      [
       -68.2289455,
       12.1151346
      ],
      [
       -68.2289755,
       12.1150834
      ],
      [
       -68.2290174,
       12.1150526
      ],
      [
       -68.2291088,
       12.1150482
      ],
      [
       -68.2292137,
       12.1150423
      ],
      [
       -68.2292766,
       12.1149456
      ],
      [
       -68.2293351,
       12.11489
      ],
      [
       -68.2294719,
       12.1148411
      ],
      [
       -68.2294926,
       12.1148933
      ],
      [
       -68.2294802,
       12.1149386
      ],
      [
       -68.2294545,
       12.1149601
      ],
      [
       -68.2294503,
       12.1149887
      ],
      [
       -68.2294477,
       12.1150304
      ],
      [
       -68.2295104,
       12.1153588
      ]
     ]
    ]
   }
  },
  {
   "type": "Feature",
   "id": "way/317288098",
   "properties": {
    "wetland": "mangrove",
    "name": ""
   },
   "geometry": {
    "type": "Polygon",
    "coordinates": [
     [
      [
       -68.2287499,
       12.1155651
      ],
      [
       -68.2286645,
       12.1155909
      ],
      [
       -68.2285893,
       12.115573
      ],
      [
       -68.228567,
       12.1155114
      ],
      [
       -68.228567,
       12.1154598
      ],
      [
       -68.228571,
       12.115414
      ],
      [
       -68.2285893,
       12.1153822
      ],
      [
       -68.2286259,
       12.1153604
      ],
      [
       -68.2286564,
       12.1153504
      ],
      [
       -68.228693,
       12.1153564
      ],
      [
       -68.2287153,
       12.1153763
      ],
      [
       -68.2287275,
       12.1153962
      ],
      [
       -68.2287377,
       12.1154478
      ],
      [
       -68.2287641,
       12.1154856
      ],
      [
       -68.2287784,
       12.1155333
      ],
      [
       -68.2287499,
       12.1155651
      ]
     ]
    ]
   }
  },
  {
   "type": "Feature",
   "id": "way/317288329",
   "properties": {
    "wetland": "mangrove",
    "name": ""
   },
   "geometry": {
    "type": "Polygon",
    "coordinates": [
     [
      [
       -68.2285141,
       12.1155055
      ],
      [
       -68.2284734,
       12.1155091
      ],
      [
       -68.2284401,
       12.1154958
      ],
      [
       -68.2284166,
       12.1154789
      ],
      [
       -68.2284129,
       12.1154548
      ],
      [
       -68.228424,
       12.1154234
      ],
      [
       -68.228445,
       12.1154029
      ],
      [
       -68.2284684,
       12.1153896
      ],
      [
       -68.2284944,
       12.1153884
      ],
      [
       -68.2285129,
       12.1153957
      ],
      [
       -68.2285289,
       12.1154113
      ],
      [
       -68.2285437,
       12.1154367
      ],
      [
       -68.2285437,
       12.1154644
      ],
      [
       -68.2285338,
       12.115491
      ],
      [
       -68.2285141,
       12.1155055
      ]
     ]
    ]
   }
  },
  {
   "type": "Feature",
   "id": "way/317288356",
   "properties": {
    "wetland": "mangrove",
    "name": ""
   },
   "geometry": {
    "type": "Polygon",
    "coordinates": [
     [
      [
       -68.2294283,
       12.1155495
      ],
      [
       -68.2293983,
       12.115548
      ],
      [
       -68.2293676,
       12.1155422
      ],
      [
       -68.2293504,
       12.1155319
      ],
      [
       -68.2293421,
       12.115518
      ],
      [
       -68.2293459,
       12.1155019
      ],
      [
       -68.2293541,
       12.1154894
      ],
      [
       -68.2293743,
       12.1154733
      ],
      [
       -68.2293991,
       12.115477
      ],
      [
       -68.2294433,
       12.1154741
      ],
      [
       -68.2294537,
       12.1154997
      ],
      [
       -68.2294485,
       12.1155283
      ],
      [
       -68.2294283,
       12.1155495
      ]
     ]
    ]
   }
  },
  {
   "type": "Feature",
   "id": "way/317290398",
   "properties": {
    "wetland": "mangrove",
    "name": ""
   },
   "geometry": {
    "type": "Polygon",
    "coordinates": [
     [
      [
       -68.2278347,
       12.1161342
      ],
      [
       -68.2276472,
       12.116145
      ],
      [
       -68.2275093,
       12.1161558
      ],
      [
       -68.2274376,
       12.1160264
      ],
      [
       -68.2271949,
       12.1159886
      ],
      [
       -68.2269854,
       12.116021
      ],
      [
       -68.2269302,
       12.1158538
      ],
      [
       -68.2270626,
       12.1157621
      ],
      [
       -68.2270571,
       12.1155626
      ],
      [
       -68.2267868,
       12.1153361
      ],
      [
       -68.2267636,
       12.1153213
      ],
      [
       -68.2267056,
       12.1153643
      ],
      [
       -68.2266265,
       12.1153532
      ],
      [
       -68.2265849,
       12.1152693
      ],
      [
       -68.2265929,
       12.1152123
      ],
      [
       -68.2266989,
       12.115168
      ],
      [
       -68.2266848,
       12.1151369
      ],
      [
       -68.2265434,
       12.1151807
      ],
      [
       -68.2265166,
       12.1151636
      ],
      [
       -68.2264777,
       12.1151636
      ],
      [
       -68.2264328,
       12.1151159
      ],
      [
       -68.2263893,
       12.1150998
      ],
      [
       -68.2263354,
       12.1150998
      ],
      [
       -68.2261967,
       12.1151636
      ],
      [
       -68.2262542,
       12.1153197
      ],
      [
       -68.2262833,
       12.1154061
      ],
      [
       -68.2262819,
       12.1154265
      ],
      [
       -68.2262674,
       12.1154482
      ],
      [
       -68.2256489,
       12.1152676
      ],
      [
       -68.2253365,
       12.1151174
      ],
      [
       -68.2247958,
       12.1148185
      ],
      [
       -68.2248785,
       12.1145381
      ],
      [
       -68.2245642,
       12.114015
      ],
      [
       -68.2247517,
       12.1137831
      ],
      [
       -68.2251598,
       12.11374
      ],
      [
       -68.2251598,
       12.1135081
      ],
      [
       -68.2253253,
       12.1134757
      ],
      [
       -68.2254025,
       12.1141013
      ],
      [
       -68.2255995,
       12.1140917
      ],
      [
       -68.2256738,
       12.1141595
      ],
      [
       -68.2255861,
       12.1139378
      ],
      [
       -68.2257334,
       12.1138504
      ],
      [
       -68.2258045,
       12.1137232
      ],
      [
       -68.2259976,
       12.1138058
      ],
      [
       -68.2259655,
       12.1139291
      ],
      [
       -68.2263445,
       12.1141258
      ],
      [
       -68.2264781,
       12.1139725
      ],
      [
       -68.2266018,
       12.1139617
      ],
      [
       -68.2267465,
       12.1140578
      ],
      [
       -68.2267344,
       12.1139088
      ],
      [
       -68.226804,
       12.1138137
      ],
      [
       -68.2269719,
       12.1138278
      ],
      [
       -68.227047,
       12.1138774
      ],
      [
       -68.2271091,
       12.1140555
      ],
      [
       -68.2270724,
       12.1141809
      ],
      [
       -68.2270933,
       12.1142346
      ],
      [
       -68.2271798,
       12.1141292
      ],
      [
       -68.227226,
       12.1141071
      ],
      [
       -68.2273266,
       12.1141087
      ],
      [
       -68.2274579,
       12.114239
      ],
      [
       -68.2274787,
       12.114233
      ],
      [
       -68.2274138,
       12.1141117
      ],
      [
       -68.2274191,
       12.1140121
      ],
      [
       -68.227509,
       12.113995
      ],
      [
       -68.2275815,
       12.1140362
      ],
      [
       -68.2275928,
       12.1141294
      ],
      [
       -68.2276942,
       12.1141778
      ],
      [
       -68.227721,
       12.1142381
      ],
      [
       -68.2276781,
       12.1142866
      ],
      [
       -68.2277103,
       12.1143141
      ],
      [
       -68.2277813,
       12.1142696
      ],
      [
       -68.2278457,
       12.1142551
      ],
      [
       -68.2278189,
       12.1141581
      ],
      [
       -68.2278994,
       12.1141266
      ],
      [
       -68.2279502,
       12.1141739
      ],
      [
       -68.2279718,
       12.1141529
      ],
      [
       -68.2279597,
       12.1140991
      ],
      [
       -68.2280268,
       12.1140637
      ],
      [
       -68.2281041,
       12.1140977
      ],
      [
       -68.2281354,
       12.1140847
      ],
      [
       -68.228177,
       12.1140978
      ],
      [
       -68.2281796,
       12.114145
      ],
      [
       -68.2281381,
       12.1141909
      ],
      [
       -68.2281421,
       12.1143522
      ],
      [
       -68.2281695,
       12.1143585
      ],
      [
       -68.2283042,
       12.1141782
      ],
      [
       -68.2283961,
       12.1141192
      ],
      [
       -68.2283985,
       12.114091
      ],
      [
       -68.2283412,
       12.1140368
      ],
      [
       -68.228358,
       12.1139463
      ],
      [
       -68.2283855,
       12.1138998
      ],
      [
       -68.2284264,
       12.1137601
      ],
      [
       -68.2284759,
       12.1137492
      ],
      [
       -68.2285262,
       12.1137611
      ],
      [
       -68.2285869,
       12.1137524
      ],
      [
       -68.2286676,
       12.1137249
      ],
      [
       -68.2286921,
       12.1136837
      ],
      [
       -68.2286885,
       12.1136134
      ],
      [
       -68.2287495,
       12.1135378
      ],
      [
       -68.2288604,
       12.1134702
      ],
      [
       -68.2289138,
       12.1135597
      ],
      [
       -68.2288486,
       12.113641
      ],
      [
       -68.2288814,
       12.1136801
      ],
      [
       -68.2289086,
       12.1137424
      ],
      [
       -68.2288868,
       12.1137993
      ],
      [
       -68.2288541,
       12.1138102
      ],
      [
       -68.2288104,
       12.1137923
      ],
      [
       -68.2287969,
       12.1138293
      ],
      [
       -68.2286058,
       12.114005
      ],
      [
       -68.2286443,
       12.1140602
      ],
      [
       -68.2286411,
       12.1141051
      ],
      [
       -68.2286454,
       12.1142074
      ],
      [
       -68.2287071,
       12.1142293
      ],
      [
       -68.2287408,
       12.1142877
      ],
      [
       -68.2288092,
       12.114567
      ],
      [
       -68.2288119,
       12.1146234
      ],
      [
       -68.2287622,
       12.1146378
      ],
      [
       -68.2286241,
       12.1148948
      ],
      [
       -68.2287368,
       12.1150534
      ],
      [
       -68.2288186,
       12.1150587
      ],
      [
       -68.2288963,
       12.1150954
      ],
      [
       -68.2289057,
       12.1151597
      ],
      [
       -68.2287877,
       12.1152947
      ],
      [
       -68.2287099,
       12.1153432
      ],
      [
       -68.2285772,
       12.1153301
      ],
      [
       -68.2284954,
       12.1152882
      ],
      [
       -68.2284189,
       12.1151243
      ],
      [
       -68.2283076,
       12.115157
      ],
      [
       -68.2282741,
       12.1152305
      ],
      [
       -68.2281925,
       12.1152793
      ],
      [
       -68.2282189,
       12.1153763
      ],
      [
       -68.2282285,
       12.1155045
      ],
      [
       -68.2281534,
       12.115595
      ],
      [
       -68.2280219,
       12.1156501
      ],
      [
       -68.2278677,
       12.1156186
      ],
      [
       -68.2277189,
       12.1156133
      ],
      [
       -68.227603,
       12.1156716
      ],
      [
       -68.2276673,
       12.1157839
      ],
      [
       -68.2278702,
       12.1159282
      ],
      [
       -68.2278347,
       12.1161342
      ]
     ]
    ]
   }
  },
  {
   "type": "Feature",
   "id": "way/317290399",
   "properties": {
    "wetland": "mangrove",
    "name": ""
   },
   "geometry": {
    "type": "Polygon",
    "coordinates": [
     [
      [
       -68.2290576,
       12.1136209
      ],
      [
       -68.2290006,
       12.1136253
      ],
      [
       -68.2289722,
       12.1136033
      ],
      [
       -68.2289542,
       12.1135711
      ],
      [
       -68.2289692,
       12.1135564
      ],
      [
       -68.2289497,
       12.1135315
      ],
      [
       -68.2289272,
       12.1135154
      ],
      [
       -68.2288883,
       12.1134568
      ],
      [
       -68.2288988,
       12.1134275
      ],
      [
       -68.2289632,
       12.1133894
      ],
      [
       -68.2290081,
       12.1133748
      ],
      [
       -68.2290456,
       12.1134026
      ],
      [
       -68.2290696,
       12.1134436
      ],
      [
       -68.2290591,
       12.1134847
      ],
      [
       -68.2290846,
       12.1135198
      ],
      [
       -68.2290995,
       12.1135608
      ],
      [
       -68.2290801,
       12.1136019
      ],
      [
       -68.2290576,
       12.1136209
      ]
     ]
    ]
   }
  },
  {
   "type": "Feature",
   "id": "way/317290469",
   "properties": {
    "wetland": "mangrove",
    "name": ""
   },
   "geometry": {
    "type": "Polygon",
    "coordinates": [
     [
      [
       -68.2289597,
       12.1133574
      ],
      [
       -68.2288968,
       12.1133794
      ],
      [
       -68.2288339,
       12.1133692
      ],
      [
       -68.2288159,
       12.1133193
      ],
      [
       -68.2287949,
       12.1132651
      ],
      [
       -68.2288219,
       12.1132461
      ],
      [
       -68.2288099,
       12.1132314
      ],
      [
       -68.2288129,
       12.1131875
      ],
      [
       -68.2287874,
       12.1131538
      ],
      [
       -68.2287889,
       12.1131172
      ],
      [
       -68.2288219,
       12.1130967
      ],
      [
       -68.2289115,
       12.1131102
      ],
      [
       -68.2289488,
       12.113176
      ],
      [
       -68.2289659,
       12.1132346
      ],
      [
       -68.2289589,
       12.1132975
      ],
      [
       -68.2289597,
       12.1133574
      ]
     ]
    ]
   }
  },
  {
   "type": "Feature",
   "id": "way/317290731",
   "properties": {
    "wetland": "mangrove",
    "name": ""
   },
   "geometry": {
    "type": "Polygon",
    "coordinates": [
     [
      [
       -68.2289457,
       12.112998
      ],
      [
       -68.228854,
       12.113052
      ],
      [
       -68.22879,
       12.1130218
      ],
      [
       -68.2287999,
       12.112984
      ],
      [
       -68.228822,
       12.1129613
      ],
      [
       -68.2287999,
       12.1129354
      ],
      [
       -68.2288209,
       12.1128598
      ],
      [
       -68.2288198,
       12.1128263
      ],
      [
       -68.2288617,
       12.1127874
      ],
      [
       -68.2289247,
       12.1127961
      ],
      [
       -68.2289733,
       12.1127907
      ],
      [
       -68.2290109,
       12.1128177
      ],
      [
       -68.2290391,
       12.1128856
      ],
      [
       -68.2290296,
       12.1129494
      ],
      [
       -68.2290219,
       12.1129883
      ],
      [
       -68.2289457,
       12.112998
      ]
     ]
    ]
   }
  },
  {
   "type": "Feature",
   "id": "way/317290732",
   "properties": {
    "wetland": "mangrove",
    "name": ""
   },
   "geometry": {
    "type": "Polygon",
    "coordinates": [
     [
      [
       -68.2290535,
       12.1127319
      ],
      [
       -68.2290193,
       12.1127634
      ],
      [
       -68.2289704,
       12.1127549
      ],
      [
       -68.2289623,
       12.1127267
      ],
      [
       -68.2289463,
       12.1126829
      ],
      [
       -68.2289695,
       12.1126348
      ],
      [
       -68.2290363,
       12.1126468
      ],
      [
       -68.2290935,
       12.1126557
      ],
      [
       -68.2290955,
       12.1127093
      ],
      [
       -68.2290535,
       12.1127319
      ]
     ]
    ]
   }
  },
  {
   "type": "Feature",
   "id": "way/317291108",
   "properties": {
    "wetland": "mangrove",
    "name": ""
   },
   "geometry": {
    "type": "Polygon",
    "coordinates": [
     [
      [
       -68.2301503,
       12.1124789
      ],
      [
       -68.2300925,
       12.11247
      ],
      [
       -68.2300471,
       12.1124884
      ],
      [
       -68.2299557,
       12.1124767
      ],
      [
       -68.2298556,
       12.1125225
      ],
      [
       -68.2297594,
       12.1125411
      ],
      [
       -68.2296096,
       12.1125031
      ],
      [
       -68.2294597,
       12.1124972
      ],
      [
       -68.2293863,
       12.1125177
      ],
      [
       -68.2293144,
       12.1127785
      ],
      [
       -68.229217,
       12.1127931
      ],
      [
       -68.2291301,
       12.112673
      ],
      [
       -68.2291016,
       12.1125953
      ],
      [
       -68.2290926,
       12.1125265
      ],
      [
       -68.229151,
       12.1124752
      ],
      [
       -68.2292814,
       12.112443
      ],
      [
       -68.2292619,
       12.1123946
      ],
      [
       -68.2292544,
       12.112358
      ],
      [
       -68.2292874,
       12.1123287
      ],
      [
       -68.2293908,
       12.1123243
      ],
      [
       -68.2294028,
       12.1122555
      ],
      [
       -68.2294058,
       12.112169
      ],
      [
       -68.2295182,
       12.1121441
      ],
      [
       -68.2296305,
       12.1122027
      ],
      [
       -68.2297354,
       12.1121441
      ],
      [
       -68.2297924,
       12.1121148
      ],
      [
       -68.2298718,
       12.1121265
      ],
      [
       -68.2298748,
       12.1122115
      ],
      [
       -68.2298388,
       12.1123038
      ],
      [
       -68.2298523,
       12.1123434
      ],
      [
       -68.2299077,
       12.1123258
      ],
      [
       -68.2299452,
       12.1122657
      ],
      [
       -68.2300216,
       12.1122364
      ],
      [
       -68.2300591,
       12.1122393
      ],
      [
       -68.2301025,
       12.112254
      ],
      [
       -68.2301155,
       12.112255
      ],
      [
       -68.2301503,
       12.1124789
      ]
     ]
    ]
   }
  },
  {
   "type": "Feature",
   "id": "way/317294263",
   "properties": {
    "wetland": "mangrove",
    "name": ""
   },
   "geometry": {
    "type": "Polygon",
    "coordinates": [
     [
      [
       -68.2253069,
       12.1134094
      ],
      [
       -68.2252297,
       12.113404
      ],
      [
       -68.2251911,
       12.1133683
      ],
      [
       -68.2251606,
       12.1133305
      ],
      [
       -68.2251677,
       12.1132918
      ],
      [
       -68.225189,
       12.113255
      ],
      [
       -68.2251159,
       12.1131675
      ],
      [
       -68.2251077,
       12.1131238
      ],
      [
       -68.2251433,
       12.113098
      ],
      [
       -68.2252012,
       12.113099
      ],
      [
       -68.2252531,
       12.1131208
      ],
      [
       -68.2253039,
       12.1131188
      ],
      [
       -68.2253364,
       12.1131447
      ],
      [
       -68.2253517,
       12.113251
      ],
      [
       -68.2253324,
       12.1133325
      ],
      [
       -68.2253212,
       12.1133891
      ],
      [
       -68.2253069,
       12.1134094
      ]
     ]
    ]
   }
  },
  {
   "type": "Feature",
   "id": "way/317294405",
   "properties": {
    "wetland": "mangrove",
    "name": ""
   },
   "geometry": {
    "type": "Polygon",
    "coordinates": [
     [
      [
       -68.2253361,
       12.1130743
      ],
      [
       -68.22532,
       12.1130942
      ],
      [
       -68.2252799,
       12.1130954
      ],
      [
       -68.2252416,
       12.1130815
      ],
      [
       -68.2252139,
       12.1130616
      ],
      [
       -68.2251917,
       12.1130417
      ],
      [
       -68.2251923,
       12.1130116
      ],
      [
       -68.2252059,
       12.1129808
      ],
      [
       -68.2252207,
       12.1129494
      ],
      [
       -68.225233,
       12.1129235
      ],
      [
       -68.2252565,
       12.1128987
      ],
      [
       -68.2252731,
       12.1128945
      ],
      [
       -68.2252972,
       12.1129042
      ],
      [
       -68.2253126,
       12.1129156
      ],
      [
       -68.2253188,
       12.1129452
      ],
      [
       -68.2253614,
       12.1129669
      ],
      [
       -68.2253472,
       12.112991
      ],
      [
       -68.2253805,
       12.1130085
      ],
      [
       -68.2253577,
       12.1130544
      ],
      [
       -68.2253361,
       12.1130743
      ]
     ]
    ]
   }
  },
  {
   "type": "Feature",
   "id": "way/317294559",
   "properties": {
    "wetland": "mangrove",
    "name": ""
   },
   "geometry": {
    "type": "Polygon",
    "coordinates": [
     [
      [
       -68.2252439,
       12.1127889
      ],
      [
       -68.2252063,
       12.1127744
      ],
      [
       -68.2251785,
       12.1127612
      ],
      [
       -68.2251545,
       12.11274
      ],
      [
       -68.2251514,
       12.1127195
      ],
      [
       -68.2251619,
       12.1127014
      ],
      [
       -68.2251829,
       12.1126809
      ],
      [
       -68.2252014,
       12.1126731
      ],
      [
       -68.2252273,
       12.1126725
      ],
      [
       -68.2252464,
       12.1126785
      ],
      [
       -68.2252649,
       12.112702
      ],
      [
       -68.2252736,
       12.1127147
      ],
      [
       -68.2252748,
       12.1127545
      ],
      [
       -68.2252643,
       12.1127775
      ],
      [
       -68.2252439,
       12.1127889
      ]
     ]
    ]
   }
  },
  {
   "type": "Feature",
   "id": "way/317294842",
   "properties": {
    "wetland": "mangrove",
    "name": ""
   },
   "geometry": {
    "type": "Polygon",
    "coordinates": [
     [
      [
       -68.2251218,
       12.112725
      ],
      [
       -68.2250884,
       12.1127461
      ],
      [
       -68.2250471,
       12.1127527
      ],
      [
       -68.2250014,
       12.1127388
      ],
      [
       -68.2249687,
       12.1127189
      ],
      [
       -68.2249447,
       12.1126743
      ],
      [
       -68.2249441,
       12.1126405
      ],
      [
       -68.2249539,
       12.1126079
      ],
      [
       -68.2249835,
       12.1125886
      ],
      [
       -68.2250304,
       12.1125856
      ],
      [
       -68.2250823,
       12.1125814
      ],
      [
       -68.2251076,
       12.1125916
      ],
      [
       -68.2251248,
       12.1126079
      ],
      [
       -68.2251218,
       12.1126375
      ],
      [
       -68.2251532,
       12.1126598
      ],
      [
       -68.2251403,
       12.112696
      ],
      [
       -68.2251218,
       12.112725
      ]
     ]
    ]
   }
  },
  {
   "type": "Feature",
   "id": "way/317295056",
   "properties": {
    "wetland": "mangrove",
    "name": ""
   },
   "geometry": {
    "type": "Polygon",
    "coordinates": [
     [
      [
       -68.2249627,
       12.1123526
      ],
      [
       -68.224923,
       12.1123774
      ],
      [
       -68.2248681,
       12.1123824
      ],
      [
       -68.2248072,
       12.1123436
      ],
      [
       -68.2247624,
       12.1122929
      ],
      [
       -68.2247502,
       12.1122492
      ],
      [
       -68.2247614,
       12.1121995
      ],
      [
       -68.2247594,
       12.1121568
      ],
      [
       -68.2248102,
       12.11213
      ],
      [
       -68.2248478,
       12.1121379
      ],
      [
       -68.2248915,
       12.1121687
      ],
      [
       -68.2249505,
       12.1121856
      ],
      [
       -68.2249596,
       12.1122313
      ],
      [
       -68.2249871,
       12.1122731
      ],
      [
       -68.2249911,
       12.1123178
      ],
      [
       -68.2249627,
       12.1123526
      ]
     ]
    ]
   }
  },
  {
   "type": "Feature",
   "id": "way/317295427",
   "properties": {
    "wetland": "mangrove",
    "name": ""
   },
   "geometry": {
    "type": "Polygon",
    "coordinates": [
     [
      [
       -68.2247838,
       12.1121021
      ],
      [
       -68.2247553,
       12.112132
      ],
      [
       -68.2246984,
       12.1121409
      ],
      [
       -68.2246517,
       12.112126
      ],
      [
       -68.2246181,
       12.1120852
      ],
      [
       -68.224611,
       12.1120366
      ],
      [
       -68.224613,
       12.1120117
      ],
      [
       -68.2246384,
       12.111969
      ],
      [
       -68.224671,
       12.1119461
      ],
      [
       -68.2247035,
       12.1119352
      ],
      [
       -68.2246933,
       12.1119064
      ],
      [
       -68.2246293,
       12.1118557
      ],
      [
       -68.224609,
       12.1117841
      ],
      [
       -68.2246334,
       12.1117623
      ],
      [
       -68.2246628,
       12.1117454
      ],
      [
       -68.2246923,
       12.1117474
      ],
      [
       -68.2247391,
       12.1117772
      ],
      [
       -68.2247574,
       12.111808
      ],
      [
       -68.2247777,
       12.1118318
      ],
      [
       -68.2248051,
       12.1118557
      ],
      [
       -68.2248244,
       12.1118935
      ],
      [
       -68.2248041,
       12.1119302
      ],
      [
       -68.2247716,
       12.1119421
      ],
      [
       -68.2247685,
       12.11196
      ],
      [
       -68.224736,
       12.1119998
      ],
      [
       -68.2247767,
       12.1120336
      ],
      [
       -68.2247899,
       12.1120684
      ],
      [
       -68.2247838,
       12.1121021
      ]
     ]
    ]
   }
  },
  {
   "type": "Feature",
   "id": "way/317296234",
   "properties": {
    "wetland": "mangrove",
    "name": ""
   },
   "geometry": {
    "type": "Polygon",
    "coordinates": [
     [
      [
       -68.2245063,
       12.1120127
      ],
      [
       -68.2244606,
       12.1120057
      ],
      [
       -68.2244179,
       12.111969
      ],
      [
       -68.2243986,
       12.1119342
      ],
      [
       -68.2243254,
       12.1119312
      ],
      [
       -68.2242969,
       12.1119819
      ],
      [
       -68.2242329,
       12.1120067
      ],
      [
       -68.224177,
       12.1120097
      ],
      [
       -68.2241353,
       12.111964
      ],
      [
       -68.2241303,
       12.1119262
      ],
      [
       -68.2241445,
       12.1118905
      ],
      [
       -68.2241628,
       12.1118597
      ],
      [
       -68.2242085,
       12.1118557
      ],
      [
       -68.2242441,
       12.1118557
      ],
      [
       -68.2242217,
       12.11181
      ],
      [
       -68.2242065,
       12.1117623
      ],
      [
       -68.2242207,
       12.1117186
      ],
      [
       -68.2242644,
       12.1116927
      ],
      [
       -68.2243051,
       12.1116967
      ],
      [
       -68.2243346,
       12.1117017
      ],
      [
       -68.2243589,
       12.1117404
      ],
      [
       -68.224423,
       12.1117076
      ],
      [
       -68.2244037,
       12.1116798
      ],
      [
       -68.2243945,
       12.1116202
      ],
      [
       -68.224423,
       12.1115526
      ],
      [
       -68.2244657,
       12.1115128
      ],
      [
       -68.2245023,
       12.11149
      ],
      [
       -68.224549,
       12.111495
      ],
      [
       -68.2245815,
       12.1115168
      ],
      [
       -68.2246161,
       12.1115625
      ],
      [
       -68.2246303,
       12.1116271
      ],
      [
       -68.2245724,
       12.1116738
      ],
      [
       -68.2245632,
       12.1117454
      ],
      [
       -68.2245307,
       12.1118239
      ],
      [
       -68.2245643,
       12.1118636
      ],
      [
       -68.2245561,
       12.1119004
      ],
      [
       -68.2245805,
       12.1119342
      ],
      [
       -68.2245551,
       12.1119889
      ],
      [
       -68.2245063,
       12.1120127
      ]
     ]
    ]
   }
  },
  {
   "type": "Feature",
   "id": "way/317297031",
   "properties": {
    "wetland": "mangrove",
    "name": ""
   },
   "geometry": {
    "type": "Polygon",
    "coordinates": [
     [
      [
       -68.2244809,
       12.1114522
      ],
      [
       -68.2244403,
       12.111485
      ],
      [
       -68.2244087,
       12.1114751
      ],
      [
       -68.2243915,
       12.1114622
      ],
      [
       -68.2243579,
       12.1114453
      ],
      [
       -68.2243285,
       12.1114045
      ],
      [
       -68.2243285,
       12.1113598
      ],
      [
       -68.2243508,
       12.111323
      ],
      [
       -68.2243864,
       12.1112992
      ],
      [
       -68.2244128,
       12.1113012
      ],
      [
       -68.2244413,
       12.1113042
      ],
      [
       -68.2244677,
       12.111328
      ],
      [
       -68.2244992,
       12.1113449
      ],
      [
       -68.2245002,
       12.1113906
      ],
      [
       -68.2245002,
       12.1114274
      ],
      [
       -68.2244809,
       12.1114522
      ]
     ]
    ]
   }
  },
  {
   "type": "Feature",
   "id": "way/317297034",
   "properties": {
    "wetland": "mangrove",
    "name": ""
   },
   "geometry": {
    "type": "Polygon",
    "coordinates": [
     [
      [
       -68.2243376,
       12.1112207
      ],
      [
       -68.2243091,
       12.1112237
      ],
      [
       -68.2242766,
       12.1112267
      ],
      [
       -68.2242512,
       12.1111968
      ],
      [
       -68.2242421,
       12.111169
      ],
      [
       -68.2242441,
       12.1111462
      ],
      [
       -68.2242563,
       12.1111283
      ],
      [
       -68.2242807,
       12.1111154
      ],
      [
       -68.2243193,
       12.1111253
      ],
      [
       -68.2243559,
       12.1111462
      ],
      [
       -68.224362,
       12.111176
      ],
      [
       -68.2243559,
       12.1112008
      ],
      [
       -68.2243376,
       12.1112207
      ]
     ]
    ]
   }
  },
  {
   "type": "Feature",
   "id": "way/317297036",
   "properties": {
    "wetland": "mangrove",
    "name": ""
   },
   "geometry": {
    "type": "Polygon",
    "coordinates": [
     [
      [
       -68.2246811,
       12.1110299
      ],
      [
       -68.2246517,
       12.1110428
      ],
      [
       -68.2246313,
       12.1110736
      ],
      [
       -68.2245846,
       12.1110885
      ],
      [
       -68.22455,
       12.1110806
      ],
      [
       -68.2245317,
       12.1110547
      ],
      [
       -68.2245287,
       12.1110239
      ],
      [
       -68.2245348,
       12.1109921
      ],
      [
       -68.224551,
       12.1109752
      ],
      [
       -68.2245825,
       12.1109633
      ],
      [
       -68.2246283,
       12.1109494
      ],
      [
       -68.2246669,
       12.1109494
      ],
      [
       -68.2246882,
       12.1109454
      ],
      [
       -68.2246974,
       12.1109693
      ],
      [
       -68.2246974,
       12.1110041
      ],
      [
       -68.2246811,
       12.1110299
      ]
     ]
    ]
   }
  },
  {
   "type": "Feature",
   "id": "way/317297253",
   "properties": {
    "wetland": "mangrove",
    "name": ""
   },
   "geometry": {
    "type": "Polygon",
    "coordinates": [
     [
      [
       -68.2243732,
       12.11101
      ],
      [
       -68.2243264,
       12.111006
      ],
      [
       -68.2242878,
       12.1109703
      ],
      [
       -68.2242827,
       12.1109265
      ],
      [
       -68.2242888,
       12.1109047
      ],
      [
       -68.2243203,
       12.1108659
      ],
      [
       -68.2243081,
       12.1108272
      ],
      [
       -68.2243173,
       12.1108003
      ],
      [
       -68.2243386,
       12.1107775
      ],
      [
       -68.224362,
       12.1107646
      ],
      [
       -68.2244128,
       12.1107685
      ],
      [
       -68.2244586,
       12.1107874
      ],
      [
       -68.2244829,
       12.110848
      ],
      [
       -68.2244697,
       12.1109096
      ],
      [
       -68.2244413,
       12.1109514
      ],
      [
       -68.2244047,
       12.1109901
      ],
      [
       -68.2243732,
       12.11101
      ]
     ]
    ]
   }
  },
  {
   "type": "Feature",
   "id": "way/317297410",
   "properties": {
    "wetland": "mangrove",
    "name": ""
   },
   "geometry": {
    "type": "Polygon",
    "coordinates": [
     [
      [
       -68.2243938,
       12.1105728
      ],
      [
       -68.2243741,
       12.1105855
      ],
      [
       -68.2243586,
       12.1105843
      ],
      [
       -68.2243315,
       12.1105656
      ],
      [
       -68.2243253,
       12.1105379
      ],
      [
       -68.2243568,
       12.1105379
      ],
      [
       -68.2243889,
       12.1105457
      ],
      [
       -68.2243938,
       12.1105728
      ]
     ]
    ]
   }
  },
  {
   "type": "Feature",
   "id": "way/317299224",
   "properties": {
    "wetland": "mangrove",
    "name": ""
   },
   "geometry": {
    "type": "Polygon",
    "coordinates": [
     [
      [
       -68.2216818,
       12.1091673
      ],
      [
       -68.2216416,
       12.1091752
      ],
      [
       -68.2216067,
       12.1091614
      ],
      [
       -68.2215926,
       12.1091326
      ],
      [
       -68.221598,
       12.1091018
      ],
      [
       -68.2216221,
       12.1090749
      ],
      [
       -68.2216489,
       12.1090709
      ],
      [
       -68.2216751,
       12.1090762
      ],
      [
       -68.2216959,
       12.1090998
      ],
      [
       -68.2217032,
       12.1091417
      ],
      [
       -68.2216818,
       12.1091673
      ]
     ]
    ]
   }
  },
  {
   "type": "Feature",
   "id": "way/317299673",
   "properties": {
    "wetland": "mangrove",
    "name": ""
   },
   "geometry": {
    "type": "Polygon",
    "coordinates": [
     [
      [
       -68.2215078,
       12.1090782
      ],
      [
       -68.2213834,
       12.1090723
      ],
      [
       -68.2213534,
       12.1090547
      ],
      [
       -68.2212845,
       12.1090869
      ],
      [
       -68.2212276,
       12.1090738
      ],
      [
       -68.2212096,
       12.1091441
      ],
      [
       -68.2211556,
       12.1091734
      ],
      [
       -68.2211212,
       12.1091778
      ],
      [
       -68.2210852,
       12.109169
      ],
      [
       -68.2210508,
       12.1091514
      ],
      [
       -68.2210313,
       12.1091353
      ],
      [
       -68.2210088,
       12.1091309
      ],
      [
       -68.2209848,
       12.1090884
      ],
      [
       -68.2209638,
       12.1090547
      ],
      [
       -68.2209638,
       12.1090181
      ],
      [
       -68.2209728,
       12.1089976
      ],
      [
       -68.2210283,
       12.1089375
      ],
      [
       -68.2210957,
       12.1088877
      ],
      [
       -68.2211152,
       12.1088525
      ],
      [
       -68.2211167,
       12.1087925
      ],
      [
       -68.2211452,
       12.10875
      ],
      [
       -68.2212306,
       12.1087119
      ],
      [
       -68.2212186,
       12.1086313
      ],
      [
       -68.2212336,
       12.1086005
      ],
      [
       -68.221277,
       12.1085742
      ],
      [
       -68.2213744,
       12.1085419
      ],
      [
       -68.2214538,
       12.1084921
      ],
      [
       -68.2214883,
       12.1084159
      ],
      [
       -68.2215692,
       12.1083837
      ],
      [
       -68.2216351,
       12.108394
      ],
      [
       -68.2216621,
       12.1084643
      ],
      [
       -68.2216516,
       12.108539
      ],
      [
       -68.2216606,
       12.1085698
      ],
      [
       -68.2217115,
       12.1085844
      ],
      [
       -68.221755,
       12.1086401
      ],
      [
       -68.221725,
       12.1087031
      ],
      [
       -68.2216696,
       12.1087573
      ],
      [
       -68.2216651,
       12.1088511
      ],
      [
       -68.2216246,
       12.1088833
      ],
      [
       -68.2215722,
       12.1088965
      ],
      [
       -68.2215287,
       12.1089214
      ],
      [
       -68.2215452,
       12.1089741
      ],
      [
       -68.2215467,
       12.109043
      ],
      [
       -68.2215078,
       12.1090782
      ]
     ]
    ]
   }
  },
  {
   "type": "Feature",
   "id": "way/317302729",
   "properties": {
    "wetland": "mangrove",
    "name": ""
   },
   "geometry": {
    "type": "Polygon",
    "coordinates": [
     [
      [
       -68.2217408,
       12.108951
      ],
      [
       -68.2217181,
       12.1089586
      ],
      [
       -68.221701,
       12.1089494
      ],
      [
       -68.2216784,
       12.108957
      ],
      [
       -68.2216612,
       12.1089446
      ],
      [
       -68.2216425,
       12.1089375
      ],
      [
       -68.221622,
       12.108937
      ],
      [
       -68.2216066,
       12.1089203
      ],
      [
       -68.2216093,
       12.1089089
      ],
      [
       -68.2216176,
       12.1088981
      ],
      [
       -68.2216325,
       12.10889
      ],
      [
       -68.2216469,
       12.1088933
      ],
      [
       -68.2216629,
       12.1088728
      ],
      [
       -68.2216717,
       12.1088668
      ],
      [
       -68.2217005,
       12.1088663
      ],
      [
       -68.2217225,
       12.1088776
      ],
      [
       -68.2217375,
       12.10889
      ],
      [
       -68.2217463,
       12.1089235
      ],
      [
       -68.2217408,
       12.108951
      ]
     ]
    ]
   }
  },
  {
   "type": "Feature",
   "id": "way/317405376",
   "properties": {
    "wetland": "mangrove",
    "name": ""
   },
   "geometry": {
    "type": "Polygon",
    "coordinates": [
     [
      [
       -68.2194423,
       12.1058676
      ],
      [
       -68.2190156,
       12.1050773
      ],
      [
       -68.2196565,
       12.1054398
      ],
      [
       -68.2211053,
       12.105246
      ],
      [
       -68.221159,
       12.1053929
      ],
      [
       -68.2211214,
       12.1055555
      ],
      [
       -68.2212984,
       12.1056761
      ],
      [
       -68.2214483,
       12.1057239
      ],
      [
       -68.2215753,
       12.1058258
      ],
      [
       -68.2215387,
       12.1059296
      ],
      [
       -68.2215783,
       12.1059644
      ],
      [
       -68.2216336,
       12.1059025
      ],
      [
       -68.2216712,
       12.1059373
      ],
      [
       -68.2217009,
       12.1060069
      ],
      [
       -68.2217444,
       12.1060398
      ],
      [
       -68.2218235,
       12.1060669
      ],
      [
       -68.221863,
       12.106119
      ],
      [
       -68.2218452,
       12.1062292
      ],
      [
       -68.2218037,
       12.106322
      ],
      [
       -68.2217009,
       12.1064322
      ],
      [
       -68.221689,
       12.1065096
      ],
      [
       -68.2216949,
       12.1065869
      ],
      [
       -68.2216495,
       12.10667
      ],
      [
       -68.221606,
       12.1066777
      ],
      [
       -68.2215407,
       12.1066429
      ],
      [
       -68.2214972,
       12.1066797
      ],
      [
       -68.221434,
       12.1067377
      ],
      [
       -68.2213074,
       12.1067048
      ],
      [
       -68.2212184,
       12.1066739
      ],
      [
       -68.2211394,
       12.106612
      ],
      [
       -68.2211334,
       12.1067628
      ],
      [
       -68.2211275,
       12.1069097
      ],
      [
       -68.2211473,
       12.1070238
      ],
      [
       -68.2212145,
       12.1070914
      ],
      [
       -68.2213667,
       12.1071301
      ],
      [
       -68.2215071,
       12.1072364
      ],
      [
       -68.2214715,
       12.1073234
      ],
      [
       -68.2215783,
       12.1074394
      ],
      [
       -68.2216771,
       12.1074897
      ],
      [
       -68.2217305,
       12.1075999
      ],
      [
       -68.2218175,
       12.1076211
      ],
      [
       -68.2218551,
       12.1077139
      ],
      [
       -68.2218353,
       12.1077719
      ],
      [
       -68.2217997,
       12.1078202
      ],
      [
       -68.2217167,
       12.1078608
      ],
      [
       -68.2217305,
       12.107913
      ],
      [
       -68.2216514,
       12.1079807
      ],
      [
       -68.2215783,
       12.1080252
      ],
      [
       -68.2214775,
       12.1080464
      ],
      [
       -68.2214063,
       12.1080774
      ],
      [
       -68.2212619,
       12.1080658
      ],
      [
       -68.2211097,
       12.1080464
      ],
      [
       -68.2209416,
       12.1079923
      ],
      [
       -68.2208329,
       12.1078976
      ],
      [
       -68.2207222,
       12.1078724
      ],
      [
       -68.2206372,
       12.1078879
      ],
      [
       -68.2205264,
       12.1078222
      ],
      [
       -68.2203722,
       12.1077545
      ],
      [
       -68.2202437,
       12.1077777
      ],
      [
       -68.2200757,
       12.1078879
      ],
      [
       -68.220042,
       12.1079981
      ],
      [
       -68.219963,
       12.1080271
      ],
      [
       -68.2199491,
       12.108116
      ],
      [
       -68.2200262,
       12.1081624
      ],
      [
       -68.2201152,
       12.1082011
      ],
      [
       -68.2201567,
       12.1082591
      ],
      [
       -68.220305,
       12.1082552
      ],
      [
       -68.2204439,
       12.1083385
      ],
      [
       -68.2193524,
       12.1089932
      ],
      [
       -68.2193681,
       12.108927
      ],
      [
       -68.2193805,
       12.1088805
      ],
      [
       -68.2193859,
       12.1087808
      ],
      [
       -68.2193416,
       12.1086025
      ],
      [
       -68.2192545,
       12.1084622
      ],
      [
       -68.2191794,
       12.1084005
      ],
      [
       -68.2191002,
       12.1082904
      ],
      [
       -68.2190171,
       12.1081304
      ],
      [
       -68.2190935,
       12.1078996
      ],
      [
       -68.219229,
       12.1077475
      ],
      [
       -68.2192558,
       12.1076584
      ],
      [
       -68.2192236,
       12.1075862
      ],
      [
       -68.2191646,
       12.1075521
      ],
      [
       -68.2191552,
       12.1075233
      ],
      [
       -68.2191612,
       12.1074893
      ],
      [
       -68.2191382,
       12.107301
      ],
      [
       -68.2192044,
       12.1072172
      ],
      [
       -68.2191886,
       12.1070127
      ],
      [
       -68.2193126,
       12.1068158
      ],
      [
       -68.2197413,
       12.1072217
      ],
      [
       -68.2203046,
       12.1073043
      ],
      [
       -68.220377,
       12.1069647
      ],
      [
       -68.2197842,
       12.1066264
      ],
      [
       -68.219752,
       12.1064953
      ],
      [
       -68.2194423,
       12.1058676
      ]
     ]
    ]
   }
  },
  {
   "type": "Feature",
   "id": "way/317407967",
   "properties": {
    "wetland": "mangrove",
    "name": ""
   },
   "geometry": {
    "type": "Polygon",
    "coordinates": [
     [
      [
       -68.2217397,
       12.1029597
      ],
      [
       -68.221804,
       12.1030056
      ],
      [
       -68.2218295,
       12.1030489
      ],
      [
       -68.2218644,
       12.1031105
      ],
      [
       -68.2218885,
       12.1031839
      ],
      [
       -68.2219301,
       12.1033242
      ],
      [
       -68.2219636,
       12.1033872
      ],
      [
       -68.2219958,
       12.103454
      ],
      [
       -68.2219958,
       12.1035104
      ],
      [
       -68.2219596,
       12.1035196
      ],
      [
       -68.2219372,
       12.1035461
      ],
      [
       -68.2218761,
       12.1035589
      ],
      [
       -68.2218045,
       12.1035883
      ],
      [
       -68.2217696,
       12.1035918
      ],
      [
       -68.2217442,
       12.1035704
      ],
      [
       -68.2217075,
       12.1035917
      ],
      [
       -68.2216434,
       12.1035924
      ],
      [
       -68.2216026,
       12.1035664
      ],
      [
       -68.2215748,
       12.1035506
      ],
      [
       -68.2215291,
       12.1035222
      ],
      [
       -68.2214795,
       12.1034698
      ],
      [
       -68.2212916,
       12.1033261
      ],
      [
       -68.2208645,
       12.1032509
      ],
      [
       -68.2208706,
       12.1030043
      ],
      [
       -68.2211081,
       12.1030057
      ],
      [
       -68.2213697,
       12.1029812
      ],
      [
       -68.2216091,
       12.1029516
      ],
      [
       -68.2217397,
       12.1029597
      ]
     ]
    ]
   }
  },
  {
   "type": "Feature",
   "id": "way/317412138",
   "properties": {
    "wetland": "mangrove",
    "name": ""
   },
   "geometry": {
    "type": "Polygon",
    "coordinates": [
     [
      [
       -68.2219057,
       12.1040916
      ],
      [
       -68.2219478,
       12.1040867
      ],
      [
       -68.2219597,
       12.1040953
      ],
      [
       -68.2219917,
       12.1040767
      ],
      [
       -68.2220393,
       12.1040949
      ],
      [
       -68.2220468,
       12.10412
      ],
      [
       -68.2220651,
       12.104161
      ],
      [
       -68.2220414,
       12.1042146
      ],
      [
       -68.2220446,
       12.1042723
      ],
      [
       -68.2220393,
       12.1043438
      ],
      [
       -68.2219587,
       12.104432
      ],
      [
       -68.2219018,
       12.1045843
      ],
      [
       -68.2219501,
       12.104619
      ],
      [
       -68.2220726,
       12.1046221
      ],
      [
       -68.2221521,
       12.1046936
      ],
      [
       -68.2221424,
       12.104745
      ],
      [
       -68.2218631,
       12.1048616
      ],
      [
       -68.2218394,
       12.1049719
      ],
      [
       -68.2217095,
       12.1049436
      ],
      [
       -68.2216418,
       12.1048963
      ],
      [
       -68.221486,
       12.1049478
      ],
      [
       -68.2213281,
       12.1049016
      ],
      [
       -68.2211433,
       12.1047986
      ],
      [
       -68.2208597,
       12.1045402
      ],
      [
       -68.2207393,
       12.1043721
      ],
      [
       -68.2206287,
       12.1041789
      ],
      [
       -68.2205793,
       12.1040339
      ],
      [
       -68.220549,
       12.1030237
      ],
      [
       -68.2206949,
       12.1029917
      ],
      [
       -68.2208699,
       12.1030046
      ],
      [
       -68.2208625,
       12.1032524
      ],
      [
       -68.2219057,
       12.1040916
      ]
     ]
    ]
   }
  },
  {
   "type": "Feature",
   "id": "way/317415301",
   "properties": {
    "wetland": "mangrove",
    "name": ""
   },
   "geometry": {
    "type": "Polygon",
    "coordinates": [
     [
      [
       -68.2201488,
       12.1039257
      ],
      [
       -68.220111,
       12.1034217
      ],
      [
       -68.2201391,
       12.1033678
      ],
      [
       -68.220231,
       12.1033509
      ],
      [
       -68.2203171,
       12.1033123
      ],
      [
       -68.2203611,
       12.1031352
      ],
      [
       -68.2205372,
       12.1030242
      ],
      [
       -68.2205702,
       12.1038752
      ],
      [
       -68.2205057,
       12.1039955
      ],
      [
       -68.220436,
       12.1040191
      ],
      [
       -68.2203877,
       12.1042316
      ],
      [
       -68.2203663,
       12.1042945
      ],
      [
       -68.2203636,
       12.1044282
      ],
      [
       -68.2204038,
       12.1045069
      ],
      [
       -68.2204038,
       12.1045515
      ],
      [
       -68.2203582,
       12.1047062
      ],
      [
       -68.2203797,
       12.1047744
      ],
      [
       -68.220326,
       12.1048243
      ],
      [
       -68.2203341,
       12.1049239
      ],
      [
       -68.2204119,
       12.1049475
      ],
      [
       -68.2205165,
       12.1049134
      ],
      [
       -68.2207096,
       12.1050026
      ],
      [
       -68.2208517,
       12.1050445
      ],
      [
       -68.2208973,
       12.1051154
      ],
      [
       -68.2209698,
       12.1051783
      ],
      [
       -68.2210905,
       12.1052281
      ],
      [
       -68.2196675,
       12.1054295
      ],
      [
       -68.2197092,
       12.1052345
      ],
      [
       -68.2196588,
       12.1051283
      ],
      [
       -68.2196717,
       12.1048571
      ],
      [
       -68.2197024,
       12.104779
      ],
      [
       -68.2198541,
       12.1047336
      ],
      [
       -68.2199976,
       12.1046364
      ],
      [
       -68.2200781,
       12.1045524
      ],
      [
       -68.2201579,
       12.104382
      ],
      [
       -68.2201747,
       12.1042275
      ],
      [
       -68.2201488,
       12.1039257
      ]
     ]
    ]
   }
  },
  {
   "type": "Feature",
   "id": "way/317425164",
   "properties": {
    "wetland": "mangrove",
    "name": ""
   },
   "geometry": {
    "type": "Polygon",
    "coordinates": [
     [
      [
       -68.2196574,
       12.1054315
      ],
      [
       -68.219638,
       12.1054204
      ],
      [
       -68.2190018,
       12.1050522
      ],
      [
       -68.2187918,
       12.1047827
      ],
      [
       -68.2184619,
       12.1045493
      ],
      [
       -68.2176974,
       12.1045257
      ],
      [
       -68.2176525,
       12.1048607
      ],
      [
       -68.2174451,
       12.1049995
      ],
      [
       -68.2172377,
       12.1051204
      ],
      [
       -68.2170958,
       12.1052841
      ],
      [
       -68.2170267,
       12.1054549
      ],
      [
       -68.216983,
       12.1055509
      ],
      [
       -68.216852,
       12.1059032
      ],
      [
       -68.216725,
       12.1063113
      ],
      [
       -68.2166628,
       12.1068175
      ],
      [
       -68.2166555,
       12.1072622
      ],
      [
       -68.2167345,
       12.1075207
      ],
      [
       -68.2168204,
       12.1076518
      ],
      [
       -68.2168941,
       12.1078105
      ],
      [
       -68.2161353,
       12.1076954
      ],
      [
       -68.21614,
       12.1074864
      ],
      [
       -68.2161167,
       12.1073231
      ],
      [
       -68.2162105,
       12.1069874
      ],
      [
       -68.2161107,
       12.1067655
      ],
      [
       -68.2160925,
       12.1059685
      ],
      [
       -68.2163508,
       12.1053851
      ],
      [
       -68.2165728,
       12.1051574
      ],
      [
       -68.2167838,
       12.1049617
      ],
      [
       -68.2172714,
       12.1044743
      ],
      [
       -68.2176025,
       12.104275
      ],
      [
       -68.2178864,
       12.1041221
      ],
      [
       -68.2183739,
       12.1041505
      ],
      [
       -68.2186323,
       12.1042395
      ],
      [
       -68.2188506,
       12.104364
      ],
      [
       -68.2190216,
       12.1045917
      ],
      [
       -68.2192438,
       12.1047958
      ],
      [
       -68.2193782,
       12.1050791
      ],
      [
       -68.2193921,
       12.1050966
      ],
      [
       -68.2195933,
       12.1052259
      ],
      [
       -68.2196963,
       12.1052541
      ],
      [
       -68.2196574,
       12.1054315
      ]
     ]
    ]
   }
  },
  {
   "type": "Feature",
   "id": "way/317429979",
   "properties": {
    "wetland": "mangrove",
    "name": ""
   },
   "geometry": {
    "type": "Polygon",
    "coordinates": [
     [
      [
       -68.2267663,
       12.1197865
      ],
      [
       -68.2252979,
       12.1208706
      ],
      [
       -68.2245667,
       12.1197045
      ],
      [
       -68.2244258,
       12.1195166
      ],
      [
       -68.2241708,
       12.1191703
      ],
      [
       -68.2236214,
       12.1191525
      ],
      [
       -68.2232066,
       12.1188502
      ],
      [
       -68.2227986,
       12.1181985
      ],
      [
       -68.2226188,
       12.1177765
      ],
      [
       -68.2228166,
       12.1173898
      ],
      [
       -68.2227926,
       12.1171612
      ],
      [
       -68.2224629,
       12.1169151
      ],
      [
       -68.2223371,
       12.1166338
      ],
      [
       -68.2222592,
       12.1164405
      ],
      [
       -68.2227866,
       12.1165518
      ],
      [
       -68.2229244,
       12.1164053
      ],
      [
       -68.2237755,
       12.1164815
      ],
      [
       -68.2244049,
       12.1167217
      ],
      [
       -68.2244648,
       12.1170089
      ],
      [
       -68.2251061,
       12.1178117
      ],
      [
       -68.2252859,
       12.118216
      ],
      [
       -68.2256036,
       12.118345
      ],
      [
       -68.2259632,
       12.1186028
      ],
      [
       -68.2264607,
       12.1187083
      ],
      [
       -68.2267663,
       12.1197865
      ]
     ]
    ]
   }
  },
  {
   "type": "Feature",
   "id": "way/317429980",
   "properties": {
    "wetland": "mangrove",
    "name": ""
   },
   "geometry": {
    "type": "Polygon",
    "coordinates": [
     [
      [
       -68.2323172,
       12.1179864
      ],
      [
       -68.2319487,
       12.117913
      ],
      [
       -68.2318736,
       12.1181228
      ],
      [
       -68.2319219,
       12.1183851
      ],
      [
       -68.2316161,
       12.1184952
      ],
      [
       -68.2312514,
       12.1183011
      ],
      [
       -68.231069,
       12.1182749
      ],
      [
       -68.2308222,
       12.1183483
      ],
      [
       -68.2303799,
       12.1181073
      ],
      [
       -68.2304306,
       12.1180179
      ],
      [
       -68.230272,
       12.1180393
      ],
      [
       -68.2301925,
       12.1180825
      ],
      [
       -68.2300628,
       12.1180676
      ],
      [
       -68.2299934,
       12.1181337
      ],
      [
       -68.2299777,
       12.1181849
      ],
      [
       -68.2299008,
       12.1182221
      ],
      [
       -68.2297001,
       12.1182347
      ],
      [
       -68.2296597,
       12.1181387
      ],
      [
       -68.2297121,
       12.1181054
      ],
      [
       -68.229733,
       12.1180442
      ],
      [
       -68.2298416,
       12.1179203
      ],
      [
       -68.2299214,
       12.1178477
      ],
      [
       -68.2299569,
       12.1177257
      ],
      [
       -68.2299636,
       12.1176051
      ],
      [
       -68.2299239,
       12.1175664
      ],
      [
       -68.2298425,
       12.1174337
      ],
      [
       -68.2304285,
       12.1166358
      ],
      [
       -68.230684,
       12.1164338
      ],
      [
       -68.2307927,
       12.1164253
      ],
      [
       -68.2309563,
       12.1163788
      ],
      [
       -68.2308771,
       12.1163314
      ],
      [
       -68.2307845,
       12.116294
      ],
      [
       -68.2306987,
       12.1162477
      ],
      [
       -68.231366,
       12.1153111
      ],
      [
       -68.2316084,
       12.115339
      ],
      [
       -68.2316942,
       12.1152983
      ],
      [
       -68.2318136,
       12.1151
      ],
      [
       -68.2321306,
       12.1147655
      ],
      [
       -68.2322666,
       12.1148427
      ],
      [
       -68.2323318,
       12.1151681
      ],
      [
       -68.2327797,
       12.1154448
      ],
      [
       -68.2330506,
       12.1161292
      ],
      [
       -68.2330292,
       12.1169081
      ],
      [
       -68.2328695,
       12.1174251
      ],
      [
       -68.2323172,
       12.1179864
      ]
     ]
    ]
   }
  },
  {
   "type": "Feature",
   "id": "way/317436280",
   "properties": {
    "wetland": "mangrove",
    "name": ""
   },
   "geometry": {
    "type": "Polygon",
    "coordinates": [
     [
      [
       -68.2351614,
       12.1114762
      ],
      [
       -68.2340232,
       12.1110743
      ],
      [
       -68.2340505,
       12.1110488
      ],
      [
       -68.234027,
       12.1109669
      ],
      [
       -68.2340884,
       12.110849
      ],
      [
       -68.2340524,
       12.1107259
      ],
      [
       -68.2340764,
       12.1105999
      ],
      [
       -68.2340566,
       12.1105311
      ],
      [
       -68.2340914,
       12.1102659
      ],
      [
       -68.2340315,
       12.1101897
      ],
      [
       -68.2340285,
       12.1101047
      ],
      [
       -68.2340405,
       12.1099934
      ],
      [
       -68.2341783,
       12.1099875
      ],
      [
       -68.2342802,
       12.109923
      ],
      [
       -68.2343671,
       12.1099787
      ],
      [
       -68.234469,
       12.1101047
      ],
      [
       -68.2345619,
       12.1101428
      ],
      [
       -68.2345918,
       12.110154
      ],
      [
       -68.2346285,
       12.1101558
      ],
      [
       -68.2346638,
       12.1101809
      ],
      [
       -68.2346751,
       12.1101748
      ],
      [
       -68.2346593,
       12.110155
      ],
      [
       -68.2346049,
       12.1098421
      ],
      [
       -68.2358901,
       12.1102045
      ],
      [
       -68.2358,
       12.1102235
      ],
      [
       -68.2356375,
       12.1103955
      ],
      [
       -68.2354176,
       12.110979
      ],
      [
       -68.235199,
       12.1112583
      ],
      [
       -68.2351614,
       12.1114762
      ]
     ]
    ]
   }
  },
  {
   "type": "Feature",
   "id": "way/317438309",
   "properties": {
    "wetland": "mangrove",
    "name": ""
   },
   "geometry": {
    "type": "Polygon",
    "coordinates": [
     [
      [
       -68.2358912,
       12.1102042
      ],
      [
       -68.2346053,
       12.1098413
      ],
      [
       -68.2346077,
       12.1098042
      ],
      [
       -68.2345878,
       12.1097865
      ],
      [
       -68.2346141,
       12.109705
      ],
      [
       -68.2345741,
       12.1096481
      ],
      [
       -68.2345013,
       12.1096125
      ],
      [
       -68.2344941,
       12.1095022
      ],
      [
       -68.2345741,
       12.1094204
      ],
      [
       -68.2346905,
       12.1093848
      ],
      [
       -68.2347378,
       12.1093243
      ],
      [
       -68.2348506,
       12.1092781
      ],
      [
       -68.2349452,
       12.1092674
      ],
      [
       -68.2349926,
       12.1091571
      ],
      [
       -68.2350362,
       12.1091429
      ],
      [
       -68.2352145,
       12.1091287
      ],
      [
       -68.2352291,
       12.1090753
      ],
      [
       -68.2351599,
       12.1090433
      ],
      [
       -68.2351454,
       12.1089935
      ],
      [
       -68.2351708,
       12.1089508
      ],
      [
       -68.2352109,
       12.1088334
      ],
      [
       -68.2353128,
       12.108748
      ],
      [
       -68.2354146,
       12.1087302
      ],
      [
       -68.2355784,
       12.108627
      ],
      [
       -68.2356693,
       12.1086163
      ],
      [
       -68.2357821,
       12.1086306
      ],
      [
       -68.2358804,
       12.1086235
      ],
      [
       -68.2359714,
       12.1086092
      ],
      [
       -68.2360478,
       12.1085772
      ],
      [
       -68.2360987,
       12.108563
      ],
      [
       -68.2360878,
       12.1084562
      ],
      [
       -68.2360732,
       12.1084136
      ],
      [
       -68.2359786,
       12.1083317
      ],
      [
       -68.2359568,
       12.1082214
      ],
      [
       -68.235935,
       12.1081289
      ],
      [
       -68.2359131,
       12.1080115
      ],
      [
       -68.2359204,
       12.1079012
      ],
      [
       -68.2359277,
       12.1078159
      ],
      [
       -68.2359131,
       12.1077056
      ],
      [
       -68.2360041,
       12.1076629
      ],
      [
       -68.2361569,
       12.1076913
      ],
      [
       -68.2362297,
       12.1076984
      ],
      [
       -68.2363753,
       12.1077767
      ],
      [
       -68.2364444,
       12.1078799
      ],
      [
       -68.2365172,
       12.1080507
      ],
      [
       -68.2363716,
       12.1091002
      ],
      [
       -68.2360429,
       12.1099237
      ],
      [
       -68.2360269,
       12.1101153
      ],
      [
       -68.2358912,
       12.1102042
      ]
     ]
    ]
   }
  },
  {
   "type": "Feature",
   "id": "way/317440339",
   "properties": {
    "wetland": "mangrove",
    "name": ""
   },
   "geometry": {
    "type": "Polygon",
    "coordinates": [
     [
      [
       -68.2401706,
       12.1070941
      ],
      [
       -68.2406903,
       12.1086721
      ],
      [
       -68.2410444,
       12.1087799
      ],
      [
       -68.2415167,
       12.1091846
      ],
      [
       -68.2416075,
       12.1097226
      ],
      [
       -68.2421762,
       12.1112961
      ],
      [
       -68.2422343,
       12.1120883
      ],
      [
       -68.2421726,
       12.1128715
      ],
      [
       -68.2421371,
       12.1130864
      ],
      [
       -68.2419009,
       12.1142055
      ],
      [
       -68.2413913,
       12.1146343
      ],
      [
       -68.2405685,
       12.117187
      ],
      [
       -68.2395764,
       12.1167912
      ],
      [
       -68.2388835,
       12.1173656
      ],
      [
       -68.2381121,
       12.1170481
      ],
      [
       -68.237564,
       12.1179611
      ],
      [
       -68.2364272,
       12.1171275
      ],
      [
       -68.2360821,
       12.1162343
      ],
      [
       -68.2357979,
       12.1160557
      ],
      [
       -68.2353551,
       12.115434
      ],
      [
       -68.2353027,
       12.1148707
      ],
      [
       -68.2354823,
       12.1143733
      ],
      [
       -68.2352129,
       12.1138831
      ],
      [
       -68.2351755,
       12.1133272
      ],
      [
       -68.2353716,
       12.1126815
      ],
      [
       -68.2357938,
       12.1117274
      ],
      [
       -68.2361829,
       12.1115591
      ],
      [
       -68.2362577,
       12.1108349
      ],
      [
       -68.236744,
       12.110769
      ],
      [
       -68.2372752,
       12.1102131
      ],
      [
       -68.2376942,
       12.1091377
      ],
      [
       -68.2375999,
       12.1090379
      ],
      [
       -68.2368729,
       12.108477
      ],
      [
       -68.2366878,
       12.1082921
      ],
      [
       -68.236669,
       12.1080299
      ],
      [
       -68.236666,
       12.1079217
      ],
      [
       -68.237093,
       12.1077787
      ],
      [
       -68.2376353,
       12.1076354
      ],
      [
       -68.2377516,
       12.1075233
      ],
      [
       -68.2390017,
       12.1071776
      ],
      [
       -68.2393789,
       12.1070674
      ],
      [
       -68.2399808,
       12.1068235
      ],
      [
       -68.2401706,
       12.1070941
      ]
     ]
    ]
   }
  },
  {
   "type": "Feature",
   "id": "way/317440340",
   "properties": {
    "wetland": "mangrove",
    "name": ""
   },
   "geometry": {
    "type": "Polygon",
    "coordinates": [
     [
      [
       -68.2399929,
       12.1067757
      ],
      [
       -68.2395765,
       12.1069294
      ],
      [
       -68.2392848,
       12.1068916
      ],
      [
       -68.2392259,
       12.1068912
      ],
      [
       -68.2391591,
       12.1068307
      ],
      [
       -68.2390857,
       12.1066976
      ],
      [
       -68.2386253,
       12.1067172
      ],
      [
       -68.2377868,
       12.1069861
      ],
      [
       -68.2374068,
       12.1070595
      ],
      [
       -68.237257,
       12.1073496
      ],
      [
       -68.2370982,
       12.1074053
      ],
      [
       -68.2369292,
       12.1076089
      ],
      [
       -68.2367925,
       12.1076221
      ],
      [
       -68.2366576,
       12.1078389
      ],
      [
       -68.2364269,
       12.1077188
      ],
      [
       -68.236346,
       12.1076514
      ],
      [
       -68.2363501,
       12.1074957
      ],
      [
       -68.2363612,
       12.1073015
      ],
      [
       -68.236215,
       12.1071586
      ],
      [
       -68.2364384,
       12.106587
      ],
      [
       -68.236917,
       12.1061738
      ],
      [
       -68.2372133,
       12.1057673
      ],
      [
       -68.2375028,
       12.1054114
      ],
      [
       -68.23764,
       12.1053588
      ],
      [
       -68.2379966,
       12.1052883
      ],
      [
       -68.2381784,
       12.1053224
      ],
      [
       -68.2392787,
       12.1052308
      ],
      [
       -68.2393286,
       12.1052084
      ],
      [
       -68.2393722,
       12.1051468
      ],
      [
       -68.2392977,
       12.1050858
      ],
      [
       -68.2393256,
       12.1050232
      ],
      [
       -68.239662,
       12.1047994
      ],
      [
       -68.2399709,
       12.1046726
      ],
      [
       -68.2401667,
       12.1044273
      ],
      [
       -68.2402163,
       12.1043841
      ],
      [
       -68.2401887,
       12.1042844
      ],
      [
       -68.2402439,
       12.1041738
      ],
      [
       -68.2403404,
       12.1040795
      ],
      [
       -68.2404866,
       12.1039581
      ],
      [
       -68.2406493,
       12.1038907
      ],
      [
       -68.2405996,
       12.1038422
      ],
      [
       -68.2406244,
       12.1037667
      ],
      [
       -68.2406272,
       12.1036238
      ],
      [
       -68.240652,
       12.1035618
      ],
      [
       -68.2406217,
       12.1033595
      ],
      [
       -68.2406382,
       12.1031897
      ],
      [
       -68.2406934,
       12.1031519
      ],
      [
       -68.2406658,
       12.1030926
      ],
      [
       -68.2406879,
       12.102974
      ],
      [
       -68.2407349,
       12.1029218
      ],
      [
       -68.240897,
       12.1029253
      ],
      [
       -68.2409471,
       12.1030387
      ],
      [
       -68.2409609,
       12.1035968
      ],
      [
       -68.2408809,
       12.1041307
      ],
      [
       -68.2406603,
       12.1042466
      ],
      [
       -68.2406079,
       12.1044947
      ],
      [
       -68.2407623,
       12.1045891
      ],
      [
       -68.2407954,
       12.1048398
      ],
      [
       -68.2405748,
       12.1049342
      ],
      [
       -68.2405307,
       12.1050933
      ],
      [
       -68.2405472,
       12.1053171
      ],
      [
       -68.2404535,
       12.1057377
      ],
      [
       -68.2402549,
       12.105797
      ],
      [
       -68.2402301,
       12.1059237
      ],
      [
       -68.2403625,
       12.1059911
      ],
      [
       -68.2401915,
       12.106436
      ],
      [
       -68.2399929,
       12.1067757
      ]
     ]
    ]
   }
  },
  {
   "type": "Feature",
   "id": "way/317441575",
   "properties": {
    "wetland": "mangrove",
    "name": ""
   },
   "geometry": {
    "type": "Polygon",
    "coordinates": [
     [
      [
       -68.2429134,
       12.1013468
      ],
      [
       -68.2429183,
       12.1014106
      ],
      [
       -68.2429305,
       12.1014898
      ],
      [
       -68.2429747,
       12.1016052
      ],
      [
       -68.2429282,
       12.1016758
      ],
      [
       -68.2428681,
       12.1017189
      ],
      [
       -68.2427028,
       12.1018187
      ],
      [
       -68.2424463,
       12.101853
      ],
      [
       -68.2422987,
       12.1018387
      ],
      [
       -68.2420721,
       12.1017862
      ],
      [
       -68.2418975,
       12.1016723
      ],
      [
       -68.2413808,
       12.101836
      ],
      [
       -68.240915,
       12.1019712
      ],
      [
       -68.2406894,
       12.1020779
      ],
      [
       -68.2408131,
       12.1022273
      ],
      [
       -68.2408641,
       12.1023839
      ],
      [
       -68.2405657,
       12.1024052
      ],
      [
       -68.2405148,
       12.1022345
      ],
      [
       -68.2405511,
       12.1020779
      ],
      [
       -68.2406312,
       12.1019143
      ],
      [
       -68.2406894,
       12.1018146
      ],
      [
       -68.2409077,
       12.1017435
      ],
      [
       -68.2412207,
       12.1015158
      ],
      [
       -68.2414463,
       12.1013165
      ],
      [
       -68.2416864,
       12.1012383
      ],
      [
       -68.2417956,
       12.1012311
      ],
      [
       -68.2418465,
       12.1013308
      ],
      [
       -68.2419993,
       12.101345
      ],
      [
       -68.2419702,
       12.1009963
      ],
      [
       -68.2419585,
       12.1008279
      ],
      [
       -68.242069,
       12.1007501
      ],
      [
       -68.2422148,
       12.1005859
      ],
      [
       -68.2423341,
       12.1004952
      ],
      [
       -68.2423694,
       12.1002533
      ],
      [
       -68.2424269,
       12.0999163
      ],
      [
       -68.2423827,
       12.0997954
      ],
      [
       -68.2424136,
       12.0996124
      ],
      [
       -68.2426433,
       12.0994714
      ],
      [
       -68.2426345,
       12.0992252
      ],
      [
       -68.2425638,
       12.0989919
      ],
      [
       -68.2425815,
       12.0988925
      ],
      [
       -68.242471,
       12.0987413
      ],
      [
       -68.2425771,
       12.0986031
      ],
      [
       -68.2425373,
       12.0983828
      ],
      [
       -68.2426168,
       12.0982661
      ],
      [
       -68.2425506,
       12.0981495
      ],
      [
       -68.2424799,
       12.0978601
      ],
      [
       -68.2424445,
       12.0977607
      ],
      [
       -68.242471,
       12.0975836
      ],
      [
       -68.2424755,
       12.0974583
      ],
      [
       -68.242418,
       12.0973028
      ],
      [
       -68.2424092,
       12.0971689
      ],
      [
       -68.2423772,
       12.0969102
      ],
      [
       -68.2424489,
       12.0967671
      ],
      [
       -68.2423959,
       12.0967023
      ],
      [
       -68.2424755,
       12.0966202
      ],
      [
       -68.2424445,
       12.0965597
      ],
      [
       -68.2424622,
       12.0965165
      ],
      [
       -68.2425241,
       12.0964474
      ],
      [
       -68.2425064,
       12.0963092
      ],
      [
       -68.2425638,
       12.096266
      ],
      [
       -68.2426875,
       12.0962573
      ],
      [
       -68.2428289,
       12.0962962
      ],
      [
       -68.2429305,
       12.0963697
      ],
      [
       -68.2430631,
       12.0964949
      ],
      [
       -68.2431691,
       12.0965641
      ],
      [
       -68.2432751,
       12.0966548
      ],
      [
       -68.2433105,
       12.0968924
      ],
      [
       -68.2432265,
       12.0969529
      ],
      [
       -68.2433193,
       12.0970868
      ],
      [
       -68.2433944,
       12.0980069
      ],
      [
       -68.2433193,
       12.0988536
      ],
      [
       -68.2431779,
       12.099048
      ],
      [
       -68.2431956,
       12.0999811
      ],
      [
       -68.2429939,
       12.1007992
      ],
      [
       -68.2429703,
       12.1011648
      ],
      [
       -68.2429215,
       12.101241
      ],
      [
       -68.2429134,
       12.1013468
      ]
     ]
    ]
   }
  },
  {
   "type": "Feature",
   "id": "way/317441576",
   "properties": {
    "wetland": "mangrove",
    "name": ""
   },
   "geometry": {
    "type": "Polygon",
    "coordinates": [
     [
      [
       -68.2408964,
       12.1029245
      ],
      [
       -68.2407737,
       12.1029211
      ],
      [
       -68.2407401,
       12.1028674
      ],
      [
       -68.2406516,
       12.1028306
      ],
      [
       -68.2405845,
       12.1027834
      ],
      [
       -68.2405657,
       12.1026916
      ],
      [
       -68.2405201,
       12.1026025
      ],
      [
       -68.2405148,
       12.102529
      ],
      [
       -68.2405282,
       12.1024871
      ],
      [
       -68.2405979,
       12.1024451
      ],
      [
       -68.2406489,
       12.1024215
      ],
      [
       -68.2407562,
       12.1024189
      ],
      [
       -68.2408044,
       12.1024294
      ],
      [
       -68.2408715,
       12.1024451
      ],
      [
       -68.2409198,
       12.1025054
      ],
      [
       -68.2409868,
       12.1024477
      ],
      [
       -68.2410727,
       12.1024845
      ],
      [
       -68.241129,
       12.1025894
      ],
      [
       -68.2411129,
       12.1026943
      ],
      [
       -68.2411631,
       12.1027774
      ],
      [
       -68.2411639,
       12.1027992
      ],
      [
       -68.2411469,
       12.1028089
      ],
      [
       -68.2410931,
       12.1028086
      ],
      [
       -68.2410458,
       12.1028333
      ],
      [
       -68.2409332,
       12.1028333
      ],
      [
       -68.2408964,
       12.1029245
      ]
     ]
    ]
   }
  },
  {
   "type": "Feature",
   "id": "way/317442862",
   "properties": {
    "wetland": "mangrove",
    "name": ""
   },
   "geometry": {
    "type": "Polygon",
    "coordinates": [
     [
      [
       -68.2427274,
       12.0958632
      ],
      [
       -68.242724,
       12.0959107
      ],
      [
       -68.2427023,
       12.0959058
      ],
      [
       -68.2426696,
       12.0959017
      ],
      [
       -68.2426609,
       12.0958861
      ],
      [
       -68.2426369,
       12.0958981
      ],
      [
       -68.2426159,
       12.0958963
      ],
      [
       -68.2425826,
       12.0958885
      ],
      [
       -68.2425622,
       12.0958571
      ],
      [
       -68.242577,
       12.0958511
      ],
      [
       -68.2425517,
       12.095845
      ],
      [
       -68.2425326,
       12.095839
      ],
      [
       -68.2425283,
       12.0958287
      ],
      [
       -68.2425449,
       12.0958131
      ],
      [
       -68.2425875,
       12.0957907
      ],
      [
       -68.2426468,
       12.095798
      ],
      [
       -68.2426492,
       12.0957654
      ],
      [
       -68.2426338,
       12.0957382
      ],
      [
       -68.2425943,
       12.0957545
      ],
      [
       -68.2425678,
       12.0957485
      ],
      [
       -68.2425425,
       12.0957382
      ],
      [
       -68.2425363,
       12.0957268
      ],
      [
       -68.2425524,
       12.0957159
      ],
      [
       -68.2425702,
       12.0957087
      ],
      [
       -68.2425814,
       12.0957063
      ],
      [
       -68.2426171,
       12.0957213
      ],
      [
       -68.2426363,
       12.0957141
      ],
      [
       -68.2426394,
       12.0956882
      ],
      [
       -68.2425875,
       12.0956334
      ],
      [
       -68.2426617,
       12.0956304
      ],
      [
       -68.2426881,
       12.0956503
      ],
      [
       -68.2426759,
       12.0956851
      ],
      [
       -68.2427146,
       12.0957854
      ],
      [
       -68.2427318,
       12.0958461
      ],
      [
       -68.2427274,
       12.0958632
      ]
     ]
    ]
   }
  },
  {
   "type": "Feature",
   "id": "way/317442866",
   "properties": {
    "wetland": "mangrove",
    "name": ""
   },
   "geometry": {
    "type": "Polygon",
    "coordinates": [
     [
      [
       -68.2426913,
       12.0956
      ],
      [
       -68.2426337,
       12.0956102
      ],
      [
       -68.2425666,
       12.0956122
      ],
      [
       -68.2425026,
       12.0955983
      ],
      [
       -68.2424538,
       12.0955704
      ],
      [
       -68.2424091,
       12.09548
      ],
      [
       -68.2423989,
       12.0954442
      ],
      [
       -68.2423857,
       12.0954333
      ],
      [
       -68.242402,
       12.0953776
      ],
      [
       -68.2423918,
       12.0953309
      ],
      [
       -68.2423705,
       12.0953021
      ],
      [
       -68.2423806,
       12.0952614
      ],
      [
       -68.2423451,
       12.0951878
      ],
      [
       -68.2423715,
       12.095157
      ],
      [
       -68.2423695,
       12.0951183
      ],
      [
       -68.2423938,
       12.0950527
      ],
      [
       -68.2424579,
       12.095007
      ],
      [
       -68.2425311,
       12.0950129
      ],
      [
       -68.2425656,
       12.0950288
      ],
      [
       -68.2426114,
       12.0950626
      ],
      [
       -68.2426439,
       12.0952037
      ],
      [
       -68.2426744,
       12.0952544
      ],
      [
       -68.242654,
       12.0953001
      ],
      [
       -68.2426347,
       12.0953309
      ],
      [
       -68.2426734,
       12.0953727
      ],
      [
       -68.2426693,
       12.0954144
      ],
      [
       -68.2426947,
       12.0954522
      ],
      [
       -68.2426855,
       12.095481
      ],
      [
       -68.2427089,
       12.0954979
      ],
      [
       -68.2426967,
       12.0955237
      ],
      [
       -68.242712,
       12.0955486
      ],
      [
       -68.2426913,
       12.0956
      ]
     ]
    ]
   }
  },
  {
   "type": "Feature",
   "id": "way/317444099",
   "properties": {
    "wetland": "mangrove",
    "name": ""
   },
   "geometry": {
    "type": "Polygon",
    "coordinates": [
     [
      [
       -68.2430588,
       12.0954963
      ],
      [
       -68.2430533,
       12.0955205
      ],
      [
       -68.2430417,
       12.0955652
      ],
      [
       -68.2430075,
       12.0955709
      ],
      [
       -68.2429746,
       12.0955377
      ],
      [
       -68.2429394,
       12.0954837
      ],
      [
       -68.2428959,
       12.0954624
      ],
      [
       -68.2428775,
       12.0953887
      ],
      [
       -68.2428741,
       12.0953544
      ],
      [
       -68.242849,
       12.0953364
      ],
      [
       -68.2428339,
       12.0952463
      ],
      [
       -68.2428724,
       12.0951334
      ],
      [
       -68.2428959,
       12.0949779
      ],
      [
       -68.2428925,
       12.0948518
      ],
      [
       -68.2428591,
       12.0947765
      ],
      [
       -68.2428674,
       12.0947127
      ],
      [
       -68.2428256,
       12.0947176
      ],
      [
       -68.2428205,
       12.0946898
      ],
      [
       -68.2428239,
       12.0946685
      ],
      [
       -68.2427837,
       12.0946423
      ],
      [
       -68.2427938,
       12.0946128
      ],
      [
       -68.2428457,
       12.0945964
      ],
      [
       -68.2428657,
       12.0945752
      ],
      [
       -68.2428406,
       12.0944737
      ],
      [
       -68.2428457,
       12.0944475
      ],
      [
       -68.2428072,
       12.0944049
      ],
      [
       -68.2428021,
       12.0943542
      ],
      [
       -68.2427586,
       12.0942854
      ],
      [
       -68.2427586,
       12.0942625
      ],
      [
       -68.2427854,
       12.094256
      ],
      [
       -68.2428724,
       12.0943427
      ],
      [
       -68.2429779,
       12.094477
      ],
      [
       -68.2430482,
       12.0945506
      ],
      [
       -68.2430901,
       12.0947159
      ],
      [
       -68.2431102,
       12.0949042
      ],
      [
       -68.2431102,
       12.0950875
      ],
      [
       -68.2430968,
       12.0952512
      ],
      [
       -68.2430934,
       12.0953233
      ],
      [
       -68.2431074,
       12.0953864
      ],
      [
       -68.2430855,
       12.0954359
      ],
      [
       -68.2430588,
       12.0954963
      ]
     ]
    ]
   }
  },
  {
   "type": "Feature",
   "id": "way/317444100",
   "properties": {
    "wetland": "mangrove",
    "name": ""
   },
   "geometry": {
    "type": "Polygon",
    "coordinates": [
     [
      [
       -68.2425821,
       12.0949403
      ],
      [
       -68.2425207,
       12.0949419
      ],
      [
       -68.2424186,
       12.0949203
      ],
      [
       -68.2424049,
       12.0949041
      ],
      [
       -68.2423479,
       12.0948813
      ],
      [
       -68.2423246,
       12.0948614
      ],
      [
       -68.2423124,
       12.0948256
      ],
      [
       -68.2422839,
       12.0947918
      ],
      [
       -68.242291,
       12.0947093
      ],
      [
       -68.2422727,
       12.0946755
      ],
      [
       -68.2422016,
       12.0946398
      ],
      [
       -68.2422097,
       12.094595
      ],
      [
       -68.2422311,
       12.0945463
      ],
      [
       -68.2422636,
       12.0945255
      ],
      [
       -68.2422138,
       12.0945185
      ],
      [
       -68.2421874,
       12.0945016
      ],
      [
       -68.2421945,
       12.0944559
      ],
      [
       -68.2422199,
       12.0944122
      ],
      [
       -68.2421711,
       12.0943436
      ],
      [
       -68.2421762,
       12.0943009
      ],
      [
       -68.242165,
       12.094278
      ],
      [
       -68.2421436,
       12.0942691
      ],
      [
       -68.2421274,
       12.0942154
      ],
      [
       -68.2421325,
       12.0941985
      ],
      [
       -68.2420806,
       12.0941319
      ],
      [
       -68.2420908,
       12.0940971
      ],
      [
       -68.2420481,
       12.0940455
      ],
      [
       -68.2420318,
       12.0939858
      ],
      [
       -68.2419922,
       12.0939163
      ],
      [
       -68.2419973,
       12.0938924
      ],
      [
       -68.241977,
       12.0938666
      ],
      [
       -68.2419648,
       12.093798
      ],
      [
       -68.2419699,
       12.0937722
      ],
      [
       -68.2419302,
       12.0937414
      ],
      [
       -68.241919,
       12.0937036
      ],
      [
       -68.2418774,
       12.0936837
      ],
      [
       -68.2418621,
       12.0935982
      ],
      [
       -68.2418631,
       12.0935595
      ],
      [
       -68.2418337,
       12.093484
      ],
      [
       -68.2417788,
       12.0933975
      ],
      [
       -68.2417879,
       12.0933677
      ],
      [
       -68.2417076,
       12.0932862
      ],
      [
       -68.2416609,
       12.0932057
      ],
      [
       -68.2416395,
       12.0931699
      ],
      [
       -68.2416385,
       12.0930626
      ],
      [
       -68.2416782,
       12.0930248
      ],
      [
       -68.2417422,
       12.092994
      ],
      [
       -68.2418265,
       12.0929861
      ],
      [
       -68.2420745,
       12.0932501
      ],
      [
       -68.2421766,
       12.0934254
      ],
      [
       -68.2422455,
       12.0935683
      ],
      [
       -68.2422554,
       12.0936614
      ],
      [
       -68.2423724,
       12.0938352
      ],
      [
       -68.2424523,
       12.0938245
      ],
      [
       -68.2425185,
       12.0937975
      ],
      [
       -68.242553,
       12.0937236
      ],
      [
       -68.2425137,
       12.0936392
      ],
      [
       -68.2424221,
       12.0935627
      ],
      [
       -68.2422606,
       12.0933642
      ],
      [
       -68.2422606,
       12.09322
      ],
      [
       -68.2421977,
       12.0931237
      ],
      [
       -68.2421058,
       12.093085
      ],
      [
       -68.2420078,
       12.0929995
      ],
      [
       -68.242063,
       12.0929768
      ],
      [
       -68.2422915,
       12.093119
      ],
      [
       -68.2425516,
       12.0933813
      ],
      [
       -68.242679,
       12.0935426
      ],
      [
       -68.2427191,
       12.093616
      ],
      [
       -68.2426409,
       12.0938533
      ],
      [
       -68.242579,
       12.093909
      ],
      [
       -68.2425516,
       12.0939862
      ],
      [
       -68.2424882,
       12.0941103
      ],
      [
       -68.2424551,
       12.0943314
      ],
      [
       -68.242513,
       12.0944419
      ],
      [
       -68.2425713,
       12.0945876
      ],
      [
       -68.2426002,
       12.0947613
      ],
      [
       -68.2426012,
       12.0948949
      ],
      [
       -68.2425821,
       12.0949403
      ]
     ]
    ]
   }
  },
  {
   "type": "Feature",
   "id": "way/317444715",
   "properties": {
    "wetland": "mangrove",
    "name": ""
   },
   "geometry": {
    "type": "Polygon",
    "coordinates": [
     [
      [
       -68.2395738,
       12.0923858
      ],
      [
       -68.2394472,
       12.0924457
      ],
      [
       -68.2393901,
       12.0924371
      ],
      [
       -68.2393479,
       12.0924617
      ],
      [
       -68.2393397,
       12.0924805
      ],
      [
       -68.2392925,
       12.0924999
      ],
      [
       -68.2392767,
       12.0925383
      ],
      [
       -68.2391674,
       12.0927061
      ],
      [
       -68.2391006,
       12.0928407
      ],
      [
       -68.2391088,
       12.0928811
      ],
      [
       -68.2390801,
       12.0929064
      ],
      [
       -68.2389971,
       12.0929235
      ],
      [
       -68.238835,
       12.0930667
      ],
      [
       -68.2387132,
       12.0931507
      ],
      [
       -68.2386387,
       12.0933114
      ],
      [
       -68.2385247,
       12.0933921
      ],
      [
       -68.2383854,
       12.0934406
      ],
      [
       -68.2382974,
       12.0935153
      ],
      [
       -68.2382361,
       12.0935926
      ],
      [
       -68.2381854,
       12.0937386
      ],
      [
       -68.238149,
       12.0937486
      ],
      [
       -68.238123,
       12.0937733
      ],
      [
       -68.2380763,
       12.0938386
      ],
      [
       -68.238062,
       12.0939018
      ],
      [
       -68.238028,
       12.0939603
      ],
      [
       -68.2380009,
       12.0940436
      ],
      [
       -68.2380025,
       12.0940793
      ],
      [
       -68.2379877,
       12.0940839
      ],
      [
       -68.2379328,
       12.094095
      ],
      [
       -68.2379106,
       12.0940793
      ],
      [
       -68.237657,
       12.0941565
      ],
      [
       -68.2375434,
       12.0941323
      ],
      [
       -68.2374102,
       12.0941806
      ],
      [
       -68.2372318,
       12.0941746
      ],
      [
       -68.2370462,
       12.0941262
      ],
      [
       -68.236991,
       12.0941287
      ],
      [
       -68.2369709,
       12.0940959
      ],
      [
       -68.2370004,
       12.0940358
      ],
      [
       -68.2370103,
       12.0939634
      ],
      [
       -68.2369555,
       12.0939209
      ],
      [
       -68.2368622,
       12.093891
      ],
      [
       -68.2368475,
       12.0938042
      ],
      [
       -68.2369075,
       12.0936704
      ],
      [
       -68.2369723,
       12.0935765
      ],
      [
       -68.2369492,
       12.0935187
      ],
      [
       -68.2370202,
       12.0932153
      ],
      [
       -68.237114,
       12.0930898
      ],
      [
       -68.2370646,
       12.0929787
      ],
      [
       -68.2371732,
       12.0924333
      ],
      [
       -68.2373654,
       12.0917297
      ],
      [
       -68.237522,
       12.0915004
      ],
      [
       -68.2377594,
       12.0913234
      ],
      [
       -68.2379124,
       12.0907877
      ],
      [
       -68.2376063,
       12.0899076
      ],
      [
       -68.2375852,
       12.0897874
      ],
      [
       -68.237656,
       12.0897593
      ],
      [
       -68.2409023,
       12.0898542
      ],
      [
       -68.2415272,
       12.0898072
      ],
      [
       -68.242478,
       12.0899958
      ],
      [
       -68.2426838,
       12.0903449
      ],
      [
       -68.2427134,
       12.0906691
      ],
      [
       -68.2425804,
       12.0913096
      ],
      [
       -68.2424141,
       12.0918348
      ],
      [
       -68.2429596,
       12.0922618
      ],
      [
       -68.2430478,
       12.0925773
      ],
      [
       -68.242919,
       12.0926166
      ],
      [
       -68.24286,
       12.0926664
      ],
      [
       -68.242853,
       12.0927154
      ],
      [
       -68.2429519,
       12.092816
      ],
      [
       -68.2429855,
       12.0928878
      ],
      [
       -68.2429768,
       12.0929376
      ],
      [
       -68.2429546,
       12.0929599
      ],
      [
       -68.2428864,
       12.0929786
      ],
      [
       -68.2428493,
       12.0929697
      ],
      [
       -68.2428126,
       12.0929532
      ],
      [
       -68.2427135,
       12.0928409
      ],
      [
       -68.2426322,
       12.0928703
      ],
      [
       -68.2425683,
       12.0928278
      ],
      [
       -68.2425818,
       12.0927601
      ],
      [
       -68.2425282,
       12.092733
      ],
      [
       -68.2425339,
       12.0926932
      ],
      [
       -68.2425168,
       12.0927273
      ],
      [
       -68.2423972,
       12.0926669
      ],
      [
       -68.2422771,
       12.0926323
      ],
      [
       -68.2422354,
       12.0925853
      ],
      [
       -68.2420321,
       12.092474
      ],
      [
       -68.2418906,
       12.0924776
      ],
      [
       -68.2416743,
       12.0924183
      ],
      [
       -68.2411621,
       12.0919731
      ],
      [
       -68.2409368,
       12.0919176
      ],
      [
       -68.2407149,
       12.0921639
      ],
      [
       -68.240751,
       12.0921889
      ],
      [
       -68.2407783,
       12.0923187
      ],
      [
       -68.2408238,
       12.092365
      ],
      [
       -68.2410112,
       12.0923383
      ],
      [
       -68.2412241,
       12.0923757
      ],
      [
       -68.2414497,
       12.0924557
      ],
      [
       -68.2416316,
       12.0925927
      ],
      [
       -68.2417408,
       12.0926781
      ],
      [
       -68.2418336,
       12.0928133
      ],
      [
       -68.2418299,
       12.092872
      ],
      [
       -68.2417244,
       12.0928738
      ],
      [
       -68.2416225,
       12.0928151
      ],
      [
       -68.2415206,
       12.0927973
      ],
      [
       -68.2413915,
       12.0927386
      ],
      [
       -68.241255,
       12.0927671
      ],
      [
       -68.2410567,
       12.0926834
      ],
      [
       -68.2409839,
       12.0927635
      ],
      [
       -68.2410568,
       12.0930345
      ],
      [
       -68.2407328,
       12.0928613
      ],
      [
       -68.2402562,
       12.0922351
      ],
      [
       -68.2401743,
       12.0921622
      ],
      [
       -68.2400826,
       12.0921398
      ],
      [
       -68.2395738,
       12.0923858
      ]
     ]
    ]
   }
  },
  {
   "type": "Feature",
   "id": "way/317458380",
   "properties": {
    "wetland": "mangrove",
    "name": ""
   },
   "geometry": {
    "type": "Polygon",
    "coordinates": [
     [
      [
       -68.2374455,
       12.0899077
      ],
      [
       -68.2373792,
       12.0899357
      ],
      [
       -68.2369771,
       12.0898428
      ],
      [
       -68.2369065,
       12.08975
      ],
      [
       -68.2369352,
       12.0896117
      ],
      [
       -68.2370677,
       12.0895404
      ],
      [
       -68.2372886,
       12.0895188
      ],
      [
       -68.2374609,
       12.089588
      ],
      [
       -68.2374852,
       12.0897824
      ],
      [
       -68.2374455,
       12.0899077
      ]
     ]
    ]
   }
  },
  {
   "type": "Feature",
   "id": "way/421883496",
   "properties": {
    "wetland": "mangrove",
    "name": ""
   },
   "geometry": {
    "type": "Polygon",
    "coordinates": [
     [
      [
       -68.2365688,
       12.1056546
      ],
      [
       -68.2365349,
       12.1057693
      ],
      [
       -68.2364044,
       12.1057081
      ],
      [
       -68.2363731,
       12.1057617
      ],
      [
       -68.2363627,
       12.1058765
      ],
      [
       -68.2363079,
       12.1058637
      ],
      [
       -68.2362557,
       12.1059556
      ],
      [
       -68.236214,
       12.1059377
      ],
      [
       -68.2362192,
       12.1058816
      ],
      [
       -68.2361957,
       12.1057999
      ],
      [
       -68.2361644,
       12.105777
      ],
      [
       -68.2361592,
       12.1057209
      ],
      [
       -68.236227,
       12.1056903
      ],
      [
       -68.2361488,
       12.105629
      ],
      [
       -68.2362114,
       12.1055678
      ],
      [
       -68.2363888,
       12.1055653
      ],
      [
       -68.2365688,
       12.1056546
      ]
     ]
    ]
   }
  },
  {
   "type": "Feature",
   "id": "way/421883497",
   "properties": {
    "wetland": "mangrove",
    "name": ""
   },
   "geometry": {
    "type": "Polygon",
    "coordinates": [
     [
      [
       -68.2358525,
       12.1060711
      ],
      [
       -68.2358655,
       12.1061451
      ],
      [
       -68.2357977,
       12.1061757
      ],
      [
       -68.2357403,
       12.1061502
      ],
      [
       -68.2357351,
       12.1060635
      ],
      [
       -68.2358525,
       12.1060711
      ]
     ]
    ]
   }
  },
  {
   "type": "Feature",
   "id": "way/421883498",
   "properties": {
    "wetland": "mangrove",
    "name": ""
   },
   "geometry": {
    "type": "Polygon",
    "coordinates": [
     [
      [
       -68.2359151,
       12.1066348
      ],
      [
       -68.2359594,
       12.106691
      ],
      [
       -68.2358681,
       12.1067496
      ],
      [
       -68.2358107,
       12.1067318
      ],
      [
       -68.2357246,
       12.1067522
      ],
      [
       -68.2356568,
       12.1068083
      ],
      [
       -68.2355472,
       12.1067573
      ],
      [
       -68.235529,
       12.1066476
      ],
      [
       -68.2356203,
       12.1065864
      ],
      [
       -68.2358394,
       12.106543
      ],
      [
       -68.2359151,
       12.1066348
      ]
     ]
    ]
   }
  },
  {
   "type": "Feature",
   "id": "way/421883499",
   "properties": {
    "wetland": "mangrove",
    "name": ""
   },
   "geometry": {
    "type": "Polygon",
    "coordinates": [
     [
      [
       -68.2344795,
       12.1096689
      ],
      [
       -68.2345239,
       12.1098347
      ],
      [
       -68.2344378,
       12.1098781
      ],
      [
       -68.2343387,
       12.109924
      ],
      [
       -68.2342552,
       12.1098424
      ],
      [
       -68.2343413,
       12.1096919
      ],
      [
       -68.2344795,
       12.1096689
      ]
     ]
    ]
   }
  },
  {
   "type": "Feature",
   "id": "way/421883500",
   "properties": {
    "wetland": "mangrove",
    "name": ""
   },
   "geometry": {
    "type": "Polygon",
    "coordinates": [
     [
      [
       -68.2339682,
       12.1105821
      ],
      [
       -68.2340047,
       12.1107913
      ],
      [
       -68.2339004,
       12.1108091
      ],
      [
       -68.2338508,
       12.1106459
      ],
      [
       -68.2339682,
       12.1105821
      ]
     ]
    ]
   }
  },
  {
   "type": "Feature",
   "id": "way/421883501",
   "properties": {
    "wetland": "mangrove",
    "name": ""
   },
   "geometry": {
    "type": "Polygon",
    "coordinates": [
     [
      [
       -68.2329146,
       12.1118341
      ],
      [
       -68.2326721,
       12.1120414
      ],
      [
       -68.2325137,
       12.1118196
      ],
      [
       -68.2324563,
       12.1117354
      ],
      [
       -68.2323467,
       12.1117176
      ],
      [
       -68.2323233,
       12.1116512
      ],
      [
       -68.2321902,
       12.1116079
      ],
      [
       -68.2320728,
       12.1116308
      ],
      [
       -68.2319424,
       12.1115696
      ],
      [
       -68.2319241,
       12.1114727
      ],
      [
       -68.2320676,
       12.1114956
      ],
      [
       -68.2321224,
       12.1114446
      ],
      [
       -68.2322632,
       12.1114905
      ],
      [
       -68.2324302,
       12.1114421
      ],
      [
       -68.232545,
       12.1115824
      ],
      [
       -68.2329885,
       12.1116589
      ],
      [
       -68.2330381,
       12.1117278
      ],
      [
       -68.2329146,
       12.1118341
      ]
     ]
    ]
   }
  },
  {
   "type": "Feature",
   "id": "way/421883502",
   "properties": {
    "wetland": "mangrove",
    "name": ""
   },
   "geometry": {
    "type": "Polygon",
    "coordinates": [
     [
      [
       -68.2318067,
       12.1117201
      ],
      [
       -68.2317363,
       12.11159
      ],
      [
       -68.2317728,
       12.1115773
      ],
      [
       -68.2318484,
       12.1116512
      ],
      [
       -68.2318067,
       12.1117201
      ]
     ]
    ]
   }
  },
  {
   "type": "Feature",
   "id": "way/421883503",
   "properties": {
    "wetland": "mangrove",
    "name": ""
   },
   "geometry": {
    "type": "Polygon",
    "coordinates": [
     [
      [
       -68.2315902,
       12.111488
      ],
      [
       -68.2315067,
       12.1114625
      ],
      [
       -68.2314832,
       12.1113834
      ],
      [
       -68.2315823,
       12.1113426
      ],
      [
       -68.2316293,
       12.111386
      ],
      [
       -68.2315902,
       12.111488
      ]
     ]
    ]
   }
  },
  {
   "type": "Feature",
   "id": "way/421883504",
   "properties": {
    "wetland": "mangrove",
    "name": ""
   },
   "geometry": {
    "type": "Polygon",
    "coordinates": [
     [
      [
       -68.2316397,
       12.1120798
      ],
      [
       -68.2316215,
       12.1121665
      ],
      [
       -68.2315276,
       12.1121818
      ],
      [
       -68.2314388,
       12.1122226
      ],
      [
       -68.2313762,
       12.1121716
      ],
      [
       -68.2314388,
       12.1120517
      ],
      [
       -68.2315067,
       12.1120798
      ],
      [
       -68.2315171,
       12.1120313
      ],
      [
       -68.2316397,
       12.1120798
      ]
     ]
    ]
   }
  },
  {
   "type": "Feature",
   "id": "way/421883505",
   "properties": {
    "wetland": "mangrove",
    "name": ""
   },
   "geometry": {
    "type": "Polygon",
    "coordinates": [
     [
      [
       -68.2311552,
       12.1121083
      ],
      [
       -68.2310938,
       12.1120267
      ],
      [
       -68.2311232,
       12.1120211
      ],
      [
       -68.2311754,
       12.1120211
      ],
      [
       -68.2311597,
       12.1119777
      ],
      [
       -68.2312327,
       12.1119191
      ],
      [
       -68.2313345,
       12.1118451
      ],
      [
       -68.2314049,
       12.1118578
      ],
      [
       -68.2314728,
       12.1119191
      ],
      [
       -68.2314336,
       12.1120109
      ],
      [
       -68.2313319,
       12.1120262
      ],
      [
       -68.231251,
       12.1120492
      ],
      [
       -68.2311552,
       12.1121083
      ]
     ]
    ]
   }
  },
  {
   "type": "Feature",
   "id": "way/1080711056",
   "properties": {
    "wetland": "mangrove",
    "name": ""
   },
   "geometry": {
    "type": "Polygon",
    "coordinates": [
     [
      [
       -68.2354218,
       12.0393145
      ],
      [
       -68.2349021,
       12.0390039
      ],
      [
       -68.2342237,
       12.0385804
      ],
      [
       -68.2337762,
       12.0384534
      ],
      [
       -68.2335308,
       12.0386369
      ],
      [
       -68.2328235,
       12.0385804
      ],
      [
       -68.2325636,
       12.0387357
      ],
      [
       -68.2326791,
       12.0391169
      ],
      [
       -68.232145,
       12.0392722
      ],
      [
       -68.2315821,
       12.0397945
      ],
      [
       -68.2312789,
       12.0389051
      ],
      [
       -68.2308603,
       12.0384675
      ],
      [
       -68.2308314,
       12.0380863
      ],
      [
       -68.2309758,
       12.0377616
      ],
      [
       -68.23125,
       12.0374792
      ],
      [
       -68.2317264,
       12.037084
      ],
      [
       -68.2319718,
       12.036844
      ],
      [
       -68.232376,
       12.0367169
      ],
      [
       -68.2325492,
       12.0360534
      ],
      [
       -68.2328523,
       12.0355593
      ],
      [
       -68.2330544,
       12.0351075
      ],
      [
       -68.2333142,
       12.0349945
      ],
      [
       -68.233704,
       12.0355169
      ],
      [
       -68.2335308,
       12.0359545
      ],
      [
       -68.233141,
       12.036364
      ],
      [
       -68.2327802,
       12.0364628
      ],
      [
       -68.2329822,
       12.0367875
      ],
      [
       -68.2330111,
       12.0370698
      ],
      [
       -68.2337292,
       12.0365163
      ],
      [
       -68.2339585,
       12.0362187
      ],
      [
       -68.2342236,
       12.0365334
      ],
      [
       -68.2342958,
       12.0368581
      ],
      [
       -68.2337762,
       12.037324
      ],
      [
       -68.2346278,
       12.0384675
      ],
      [
       -68.2354218,
       12.0393145
      ]
     ]
    ]
   }
  },
  {
   "type": "Feature",
   "id": "way/1080711060",
   "properties": {
    "wetland": "mangrove",
    "name": ""
   },
   "geometry": {
    "type": "Polygon",
    "coordinates": [
     [
      [
       -68.2287706,
       12.0513478
      ],
      [
       -68.2291194,
       12.051724
      ],
      [
       -68.229168,
       12.0520741
      ],
      [
       -68.2292287,
       12.0525134
      ],
      [
       -68.2289009,
       12.0531781
      ],
      [
       -68.2286521,
       12.0538726
      ],
      [
       -68.2287685,
       12.0543523
      ],
      [
       -68.229168,
       12.0554513
      ],
      [
       -68.2291619,
       12.0560093
      ],
      [
       -68.2292954,
       12.0565494
      ],
      [
       -68.2292226,
       12.0570657
      ],
      [
       -68.2289738,
       12.0580629
      ],
      [
       -68.2287562,
       12.0583356
      ],
      [
       -68.2288861,
       12.0577991
      ],
      [
       -68.2288861,
       12.0570651
      ],
      [
       -68.2290016,
       12.0564298
      ],
      [
       -68.228785,
       12.0559075
      ],
      [
       -68.2288139,
       12.0554558
      ],
      [
       -68.2288284,
       12.0550464
      ],
      [
       -68.2283664,
       12.0551735
      ],
      [
       -68.2279623,
       12.0548488
      ],
      [
       -68.2276736,
       12.0545241
      ],
      [
       -68.2273271,
       12.0545806
      ],
      [
       -68.2270673,
       12.0548629
      ],
      [
       -68.227024,
       12.0552864
      ],
      [
       -68.2267209,
       12.0552017
      ],
      [
       -68.2266198,
       12.0547076
      ],
      [
       -68.2267209,
       12.0543124
      ],
      [
       -68.2272261,
       12.0536347
      ],
      [
       -68.227356,
       12.0528301
      ],
      [
       -68.2271683,
       12.0521666
      ],
      [
       -68.2271828,
       12.0517996
      ],
      [
       -68.2275148,
       12.0518702
      ],
      [
       -68.2277169,
       12.0515172
      ],
      [
       -68.2281355,
       12.0515031
      ],
      [
       -68.2287706,
       12.0513478
      ]
     ]
    ]
   }
  },
  {
   "type": "Feature",
   "id": "way/1080762921",
   "properties": {
    "wetland": "mangrove",
    "name": ""
   },
   "geometry": {
    "type": "Polygon",
    "coordinates": [
     [
      [
       -68.2178038,
       12.181521
      ],
      [
       -68.2177425,
       12.1814487
      ],
      [
       -68.2176889,
       12.1813663
      ],
      [
       -68.2175562,
       12.1813838
      ],
      [
       -68.2176047,
       12.1812292
      ],
      [
       -68.2176455,
       12.1811668
      ],
      [
       -68.2177578,
       12.1810546
      ],
      [
       -68.2178778,
       12.1809797
      ],
      [
       -68.2180258,
       12.1808226
      ],
      [
       -68.2181355,
       12.1808051
      ],
      [
       -68.2182452,
       12.1807927
      ],
      [
       -68.2182886,
       12.1806904
      ],
      [
       -68.2183167,
       12.1805582
      ],
      [
       -68.2183702,
       12.1804859
      ],
      [
       -68.2184315,
       12.1804933
      ],
      [
       -68.2185565,
       12.1805382
      ],
      [
       -68.2186586,
       12.1806679
      ],
      [
       -68.2186918,
       12.1808001
      ],
      [
       -68.2186586,
       12.1808775
      ],
      [
       -68.2185718,
       12.1809573
      ],
      [
       -68.2184749,
       12.1810122
      ],
      [
       -68.218383,
       12.1810421
      ],
      [
       -68.2183294,
       12.1811094
      ],
      [
       -68.2183064,
       12.181299
      ],
      [
       -68.2182222,
       12.1813264
      ],
      [
       -68.2181738,
       12.1813838
      ],
      [
       -68.2181814,
       12.1814836
      ],
      [
       -68.2181738,
       12.1815908
      ],
      [
       -68.2180947,
       12.1816731
      ],
      [
       -68.2179492,
       12.1816632
      ],
      [
       -68.2178471,
       12.1816158
      ],
      [
       -68.2178038,
       12.181521
      ]
     ]
    ]
   }
  },
  {
   "type": "Feature",
   "id": "way/1530824851",
   "properties": {
    "wetland": "mangrove",
    "name": ""
   },
   "geometry": {
    "type": "Polygon",
    "coordinates": [
     [
      [
       -68.2155588,
       12.1799608
      ],
      [
       -68.2157077,
       12.1798672
      ],
      [
       -68.216068,
       12.179848
      ],
      [
       -68.2162007,
       12.1797464
      ],
      [
       -68.2164721,
       12.17962
      ],
      [
       -68.216748,
       12.1794293
      ],
      [
       -68.2169662,
       12.1792904
      ],
      [
       -68.2171995,
       12.1791381
      ],
      [
       -68.2173796,
       12.1790455
      ],
      [
       -68.2177329,
       12.1789078
      ],
      [
       -68.2179812,
       12.1788141
      ],
      [
       -68.2181428,
       12.1787035
      ],
      [
       -68.2182756,
       12.1786968
      ],
      [
       -68.2184084,
       12.1787634
      ],
      [
       -68.2184938,
       12.1788864
      ],
      [
       -68.2185342,
       12.179067
      ],
      [
       -68.2185192,
       12.1792498
      ],
      [
       -68.2184268,
       12.1793762
      ],
      [
       -68.2183483,
       12.1794733
      ],
      [
       -68.2183807,
       12.1795782
      ],
      [
       -68.2184095,
       12.1798412
      ],
      [
       -68.218383,
       12.1799981
      ],
      [
       -68.2182941,
       12.1801177
      ],
      [
       -68.2182086,
       12.1802351
      ],
      [
       -68.2182132,
       12.180594
      ],
      [
       -68.2181139,
       12.1802994
      ],
      [
       -68.2180366,
       12.1802137
      ],
      [
       -68.21804,
       12.1800466
      ],
      [
       -68.2181313,
       12.1800286
      ],
      [
       -68.2182213,
       12.1799292
      ],
      [
       -68.218316,
       12.1798006
      ],
      [
       -68.218286,
       12.1796256
      ],
      [
       -68.2182132,
       12.1794958
      ],
      [
       -68.2183945,
       12.1793006
      ],
      [
       -68.2184268,
       12.179094
      ],
      [
       -68.2184211,
       12.1789552
      ],
      [
       -68.2182733,
       12.1788672
      ],
      [
       -68.2180297,
       12.178936
      ],
      [
       -68.2177398,
       12.1791144
      ],
      [
       -68.2176071,
       12.1791832
      ],
      [
       -68.2174731,
       12.1791471
      ],
      [
       -68.2172745,
       12.1792216
      ],
      [
       -68.2169755,
       12.1794214
      ],
      [
       -68.2167561,
       12.1796132
      ],
      [
       -68.2164259,
       12.1797927
      ],
      [
       -68.2162943,
       12.1799067
      ],
      [
       -68.2161696,
       12.1799823
      ],
      [
       -68.2158162,
       12.1800466
      ],
      [
       -68.2155588,
       12.1799608
      ]
     ]
    ]
   }
  }
 ]
}
