{
 "type": "FeatureCollection",
 "crs": {
  "type": "name",
  "properties": {
   "name": "urn:ogc:def:crs:OGC:1.3:CRS84"
  }
 },
 "properties": {
  "title": "Sint Maarten land polygons",
  "source": "OpenStreetMap natural=coastline ways, retrieved 2026-10-04 via Overpass.",
  "license": "Geometry (c) OpenStreetMap contributors, ODbL 1.0, https://www.openstreetmap.org/copyright",
  "method": "Every closed merged coastline ring in the query box; the rings segments are cut on simplified to 15 m, islets left as mapped. Built by scripts/make_island_segments.py."
 },
 "features": [
  {
   "type": "Feature",
   "id": "sint_maarten",
   "properties": {
    "name": "Sint Maarten",
    "area_m2": 72645144
   },
   "geometry": {
    "type": "Polygon",
    "coordinates": [
     [
      [
       -63.096631200000004,
       18.027773099999997
      ],
      [
       -63.0968986,
       18.028162
      ],
      [
       -63.0966473,
       18.0280198
      ],
      [
       -63.0965693,
       18.028425499999997
      ],
      [
       -63.0967927,
       18.0288437
      ],
      [
       -63.096132600000004,
       18.028982899999995
      ],
      [
       -63.09635200000001,
       18.029825400000004
      ],
      [
       -63.09696060000001,
       18.029844399999998
      ],
      [
       -63.0969766,
       18.030035899999998
      ],
      [
       -63.09649420000001,
       18.030071
      ],
      [
       -63.0957563,
       18.030767999999995
      ],
      [
       -63.0943814,
       18.0310921
      ],
      [
       -63.09329550000001,
       18.031753900000002
      ],
      [
       -63.093262,
       18.033185999999997
      ],
      [
       -63.0937716,
       18.0341628
      ],
      [
       -63.09440729999999,
       18.0343159
      ],
      [
       -63.094638,
       18.034708599999995
      ],
      [
       -63.095233400000005,
       18.0346831
      ],
      [
       -63.0953554,
       18.0343556
      ],
      [
       -63.0956225,
       18.034508
      ],
      [
       -63.09521780000001,
       18.0351636
      ],
      [
       -63.09380649999999,
       18.0358499
      ],
      [
       -63.09334719999999,
       18.035146700000002
      ],
      [
       -63.0926803,
       18.034579699999995
      ],
      [
       -63.0922544,
       18.034663399999996
      ],
      [
       -63.0923139,
       18.0343847
      ],
      [
       -63.09176529999999,
       18.033943499999996
      ],
      [
       -63.0905664,
       18.0341692
      ],
      [
       -63.0903009,
       18.0331975
      ],
      [
       -63.089246,
       18.033248
      ],
      [
       -63.0884145,
       18.0337741
      ],
      [
       -63.0884355,
       18.033401799999996
      ],
      [
       -63.0876448,
       18.0326188
      ],
      [
       -63.0880158,
       18.0323487
      ],
      [
       -63.087038,
       18.031687000000005
      ],
      [
       -63.0864801,
       18.030736300000004
      ],
      [
       -63.0861685,
       18.030481499999997
      ],
      [
       -63.0848067,
       18.0302305
      ],
      [
       -63.0843519,
       18.029809900000004
      ],
      [
       -63.0842703,
       18.0299431
      ],
      [
       -63.0850683,
       18.032925100000003
      ],
      [
       -63.08506810000001,
       18.034168600000005
      ],
      [
       -63.0854339,
       18.034796399999998
      ],
      [
       -63.085460999999995,
       18.035404900000003
      ],
      [
       -63.085709400000006,
       18.0354266
      ],
      [
       -63.0858952,
       18.0360187
      ],
      [
       -63.08519230000001,
       18.036254
      ],
      [
       -63.08551510000001,
       18.036630799999998
      ],
      [
       -63.0861318,
       18.0362524
      ],
      [
       -63.0861783,
       18.0364966
      ],
      [
       -63.0858462,
       18.036819599999998
      ],
      [
       -63.0862002,
       18.036608299999997
      ],
      [
       -63.0861073,
       18.0367882
      ],
      [
       -63.0862873,
       18.036697499999995
      ],
      [
       -63.086653899999995,
       18.0374277
      ],
      [
       -63.0875555,
       18.0380812
      ],
      [
       -63.0875092,
       18.039201799999997
      ],
      [
       -63.087843,
       18.039485299999996
      ],
      [
       -63.088879799999994,
       18.0397433
      ],
      [
       -63.089352500000004,
       18.041478299999998
      ],
      [
       -63.0892682,
       18.042113599999993
      ],
      [
       -63.089743,
       18.0421417
      ],
      [
       -63.0901305,
       18.042996
      ],
      [
       -63.0900139,
       18.0441501
      ],
      [
       -63.0892709,
       18.044867999999997
      ],
      [
       -63.0895306,
       18.045194800000004
      ],
      [
       -63.0884002,
       18.045538699999994
      ],
      [
       -63.0883158,
       18.046758599999997
      ],
      [
       -63.08949750000001,
       18.048267499999998
      ],
      [
       -63.090489999999996,
       18.0487711
      ],
      [
       -63.09172910000001,
       18.0488833
      ],
      [
       -63.0928829,
       18.048483799999996
      ],
      [
       -63.0947866,
       18.0489291
      ],
      [
       -63.09542859999999,
       18.0494924
      ],
      [
       -63.09564519999999,
       18.050513600000002
      ],
      [
       -63.0953604,
       18.0523872
      ],
      [
       -63.094528,
       18.052860399999993
      ],
      [
       -63.0936217,
       18.0523435
      ],
      [
       -63.09275340000001,
       18.051116199999996
      ],
      [
       -63.09153870000001,
       18.050652699999997
      ],
      [
       -63.0904818,
       18.0507705
      ],
      [
       -63.0906114,
       18.05228
      ],
      [
       -63.0903554,
       18.053626199999997
      ],
      [
       -63.0897002,
       18.054945900000003
      ],
      [
       -63.08945550000001,
       18.056971399999995
      ],
      [
       -63.0892031,
       18.057552299999994
      ],
      [
       -63.0879697,
       18.058969199999993
      ],
      [
       -63.088086499999996,
       18.060294299999995
      ],
      [
       -63.0883717,
       18.0602608
      ],
      [
       -63.08803580000001,
       18.0607166
      ],
      [
       -63.0882024,
       18.061523300000005
      ],
      [
       -63.08715359999999,
       18.063748999999998
      ],
      [
       -63.086707600000004,
       18.064116999999996
      ],
      [
       -63.087197399999994,
       18.064582700000003
      ],
      [
       -63.0868589,
       18.0644894
      ],
      [
       -63.0866324,
       18.0648153
      ],
      [
       -63.08713469999999,
       18.0653215
      ],
      [
       -63.0877615,
       18.064618
      ],
      [
       -63.088788400000006,
       18.064103999999997
      ],
      [
       -63.08867510000001,
       18.063843799999997
      ],
      [
       -63.08902019999999,
       18.063534899999997
      ],
      [
       -63.0892885,
       18.063792399999997
      ],
      [
       -63.0900655,
       18.063158699999995
      ],
      [
       -63.0904166,
       18.0626454
      ],
      [
       -63.090169,
       18.0624911
      ],
      [
       -63.09063220000001,
       18.0620737
      ],
      [
       -63.0907771,
       18.0616011
      ],
      [
       -63.09137940000001,
       18.0607715
      ],
      [
       -63.0920061,
       18.0604092
      ],
      [
       -63.0927406,
       18.0613708
      ],
      [
       -63.09283690000001,
       18.061807399999996
      ],
      [
       -63.0933976,
       18.061347199999997
      ],
      [
       -63.09246670000001,
       18.0604915
      ],
      [
       -63.093043,
       18.060323199999996
      ],
      [
       -63.095455,
       18.061419199999996
      ],
      [
       -63.0961209,
       18.0618711
      ],
      [
       -63.0963453,
       18.0625496
      ],
      [
       -63.0958322,
       18.062862999999997
      ],
      [
       -63.0917988,
       18.0638716
      ],
      [
       -63.0915312,
       18.0639836
      ],
      [
       -63.091725,
       18.064185599999995
      ],
      [
       -63.09150000000001,
       18.0640143
      ],
      [
       -63.08979,
       18.0647192
      ],
      [
       -63.089705300000006,
       18.0652354
      ],
      [
       -63.0881745,
       18.065855999999997
      ],
      [
       -63.0865544,
       18.0677413
      ],
      [
       -63.0865976,
       18.0680422
      ],
      [
       -63.08592049999999,
       18.0691727
      ],
      [
       -63.0864627,
       18.0695135
      ],
      [
       -63.0866822,
       18.0691147
      ],
      [
       -63.0869131,
       18.068844099999996
      ],
      [
       -63.0870818,
       18.0687087
      ],
      [
       -63.08745090000001,
       18.0684987
      ],
      [
       -63.0878613,
       18.068387700000002
      ],
      [
       -63.0883031,
       18.068388799999997
      ],
      [
       -63.08876500000001,
       18.068509199999998
      ],
      [
       -63.089153700000004,
       18.068714799999995
      ],
      [
       -63.0895033,
       18.0690218
      ],
      [
       -63.0883002,
       18.0684076
      ],
      [
       -63.0871008,
       18.068722400000002
      ],
      [
       -63.0865306,
       18.069533400000005
      ],
      [
       -63.0870463,
       18.0702293
      ],
      [
       -63.087040200000004,
       18.070738200000005
      ],
      [
       -63.0867029,
       18.071146300000002
      ],
      [
       -63.087277199999996,
       18.071548399999998
      ],
      [
       -63.087885500000006,
       18.071611099999995
      ],
      [
       -63.0889081,
       18.0713247
      ],
      [
       -63.08944399999999,
       18.070788100000005
      ],
      [
       -63.0894835,
       18.070301400000005
      ],
      [
       -63.0897121,
       18.070261199999997
      ],
      [
       -63.0901111,
       18.069280599999995
      ],
      [
       -63.0895995,
       18.070810399999996
      ],
      [
       -63.0891314,
       18.071359299999997
      ],
      [
       -63.0882724,
       18.071728999999998
      ],
      [
       -63.0874099,
       18.0717839
      ],
      [
       -63.0867404,
       18.0713929
      ],
      [
       -63.0860571,
       18.071627799999998
      ],
      [
       -63.08471810000001,
       18.072842799999997
      ],
      [
       -63.08417000000001,
       18.0730329
      ],
      [
       -63.08177190000001,
       18.0762822
      ],
      [
       -63.081086,
       18.0775442
      ],
      [
       -63.0808949,
       18.0786995
      ],
      [
       -63.0813193,
       18.0803653
      ],
      [
       -63.08204190000001,
       18.0810479
      ],
      [
       -63.08327080000001,
       18.081524199999997
      ],
      [
       -63.0846611,
       18.083581900000002
      ],
      [
       -63.085507199999995,
       18.0831791
      ],
      [
       -63.0855848,
       18.0833365
      ],
      [
       -63.0861318,
       18.083166799999994
      ],
      [
       -63.0861247,
       18.083349799999997
      ],
      [
       -63.084864,
       18.083926
      ],
      [
       -63.0847479,
       18.084332599999996
      ],
      [
       -63.08497570000001,
       18.0845142
      ],
      [
       -63.0848607,
       18.0849007
      ],
      [
       -63.0851088,
       18.0849266
      ],
      [
       -63.085019800000005,
       18.0852204
      ],
      [
       -63.08536110000001,
       18.085326
      ],
      [
       -63.08539600000001,
       18.0860525
      ],
      [
       -63.0857143,
       18.086150299999996
      ],
      [
       -63.0851335,
       18.087008299999997
      ],
      [
       -63.0839887,
       18.0874053
      ],
      [
       -63.0836926,
       18.087748900000005
      ],
      [
       -63.082282400000004,
       18.08777759999999
      ],
      [
       -63.081445200000005,
       18.088362100000005
      ],
      [
       -63.0808713,
       18.089042799999998
      ],
      [
       -63.080525300000005,
       18.090771099999998
      ],
      [
       -63.0794837,
       18.091156699999996
      ],
      [
       -63.0779453,
       18.092193599999995
      ],
      [
       -63.0782188,
       18.0930732
      ],
      [
       -63.0775188,
       18.0935219
      ],
      [
       -63.0769224,
       18.0935913
      ],
      [
       -63.07635150000001,
       18.093137399999996
      ],
      [
       -63.0758853,
       18.093087199999996
      ],
      [
       -63.074198700000004,
       18.094698699999995
      ],
      [
       -63.07431220000001,
       18.0958764
      ],
      [
       -63.0739112,
       18.096545700000004
      ],
      [
       -63.074084400000004,
       18.096790599999995
      ],
      [
       -63.0738704,
       18.096748
      ],
      [
       -63.0737544,
       18.0974632
      ],
      [
       -63.07419250000001,
       18.0977483
      ],
      [
       -63.07394390000001,
       18.097831399999997
      ],
      [
       -63.0740064,
       18.0983915
      ],
      [
       -63.0751323,
       18.0993097
      ],
      [
       -63.074556300000005,
       18.099759999999996
      ],
      [
       -63.07404940000001,
       18.099382
      ],
      [
       -63.07319090000001,
       18.0993477
      ],
      [
       -63.0717876,
       18.099976900000005
      ],
      [
       -63.071716,
       18.1019526
      ],
      [
       -63.0706532,
       18.1021843
      ],
      [
       -63.070239,
       18.1030771
      ],
      [
       -63.069593600000005,
       18.1033452
      ],
      [
       -63.0690503,
       18.103169100000002
      ],
      [
       -63.0693766,
       18.1026417
      ],
      [
       -63.069235,
       18.102177799999996
      ],
      [
       -63.0673902,
       18.100791199999996
      ],
      [
       -63.0669302,
       18.1001071
      ],
      [
       -63.06546900000001,
       18.0998651
      ],
      [
       -63.062784699999995,
       18.099709799999992
      ],
      [
       -63.060241999999995,
       18.099982599999997
      ],
      [
       -63.059160399999996,
       18.1003445
      ],
      [
       -63.0576959,
       18.101424099999996
      ],
      [
       -63.05508050000001,
       18.1039816
      ],
      [
       -63.05378290000001,
       18.105541499999998
      ],
      [
       -63.0532035,
       18.10679199999999
      ],
      [
       -63.0530731,
       18.108051299999996
      ],
      [
       -63.053940299999994,
       18.108395999999995
      ],
      [
       -63.053226,
       18.1090163
      ],
      [
       -63.052902800000005,
       18.1101329
      ],
      [
       -63.0528237,
       18.1107855
      ],
      [
       -63.05329929999999,
       18.111262699999997
      ],
      [
       -63.0533749,
       18.112088499999995
      ],
      [
       -63.0528639,
       18.1124802
      ],
      [
       -63.052484400000004,
       18.113162700000004
      ],
      [
       -63.0526105,
       18.1142946
      ],
      [
       -63.0528178,
       18.114547199999993
      ],
      [
       -63.0525461,
       18.114939599999996
      ],
      [
       -63.0529204,
       18.115248299999998
      ],
      [
       -63.0527821,
       18.1155183
      ],
      [
       -63.052945699999995,
       18.1158191
      ],
      [
       -63.0523142,
       18.1183394
      ],
      [
       -63.0516234,
       18.118722599999998
      ],
      [
       -63.0510672,
       18.1189072
      ],
      [
       -63.05039560000001,
       18.118626399999997
      ],
      [
       -63.050228700000005,
       18.118801699999995
      ],
      [
       -63.049736499999995,
       18.1184133
      ],
      [
       -63.0496782,
       18.118112999999997
      ],
      [
       -63.04900849999999,
       18.117780099999997
      ],
      [
       -63.0487897,
       18.117892900000005
      ],
      [
       -63.04836850000001,
       18.117563999999998
      ],
      [
       -63.0483411,
       18.1177884
      ],
      [
       -63.0480494,
       18.1178317
      ],
      [
       -63.0481937,
       18.117655100000004
      ],
      [
       -63.0481136,
       18.117583099999997
      ],
      [
       -63.04790259999999,
       18.1178194
      ],
      [
       -63.0479366,
       18.117582499999997
      ],
      [
       -63.0471991,
       18.1173798
      ],
      [
       -63.04664819999999,
       18.116412400000005
      ],
      [
       -63.0457128,
       18.1160679
      ],
      [
       -63.044732,
       18.1167975
      ],
      [
       -63.0440409,
       18.1168312
      ],
      [
       -63.04307790000001,
       18.115596
      ],
      [
       -63.04247240000001,
       18.1141793
      ],
      [
       -63.041962100000006,
       18.113910899999993
      ],
      [
       -63.0406827,
       18.1141264
      ],
      [
       -63.03936499999999,
       18.114791099999998
      ],
      [
       -63.0387904,
       18.1155794
      ],
      [
       -63.03896890000001,
       18.1160327
      ],
      [
       -63.0394,
       18.116172499999998
      ],
      [
       -63.0389567,
       18.116093699999997
      ],
      [
       -63.0383592,
       18.1148882
      ],
      [
       -63.0378301,
       18.1146732
      ],
      [
       -63.03754990000001,
       18.114022199999997
      ],
      [
       -63.037818900000005,
       18.1127072
      ],
      [
       -63.0374147,
       18.112298200000005
      ],
      [
       -63.03772759999999,
       18.111582200000004
      ],
      [
       -63.038234900000006,
       18.111367199999997
      ],
      [
       -63.03625170000001,
       18.111724299999995
      ],
      [
       -63.03649310000001,
       18.1124649
      ],
      [
       -63.036336199999994,
       18.113139099999994
      ],
      [
       -63.0373176,
       18.113939399999996
      ],
      [
       -63.037578,
       18.114690399999997
      ],
      [
       -63.0386589,
       18.1160039
      ],
      [
       -63.03923939999999,
       18.1163397
      ],
      [
       -63.0404077,
       18.118936799999997
      ],
      [
       -63.03991020000001,
       18.1199131
      ],
      [
       -63.0398874,
       18.120543999999995
      ],
      [
       -63.0400684,
       18.120649800000002
      ],
      [
       -63.03870190000001,
       18.1214267
      ],
      [
       -63.0383974,
       18.123573700000005
      ],
      [
       -63.0380581,
       18.12362979999999
      ],
      [
       -63.0381292,
       18.1234386
      ],
      [
       -63.0375023,
       18.123234299999996
      ],
      [
       -63.03680150000001,
       18.123438600000004
      ],
      [
       -63.034763000000005,
       18.123079199999996
      ],
      [
       -63.0330723,
       18.1235905
      ],
      [
       -63.0323839,
       18.1231085
      ],
      [
       -63.03221899999999,
       18.122623699999995
      ],
      [
       -63.031475799999996,
       18.122597300000002
      ],
      [
       -63.0303703,
       18.123003299999997
      ],
      [
       -63.03053190000001,
       18.1236782
      ],
      [
       -63.0302797,
       18.123917899999995
      ],
      [
       -63.0297756,
       18.1235187
      ],
      [
       -63.028409999999994,
       18.123551
      ],
      [
       -63.0270349,
       18.124340199999995
      ],
      [
       -63.02609290000001,
       18.124472099999995
      ],
      [
       -63.02333010000001,
       18.123414400000005
      ],
      [
       -63.02146080000001,
       18.1221649
      ],
      [
       -63.02081020000001,
       18.1221105
      ],
      [
       -63.0195174,
       18.1224292
      ],
      [
       -63.0193639,
       18.1219904
      ],
      [
       -63.0199063,
       18.1213636
      ],
      [
       -63.01970239999999,
       18.121222999999997
      ],
      [
       -63.0208772,
       18.119947499999995
      ],
      [
       -63.0207204,
       18.1164474
      ],
      [
       -63.0203381,
       18.1150823
      ],
      [
       -63.0204717,
       18.1138008
      ],
      [
       -63.0196072,
       18.111579600000002
      ],
      [
       -63.0186731,
       18.1110657
      ],
      [
       -63.01828689999999,
       18.111305599999998
      ],
      [
       -63.017447999999995,
       18.111059500000003
      ],
      [
       -63.017137,
       18.1092436
      ],
      [
       -63.0178369,
       18.1086884
      ],
      [
       -63.018539800000006,
       18.1075244
      ],
      [
       -63.01917670000001,
       18.107227899999998
      ],
      [
       -63.0207376,
       18.1075743
      ],
      [
       -63.02126419999999,
       18.107965299999996
      ],
      [
       -63.02132280000001,
       18.1086459
      ],
      [
       -63.02245169999999,
       18.1087269
      ],
      [
       -63.0242139,
       18.107440699999998
      ],
      [
       -63.02498370000001,
       18.106131
      ],
      [
       -63.025132,
       18.105200899999996
      ],
      [
       -63.02487000000001,
       18.1041569
      ],
      [
       -63.0246944,
       18.103954499999997
      ],
      [
       -63.0238599,
       18.103863999999998
      ],
      [
       -63.0237606,
       18.1035354
      ],
      [
       -63.0230434,
       18.10297939999999
      ],
      [
       -63.0228766,
       18.103055499999996
      ],
      [
       -63.02203730000001,
       18.101802699999997
      ],
      [
       -63.02221670000001,
       18.1011344
      ],
      [
       -63.0226396,
       18.1009494
      ],
      [
       -63.0231518,
       18.099783500000004
      ],
      [
       -63.02308920000001,
       18.0990765
      ],
      [
       -63.0225751,
       18.098462300000005
      ],
      [
       -63.0229994,
       18.097497799999996
      ],
      [
       -63.0228298,
       18.096709699999995
      ],
      [
       -63.0238627,
       18.096314399999997
      ],
      [
       -63.02366880000001,
       18.094451700000004
      ],
      [
       -63.02297680000001,
       18.0921447
      ],
      [
       -63.02213900000001,
       18.0904948
      ],
      [
       -63.0210288,
       18.088945400000007
      ],
      [
       -63.018682299999995,
       18.0864266
      ],
      [
       -63.01269200000001,
       18.082340399999996
      ],
      [
       -63.01229299999999,
       18.0823014
      ],
      [
       -63.01153060000001,
       18.082936700000005
      ],
      [
       -63.010638799999995,
       18.083242699999996
      ],
      [
       -63.0102298,
       18.0831286
      ],
      [
       -63.0108585,
       18.082301500000003
      ],
      [
       -63.011985900000006,
       18.0814261
      ],
      [
       -63.0127883,
       18.080290999999995
      ],
      [
       -63.0136105,
       18.078784099999996
      ],
      [
       -63.0144322,
       18.076364499999997
      ],
      [
       -63.014908000000005,
       18.0768443
      ],
      [
       -63.01470950000001,
       18.0776462
      ],
      [
       -63.0148932,
       18.078066999999997
      ],
      [
       -63.0160426,
       18.078329599999996
      ],
      [
       -63.016883799999995,
       18.0780689
      ],
      [
       -63.0182715,
       18.076955200000004
      ],
      [
       -63.01959780000001,
       18.0749173
      ],
      [
       -63.0200706,
       18.0729214
      ],
      [
       -63.0199465,
       18.07196799999999
      ],
      [
       -63.0194704,
       18.071011500000004
      ],
      [
       -63.0173977,
       18.0685933
      ],
      [
       -63.0165812,
       18.068123999999997
      ],
      [
       -63.0162217,
       18.067484
      ],
      [
       -63.016049300000006,
       18.0664868
      ],
      [
       -63.015508800000006,
       18.066419699999997
      ],
      [
       -63.0143521,
       18.067156699999998
      ],
      [
       -63.013498500000004,
       18.0666817
      ],
      [
       -63.012550999999995,
       18.066895900000002
      ],
      [
       -63.0118476,
       18.0660914
      ],
      [
       -63.0115874,
       18.0653545
      ],
      [
       -63.01179930000001,
       18.0638353
      ],
      [
       -63.0121158,
       18.063494900000002
      ],
      [
       -63.0127166,
       18.063549100000003
      ],
      [
       -63.01324900000001,
       18.063051199999997
      ],
      [
       -63.0132108,
       18.0627968
      ],
      [
       -63.013589700000004,
       18.062537999999996
      ],
      [
       -63.01370500000001,
       18.061772300000005
      ],
      [
       -63.013037,
       18.0598216
      ],
      [
       -63.01137550000001,
       18.0583533
      ],
      [
       -63.0107418,
       18.057445500000004
      ],
      [
       -63.0108448,
       18.057154999999998
      ],
      [
       -63.0104056,
       18.056592200000004
      ],
      [
       -63.010132,
       18.0551404
      ],
      [
       -63.01035900000001,
       18.0540181
      ],
      [
       -63.0114184,
       18.053529799999993
      ],
      [
       -63.012274700000006,
       18.0537102
      ],
      [
       -63.0127924,
       18.054209399999998
      ],
      [
       -63.0128202,
       18.0545191
      ],
      [
       -63.01242090000001,
       18.055044000000002
      ],
      [
       -63.0125852,
       18.055554600000004
      ],
      [
       -63.0134389,
       18.055760199999998
      ],
      [
       -63.01458110000001,
       18.0551525
      ],
      [
       -63.014636200000005,
       18.055969299999997
      ],
      [
       -63.014933500000005,
       18.056524899999996
      ],
      [
       -63.0157046,
       18.056874299999997
      ],
      [
       -63.01766599999999,
       18.057195599999996
      ],
      [
       -63.01892800000001,
       18.056630000000002
      ],
      [
       -63.019178399999994,
       18.056295300000002
      ],
      [
       -63.0191167,
       18.055938700000002
      ],
      [
       -63.019737500000005,
       18.0559626
      ],
      [
       -63.0191003,
       18.0556764
      ],
      [
       -63.0182031,
       18.054568299999996
      ],
      [
       -63.0171472,
       18.0527423
      ],
      [
       -63.016838500000006,
       18.052649999999996
      ],
      [
       -63.016773400000005,
       18.053031100000002
      ],
      [
       -63.0165435,
       18.0530322
      ],
      [
       -63.0166545,
       18.052702600000003
      ],
      [
       -63.01626650000001,
       18.052702299999996
      ],
      [
       -63.01540690000001,
       18.053714699999997
      ],
      [
       -63.01529620000001,
       18.053579500000005
      ],
      [
       -63.01432290000001,
       18.054036300000003
      ],
      [
       -63.0136951,
       18.053988
      ],
      [
       -63.0135776,
       18.053671999999995
      ],
      [
       -63.014121200000005,
       18.053508899999997
      ],
      [
       -63.0155548,
       18.052027000000002
      ],
      [
       -63.0157498,
       18.052188799999996
      ],
      [
       -63.016207699999995,
       18.0519329
      ],
      [
       -63.0170318,
       18.050070799999993
      ],
      [
       -63.0164468,
       18.047890399999996
      ],
      [
       -63.0165461,
       18.046697
      ],
      [
       -63.01551769999999,
       18.0457456
      ],
      [
       -63.015670199999995,
       18.0448168
      ],
      [
       -63.01767480000001,
       18.043177
      ],
      [
       -63.0175303,
       18.042052199999997
      ],
      [
       -63.018026899999995,
       18.0415028
      ],
      [
       -63.018054,
       18.040704300000005
      ],
      [
       -63.0191285,
       18.0407215
      ],
      [
       -63.02105100000001,
       18.039833
      ],
      [
       -63.02205549999999,
       18.0386805
      ],
      [
       -63.022858500000005,
       18.036325500000004
      ],
      [
       -63.0234933,
       18.035784000000003
      ],
      [
       -63.02338470000001,
       18.035224300000003
      ],
      [
       -63.02362680000001,
       18.033683300000003
      ],
      [
       -63.02301469999999,
       18.0322433
      ],
      [
       -63.02253760000001,
       18.032030300000002
      ],
      [
       -63.0217131,
       18.0322764
      ],
      [
       -63.0205385,
       18.032131900000003
      ],
      [
       -63.0199744,
       18.0316691
      ],
      [
       -63.01992980000001,
       18.0311457
      ],
      [
       -63.0202958,
       18.0307366
      ],
      [
       -63.0221305,
       18.029772800000003
      ],
      [
       -63.021323,
       18.0286752
      ],
      [
       -63.021481,
       18.0282618
      ],
      [
       -63.021975,
       18.027936200000003
      ],
      [
       -63.02283700000001,
       18.0278636
      ],
      [
       -63.0233685,
       18.027233499999994
      ],
      [
       -63.0239877,
       18.026969199999993
      ],
      [
       -63.02608180000001,
       18.025307399999996
      ],
      [
       -63.025963000000004,
       18.025093700000003
      ],
      [
       -63.0263207,
       18.024559699999998
      ],
      [
       -63.0281102,
       18.0235188
      ],
      [
       -63.02814359999999,
       18.0228013
      ],
      [
       -63.0268238,
       18.0217692
      ],
      [
       -63.0268613,
       18.0208829
      ],
      [
       -63.02621260000001,
       18.0202683
      ],
      [
       -63.0260597,
       18.019796799999998
      ],
      [
       -63.025462100000006,
       18.019757499999997
      ],
      [
       -63.0256236,
       18.0192893
      ],
      [
       -63.026580300000006,
       18.0187571
      ],
      [
       -63.027491500000004,
       18.01858379999999
      ],
      [
       -63.0278364,
       18.0188499
      ],
      [
       -63.0290404,
       18.0183672
      ],
      [
       -63.029613100000006,
       18.017618299999995
      ],
      [
       -63.029548000000005,
       18.017246999999998
      ],
      [
       -63.02991250000001,
       18.017011800000002
      ],
      [
       -63.02962610000001,
       18.016355799999996
      ],
      [
       -63.02983439999999,
       18.0154769
      ],
      [
       -63.030472200000006,
       18.0149509
      ],
      [
       -63.03169570000001,
       18.0146414
      ],
      [
       -63.03169570000001,
       18.014047300000005
      ],
      [
       -63.032021099999994,
       18.013904900000004
      ],
      [
       -63.0318584,
       18.013372700000005
      ],
      [
       -63.0325353,
       18.0126052
      ],
      [
       -63.03554200000001,
       18.012029600000005
      ],
      [
       -63.036084900000006,
       18.012503599999995
      ],
      [
       -63.036415999999996,
       18.012390999999997
      ],
      [
       -63.03662229999999,
       18.011552999999996
      ],
      [
       -63.0365638,
       18.0104328
      ],
      [
       -63.0363034,
       18.009987199999998
      ],
      [
       -63.0380932,
       18.008254200000003
      ],
      [
       -63.03863990000001,
       18.0080252
      ],
      [
       -63.038347,
       18.0075362
      ],
      [
       -63.03879310000001,
       18.007559799999992
      ],
      [
       -63.038985100000005,
       18.007275699999997
      ],
      [
       -63.0388467,
       18.006927
      ],
      [
       -63.03969420000001,
       18.006620199999997
      ],
      [
       -63.03977880000001,
       18.0057166
      ],
      [
       -63.040384,
       18.005691799999997
      ],
      [
       -63.04094369999999,
       18.0060879
      ],
      [
       -63.04169220000001,
       18.006038400000005
      ],
      [
       -63.04272040000001,
       18.005803200000003
      ],
      [
       -63.043110899999995,
       18.005264699999998
      ],
      [
       -63.0436186,
       18.005171899999997
      ],
      [
       -63.04388130000001,
       18.005770500000004
      ],
      [
       -63.0448535,
       18.005516799999995
      ],
      [
       -63.04501,
       18.0058794
      ],
      [
       -63.044797499999994,
       18.005917500000002
      ],
      [
       -63.04423640000001,
       18.0104791
      ],
      [
       -63.043891099999996,
       18.010537000000003
      ],
      [
       -63.0436917,
       18.012089000000003
      ],
      [
       -63.0462602,
       18.013998399999995
      ],
      [
       -63.0460222,
       18.014644299999997
      ],
      [
       -63.0447535,
       18.0146545
      ],
      [
       -63.04493,
       18.0163151
      ],
      [
       -63.0448085,
       18.0173748
      ],
      [
       -63.045511399999995,
       18.0173614
      ],
      [
       -63.04592480000001,
       18.0183757
      ],
      [
       -63.045581899999995,
       18.017777700000003
      ],
      [
       -63.04465499999999,
       18.0182074
      ],
      [
       -63.04458940000001,
       18.017613299999997
      ],
      [
       -63.043740199999995,
       18.017338900000002
      ],
      [
       -63.043633,
       18.0188455
      ],
      [
       -63.045296300000004,
       18.019616899999995
      ],
      [
       -63.0446651,
       18.019900500000002
      ],
      [
       -63.0435175,
       18.0193241
      ],
      [
       -63.04269730000001,
       18.020653000000003
      ],
      [
       -63.0431978,
       18.0213721
      ],
      [
       -63.043986,
       18.0209926
      ],
      [
       -63.0436939,
       18.0212861
      ],
      [
       -63.0437812,
       18.0215399
      ],
      [
       -63.045995500000004,
       18.022952699999998
      ],
      [
       -63.0459482,
       18.023138200000005
      ],
      [
       -63.0495262,
       18.024083699999995
      ],
      [
       -63.051241700000006,
       18.0242697
      ],
      [
       -63.0541037,
       18.0241977
      ],
      [
       -63.056429599999994,
       18.0236439
      ],
      [
       -63.057575400000005,
       18.0224716
      ],
      [
       -63.0575231,
       18.022050100000005
      ],
      [
       -63.0584448,
       18.021740299999998
      ],
      [
       -63.059433000000006,
       18.0208677
      ],
      [
       -63.0597853,
       18.020176100000004
      ],
      [
       -63.0591173,
       18.017197499999998
      ],
      [
       -63.0586209,
       18.015977399999997
      ],
      [
       -63.0589626,
       18.0143648
      ],
      [
       -63.0589368,
       18.0133653
      ],
      [
       -63.0599233,
       18.0127031
      ],
      [
       -63.0601231,
       18.0130894
      ],
      [
       -63.0604842,
       18.0132304
      ],
      [
       -63.060292100000005,
       18.0151005
      ],
      [
       -63.0606361,
       18.0155718
      ],
      [
       -63.06018720000001,
       18.0159266
      ],
      [
       -63.060222200000005,
       18.016458799999995
      ],
      [
       -63.059796000000006,
       18.016998799999996
      ],
      [
       -63.06001069999999,
       18.0176067
      ],
      [
       -63.06103499999999,
       18.018481400000002
      ],
      [
       -63.0618155,
       18.0188062
      ],
      [
       -63.062414,
       18.0187523
      ],
      [
       -63.0622902,
       18.018933799999996
      ],
      [
       -63.06261009999999,
       18.0191816
      ],
      [
       -63.0631802,
       18.0192135
      ],
      [
       -63.063365999999995,
       18.018921499999998
      ],
      [
       -63.063450599999996,
       18.0192841
      ],
      [
       -63.0642052,
       18.019464
      ],
      [
       -63.066114400000004,
       18.019243199999995
      ],
      [
       -63.0678449,
       18.018151399999997
      ],
      [
       -63.0688772,
       18.017023100000003
      ],
      [
       -63.069595,
       18.016594299999994
      ],
      [
       -63.070289100000004,
       18.016904599999997
      ],
      [
       -63.0714519,
       18.0169498
      ],
      [
       -63.0714222,
       18.0172939
      ],
      [
       -63.0731437,
       18.0187476
      ],
      [
       -63.0742687,
       18.021163799999993
      ],
      [
       -63.075621399999996,
       18.021346
      ],
      [
       -63.07639470000001,
       18.020921799999996
      ],
      [
       -63.07708629999999,
       18.019917600000003
      ],
      [
       -63.077465499999995,
       18.019754999999996
      ],
      [
       -63.077406,
       18.019054900000004
      ],
      [
       -63.0777927,
       18.019139800000005
      ],
      [
       -63.0790173,
       18.0183024
      ],
      [
       -63.079603000000006,
       18.018333299999995
      ],
      [
       -63.08005210000001,
       18.018791299999997
      ],
      [
       -63.080371,
       18.020592299999997
      ],
      [
       -63.07998700000001,
       18.0227398
      ],
      [
       -63.080878600000005,
       18.023544300000005
      ],
      [
       -63.0834949,
       18.024515900000004
      ],
      [
       -63.0866147,
       18.02449899999999
      ],
      [
       -63.089690600000004,
       18.024026999999993
      ],
      [
       -63.090784,
       18.023012099999995
      ],
      [
       -63.09131760000001,
       18.0228017
      ],
      [
       -63.09190340000001,
       18.023779499999996
      ],
      [
       -63.0922337,
       18.0257925
      ],
      [
       -63.09237790000001,
       18.025735299999997
      ],
      [
       -63.09317310000001,
       18.026912299999996
      ],
      [
       -63.0960746,
       18.027810599999995
      ],
      [
       -63.096631200000004,
       18.027773099999997
      ]
     ]
    ]
   }
  },
  {
   "type": "Feature",
   "id": "ring_1",
   "properties": {
    "name": "islet or second ring",
    "area_m2": 8465837
   },
   "geometry": {
    "type": "Polygon",
    "coordinates": [
     [
      [
       -63.153327600000004,
       18.062367
      ],
      [
       -63.151769099999996,
       18.0647144
      ],
      [
       -63.149483800000006,
       18.0661488
      ],
      [
       -63.1483138,
       18.0672166
      ],
      [
       -63.1473273,
       18.068617099999997
      ],
      [
       -63.1469431,
       18.0693887
      ],
      [
       -63.1470609,
       18.07027669999999
      ],
      [
       -63.14727080000001,
       18.070632
      ],
      [
       -63.148388000000004,
       18.0711595
      ],
      [
       -63.148274300000004,
       18.071604999999998
      ],
      [
       -63.147885300000006,
       18.0715486
      ],
      [
       -63.14777500000001,
       18.072205499999995
      ],
      [
       -63.147168,
       18.072613499999996
      ],
      [
       -63.1462801,
       18.072495500000002
      ],
      [
       -63.1442981,
       18.0733359
      ],
      [
       -63.14378390000001,
       18.073200399999998
      ],
      [
       -63.142322099999994,
       18.0736798
      ],
      [
       -63.13928460000001,
       18.0734337
      ],
      [
       -63.1373658,
       18.072703199999992
      ],
      [
       -63.13199850000001,
       18.0696843
      ],
      [
       -63.129615300000005,
       18.068694899999997
      ],
      [
       -63.127590299999994,
       18.068209099999997
      ],
      [
       -63.1262559,
       18.068184899999995
      ],
      [
       -63.122876299999994,
       18.069359199999997
      ],
      [
       -63.1221494,
       18.070012
      ],
      [
       -63.12228559999999,
       18.070328999999994
      ],
      [
       -63.121533,
       18.0706696
      ],
      [
       -63.1211802,
       18.0713616
      ],
      [
       -63.1213902,
       18.0716226
      ],
      [
       -63.1206853,
       18.071701399999995
      ],
      [
       -63.1203121,
       18.072138099999993
      ],
      [
       -63.120418199999996,
       18.0724972
      ],
      [
       -63.12004019999999,
       18.072849099999992
      ],
      [
       -63.11959160000001,
       18.072544
      ],
      [
       -63.118853,
       18.072501900000002
      ],
      [
       -63.11904270000001,
       18.072732700000003
      ],
      [
       -63.1188418,
       18.072977899999998
      ],
      [
       -63.11853940000001,
       18.0726368
      ],
      [
       -63.1165624,
       18.073616599999998
      ],
      [
       -63.115221500000004,
       18.074713599999995
      ],
      [
       -63.1151695,
       18.075955600000004
      ],
      [
       -63.1149995,
       18.076415599999997
      ],
      [
       -63.11461150000001,
       18.0765486
      ],
      [
       -63.114790500000005,
       18.076834599999998
      ],
      [
       -63.11467330000001,
       18.0770566
      ],
      [
       -63.114160600000005,
       18.0771903
      ],
      [
       -63.1140779,
       18.076957099999998
      ],
      [
       -63.11332860000001,
       18.077162699999995
      ],
      [
       -63.1130359,
       18.0769701
      ],
      [
       -63.112978,
       18.076460199999993
      ],
      [
       -63.1136302,
       18.0751732
      ],
      [
       -63.11420789999999,
       18.074690500000006
      ],
      [
       -63.1145487,
       18.074741899999992
      ],
      [
       -63.1145965,
       18.074468300000003
      ],
      [
       -63.1148369,
       18.074483
      ],
      [
       -63.1146835,
       18.074749000000004
      ],
      [
       -63.115006,
       18.0749103
      ],
      [
       -63.1163494,
       18.0734196
      ],
      [
       -63.11614610000001,
       18.073091099999996
      ],
      [
       -63.11540599999999,
       18.0733096
      ],
      [
       -63.1148689,
       18.074328
      ],
      [
       -63.114610600000006,
       18.0731243
      ],
      [
       -63.1136491,
       18.071920499999997
      ],
      [
       -63.11364900000001,
       18.0711488
      ],
      [
       -63.1141619,
       18.070674599999997
      ],
      [
       -63.1149619,
       18.0705525
      ],
      [
       -63.116052700000004,
       18.069915099999996
      ],
      [
       -63.11673270000001,
       18.0684603
      ],
      [
       -63.1163129,
       18.066931599999997
      ],
      [
       -63.114275799999994,
       18.06446319999999
      ],
      [
       -63.1097777,
       18.0618603
      ],
      [
       -63.10953229999999,
       18.0619126
      ],
      [
       -63.10657520000001,
       18.0605585
      ],
      [
       -63.10435759999999,
       18.060003200000004
      ],
      [
       -63.1007502,
       18.059855299999995
      ],
      [
       -63.0992614,
       18.060012199999996
      ],
      [
       -63.0975227,
       18.060469900000005
      ],
      [
       -63.0962855,
       18.0616002
      ],
      [
       -63.09308490000001,
       18.059576500000002
      ],
      [
       -63.093789400000006,
       18.058332800000002
      ],
      [
       -63.09436529999999,
       18.058326099999995
      ],
      [
       -63.0944759,
       18.0580642
      ],
      [
       -63.0948398,
       18.058381399999995
      ],
      [
       -63.09477210000001,
       18.0580582
      ],
      [
       -63.0951634,
       18.058262
      ],
      [
       -63.095615200000005,
       18.057692899999992
      ],
      [
       -63.0956954,
       18.057808999999995
      ],
      [
       -63.0969066,
       18.056935099999997
      ],
      [
       -63.0973743,
       18.0570241
      ],
      [
       -63.09865680000001,
       18.056610099999997
      ],
      [
       -63.099091400000006,
       18.0568877
      ],
      [
       -63.0997727,
       18.056244699999997
      ],
      [
       -63.100041600000004,
       18.056740600000005
      ],
      [
       -63.1004779,
       18.05682789999999
      ],
      [
       -63.1007736,
       18.056605499999996
      ],
      [
       -63.1025009,
       18.057413000000004
      ],
      [
       -63.10342870000001,
       18.057348800000003
      ],
      [
       -63.1039547,
       18.057749499999996
      ],
      [
       -63.1044916,
       18.0573505
      ],
      [
       -63.1060231,
       18.058085099999996
      ],
      [
       -63.106998999999995,
       18.0576661
      ],
      [
       -63.10818309999999,
       18.056599899999995
      ],
      [
       -63.1093163,
       18.056433899999995
      ],
      [
       -63.11002070000001,
       18.0572299
      ],
      [
       -63.1094551,
       18.057243
      ],
      [
       -63.1082343,
       18.058302899999997
      ],
      [
       -63.1082016,
       18.058788700000004
      ],
      [
       -63.1088939,
       18.0592674
      ],
      [
       -63.110053,
       18.059412799999997
      ],
      [
       -63.1113548,
       18.059890299999996
      ],
      [
       -63.1118157,
       18.060272000000005
      ],
      [
       -63.11296690000001,
       18.0605593
      ],
      [
       -63.11356500000001,
       18.061332299999997
      ],
      [
       -63.1148185,
       18.0619313
      ],
      [
       -63.11512,
       18.0624487
      ],
      [
       -63.1158792,
       18.0627637
      ],
      [
       -63.11758760000001,
       18.0643689
      ],
      [
       -63.11958800000001,
       18.0668241
      ],
      [
       -63.1204229,
       18.0673038
      ],
      [
       -63.121598199999994,
       18.0667492
      ],
      [
       -63.12299130000001,
       18.0655088
      ],
      [
       -63.12278700000001,
       18.0658429
      ],
      [
       -63.1234473,
       18.065844599999995
      ],
      [
       -63.12356609999999,
       18.0656727
      ],
      [
       -63.12348029999999,
       18.065496800000002
      ],
      [
       -63.12361700000001,
       18.065227199999992
      ],
      [
       -63.123543100000006,
       18.065466800000003
      ],
      [
       -63.12382900000001,
       18.0654533
      ],
      [
       -63.1246474,
       18.0646513
      ],
      [
       -63.12646989999999,
       18.063812399999996
      ],
      [
       -63.127586,
       18.061925799999997
      ],
      [
       -63.1280714,
       18.0618117
      ],
      [
       -63.1287876,
       18.062386399999994
      ],
      [
       -63.129115600000006,
       18.0623565
      ],
      [
       -63.12916090000001,
       18.062046899999995
      ],
      [
       -63.1281355,
       18.0616072
      ],
      [
       -63.12863300000001,
       18.0615331
      ],
      [
       -63.128559800000005,
       18.0612703
      ],
      [
       -63.128330600000005,
       18.0614027
      ],
      [
       -63.128179100000004,
       18.061264099999995
      ],
      [
       -63.12842750000001,
       18.060732000000005
      ],
      [
       -63.1281963,
       18.06045539999999
      ],
      [
       -63.1288938,
       18.059710000000003
      ],
      [
       -63.130441700000006,
       18.05904509999999
      ],
      [
       -63.13078539999999,
       18.0586089
      ],
      [
       -63.13054269999999,
       18.0590835
      ],
      [
       -63.1307775,
       18.0591795
      ],
      [
       -63.1318069,
       18.059065599999997
      ],
      [
       -63.1323906,
       18.0592796
      ],
      [
       -63.13265260000001,
       18.059125399999996
      ],
      [
       -63.13316519999999,
       18.0578626
      ],
      [
       -63.1330472,
       18.0545243
      ],
      [
       -63.1337778,
       18.053143000000002
      ],
      [
       -63.1339762,
       18.053425
      ],
      [
       -63.134865600000005,
       18.053354399999996
      ],
      [
       -63.1347735,
       18.0527591
      ],
      [
       -63.1340244,
       18.0528611
      ],
      [
       -63.1340188,
       18.052388000000004
      ],
      [
       -63.1329738,
       18.05210009999999
      ],
      [
       -63.1320109,
       18.052870099999996
      ],
      [
       -63.130422700000004,
       18.053284300000005
      ],
      [
       -63.12938470000001,
       18.053036900000002
      ],
      [
       -63.1274151,
       18.053172
      ],
      [
       -63.126091200000005,
       18.052651599999997
      ],
      [
       -63.12634309999999,
       18.0524319
      ],
      [
       -63.125854200000006,
       18.0516041
      ],
      [
       -63.1242194,
       18.0506634
      ],
      [
       -63.12504620000001,
       18.0498856
      ],
      [
       -63.124887,
       18.049070700000005
      ],
      [
       -63.1253043,
       18.048409999999993
      ],
      [
       -63.124793000000004,
       18.048548
      ],
      [
       -63.1245071,
       18.049207899999995
      ],
      [
       -63.12307340000001,
       18.048878200000004
      ],
      [
       -63.122872699999995,
       18.0491387
      ],
      [
       -63.1229299,
       18.049624799999997
      ],
      [
       -63.122490000000006,
       18.050042400000002
      ],
      [
       -63.1222712,
       18.0501805
      ],
      [
       -63.121769199999996,
       18.049942299999998
      ],
      [
       -63.12171020000001,
       18.049578299999997
      ],
      [
       -63.1220059,
       18.049127800000008
      ],
      [
       -63.122744899999994,
       18.049084799999996
      ],
      [
       -63.1229655,
       18.048846399999995
      ],
      [
       -63.12245250000001,
       18.046705399999997
      ],
      [
       -63.1230556,
       18.046322000000004
      ],
      [
       -63.12302510000001,
       18.045620300000003
      ],
      [
       -63.122905100000004,
       18.045459599999997
      ],
      [
       -63.12122900000001,
       18.0454768
      ],
      [
       -63.119895,
       18.0448068
      ],
      [
       -63.1191258,
       18.045000799999997
      ],
      [
       -63.118876400000005,
       18.045295100000004
      ],
      [
       -63.1187036,
       18.0452564
      ],
      [
       -63.11897640000001,
       18.04514979999999
      ],
      [
       -63.118831500000006,
       18.045046499999998
      ],
      [
       -63.1184627,
       18.045204599999998
      ],
      [
       -63.11702910000001,
       18.0469158
      ],
      [
       -63.118654500000005,
       18.0473863
      ],
      [
       -63.1193592,
       18.046739899999995
      ],
      [
       -63.120469,
       18.047050999999993
      ],
      [
       -63.1203952,
       18.0476222
      ],
      [
       -63.12053569999999,
       18.0481256
      ],
      [
       -63.1207882,
       18.0482458
      ],
      [
       -63.120467700000006,
       18.0486627
      ],
      [
       -63.1205656,
       18.049921299999998
      ],
      [
       -63.1216023,
       18.0508889
      ],
      [
       -63.121867800000004,
       18.051321299999994
      ],
      [
       -63.12164980000001,
       18.0516331
      ],
      [
       -63.1227433,
       18.051553199999994
      ],
      [
       -63.12350330000001,
       18.0510663
      ],
      [
       -63.1237742,
       18.051121799999997
      ],
      [
       -63.1236825,
       18.051572399999998
      ],
      [
       -63.12299300000001,
       18.0522443
      ],
      [
       -63.1215696,
       18.052569
      ],
      [
       -63.120508,
       18.0523683
      ],
      [
       -63.1203815,
       18.052580500000005
      ],
      [
       -63.120401699999995,
       18.052294599999996
      ],
      [
       -63.11985839999999,
       18.052208799999992
      ],
      [
       -63.1185088,
       18.052608599999996
      ],
      [
       -63.117501,
       18.052444099999995
      ],
      [
       -63.1158704,
       18.0517804
      ],
      [
       -63.11520889999999,
       18.051074899999996
      ],
      [
       -63.115040300000004,
       18.048529500000004
      ],
      [
       -63.112519299999995,
       18.0460183
      ],
      [
       -63.1115308,
       18.046225000000003
      ],
      [
       -63.1112564,
       18.046026999999995
      ],
      [
       -63.1108687,
       18.043200299999995
      ],
      [
       -63.108769599999995,
       18.0432521
      ],
      [
       -63.108281000000005,
       18.042859600000003
      ],
      [
       -63.10755799999999,
       18.042744200000005
      ],
      [
       -63.1047338,
       18.042847500000004
      ],
      [
       -63.10430130000001,
       18.043082099999996
      ],
      [
       -63.10179719999999,
       18.043475100000002
      ],
      [
       -63.10178200000001,
       18.0436406
      ],
      [
       -63.100573100000005,
       18.0435707
      ],
      [
       -63.10030080000001,
       18.043297300000003
      ],
      [
       -63.0996309,
       18.0433608
      ],
      [
       -63.0998804,
       18.043814699999995
      ],
      [
       -63.09983080000001,
       18.0442457
      ],
      [
       -63.0992621,
       18.044931699999996
      ],
      [
       -63.099136099999996,
       18.0448476
      ],
      [
       -63.09952229999999,
       18.044143699999996
      ],
      [
       -63.09922490000001,
       18.043516
      ],
      [
       -63.0979803,
       18.043717099999995
      ],
      [
       -63.0974168,
       18.0445913
      ],
      [
       -63.09642839999999,
       18.0447
      ],
      [
       -63.096153400000006,
       18.044043600000002
      ],
      [
       -63.096547799999996,
       18.043614399999992
      ],
      [
       -63.0963026,
       18.0414324
      ],
      [
       -63.0972367,
       18.0411965
      ],
      [
       -63.09709329999999,
       18.0410375
      ],
      [
       -63.097345600000004,
       18.0409733
      ],
      [
       -63.095824900000004,
       18.038858099999995
      ],
      [
       -63.094712099999995,
       18.0380336
      ],
      [
       -63.0939483,
       18.036168300000003
      ],
      [
       -63.0957624,
       18.035385
      ],
      [
       -63.095966,
       18.035783
      ],
      [
       -63.095460800000005,
       18.0360648
      ],
      [
       -63.09603010000001,
       18.0369657
      ],
      [
       -63.0987646,
       18.0388377
      ],
      [
       -63.100933100000006,
       18.0397941
      ],
      [
       -63.105806699999995,
       18.0402787
      ],
      [
       -63.109453200000004,
       18.039977699999998
      ],
      [
       -63.1130017,
       18.039180700000003
      ],
      [
       -63.113979400000005,
       18.0388288
      ],
      [
       -63.1144005,
       18.0384513
      ],
      [
       -63.1141962,
       18.037752099999995
      ],
      [
       -63.1148201,
       18.036620699999997
      ],
      [
       -63.11497570000001,
       18.035195400000003
      ],
      [
       -63.1153323,
       18.034869099999998
      ],
      [
       -63.1147553,
       18.034031799999998
      ],
      [
       -63.1149541,
       18.033852
      ],
      [
       -63.11488630000001,
       18.033148199999992
      ],
      [
       -63.115044000000005,
       18.032862799999997
      ],
      [
       -63.1151209,
       18.033158899999997
      ],
      [
       -63.11529420000001,
       18.0330915
      ],
      [
       -63.1150938,
       18.032614900000002
      ],
      [
       -63.11523660000001,
       18.0323843
      ],
      [
       -63.1155319,
       18.0326967
      ],
      [
       -63.1159017,
       18.032381700000002
      ],
      [
       -63.115760200000004,
       18.032981099999997
      ],
      [
       -63.11595,
       18.033626300000005
      ],
      [
       -63.1156444,
       18.0353411
      ],
      [
       -63.1159326,
       18.0358331
      ],
      [
       -63.11756930000001,
       18.03689509999999
      ],
      [
       -63.118556,
       18.036879000000003
      ],
      [
       -63.1188568,
       18.036623599999995
      ],
      [
       -63.1193029,
       18.0367129
      ],
      [
       -63.119772999999995,
       18.036509200000005
      ],
      [
       -63.12058300000001,
       18.0365755
      ],
      [
       -63.120524,
       18.0371188
      ],
      [
       -63.120043800000005,
       18.0375501
      ],
      [
       -63.1205498,
       18.0377627
      ],
      [
       -63.1203525,
       18.0387921
      ],
      [
       -63.12059970000001,
       18.0395651
      ],
      [
       -63.12122229999999,
       18.0403705
      ],
      [
       -63.1219437,
       18.040717899999997
      ],
      [
       -63.1231237,
       18.0403305
      ],
      [
       -63.1243354,
       18.0404597
      ],
      [
       -63.124252,
       18.0408779
      ],
      [
       -63.1247994,
       18.0411972
      ],
      [
       -63.12472520000001,
       18.041635399999997
      ],
      [
       -63.124996,
       18.041723699999995
      ],
      [
       -63.1248879,
       18.041933799999992
      ],
      [
       -63.1251924,
       18.0420805
      ],
      [
       -63.1251991,
       18.042449
      ],
      [
       -63.1256336,
       18.042508900000005
      ],
      [
       -63.125683200000005,
       18.0426849
      ],
      [
       -63.12542440000001,
       18.0427601
      ],
      [
       -63.12595540000001,
       18.043333800000003
      ],
      [
       -63.12607440000001,
       18.043752399999995
      ],
      [
       -63.12584940000001,
       18.0437334
      ],
      [
       -63.1262103,
       18.0438644
      ],
      [
       -63.1258931,
       18.044192800000005
      ],
      [
       -63.12519710000001,
       18.044144299999996
      ],
      [
       -63.12535630000001,
       18.044967
      ],
      [
       -63.12655629999999,
       18.046292299999998
      ],
      [
       -63.127777800000004,
       18.0469076
      ],
      [
       -63.1281828,
       18.0468069
      ],
      [
       -63.1293503,
       18.0475227
      ],
      [
       -63.130329800000005,
       18.048646500000004
      ],
      [
       -63.1310113,
       18.048909199999997
      ],
      [
       -63.13393250000001,
       18.0496942
      ],
      [
       -63.134733000000004,
       18.049792000000004
      ],
      [
       -63.1351246,
       18.0494641
      ],
      [
       -63.13520299999999,
       18.0497479
      ],
      [
       -63.135712100000006,
       18.050071200000005
      ],
      [
       -63.1356277,
       18.050348099999997
      ],
      [
       -63.13653910000001,
       18.05081579999999
      ],
      [
       -63.1377046,
       18.0526023
      ],
      [
       -63.13991390000001,
       18.0531585
      ],
      [
       -63.14014840000001,
       18.0535859
      ],
      [
       -63.1399995,
       18.054027099999995
      ],
      [
       -63.1396347,
       18.0544772
      ],
      [
       -63.13899469999999,
       18.054759799999996
      ],
      [
       -63.1391854,
       18.055510600000005
      ],
      [
       -63.140048500000006,
       18.0566917
      ],
      [
       -63.1414933,
       18.057751599999992
      ],
      [
       -63.1461067,
       18.0598934
      ],
      [
       -63.148355300000006,
       18.0606627
      ],
      [
       -63.152492900000006,
       18.061402700000002
      ],
      [
       -63.153327600000004,
       18.062367
      ]
     ]
    ]
   }
  },
  {
   "type": "Feature",
   "id": "ring_2",
   "properties": {
    "name": "islet or second ring",
    "area_m2": 1209234
   },
   "geometry": {
    "type": "Polygon",
    "coordinates": [
     [
      [
       -62.9776267,
       18.124786500000003
      ],
      [
       -62.977701800000006,
       18.1248961
      ],
      [
       -62.9776901,
       18.125010900000003
      ],
      [
       -62.9775628,
       18.1249807
      ],
      [
       -62.9773657,
       18.125047999999996
      ],
      [
       -62.9771938,
       18.1250712
      ],
      [
       -62.977114,
       18.125014
      ],
      [
       -62.9770639,
       18.124936699999996
      ],
      [
       -62.976868200000006,
       18.1247608
      ],
      [
       -62.9767714,
       18.124842199999993
      ],
      [
       -62.9767166,
       18.124994699999995
      ],
      [
       -62.976586,
       18.124977800000003
      ],
      [
       -62.976491800000005,
       18.125058599999996
      ],
      [
       -62.9763812,
       18.125121799999995
      ],
      [
       -62.97617900000001,
       18.1250612
      ],
      [
       -62.9760795,
       18.124949499999996
      ],
      [
       -62.97609069999999,
       18.124764899999995
      ],
      [
       -62.97592220000001,
       18.1248049
      ],
      [
       -62.9755288,
       18.124857299999995
      ],
      [
       -62.9752567,
       18.1248866
      ],
      [
       -62.9752009,
       18.1247483
      ],
      [
       -62.97499139999999,
       18.1243785
      ],
      [
       -62.9749372,
       18.124431799999993
      ],
      [
       -62.974890300000006,
       18.1244522
      ],
      [
       -62.9748665,
       18.1244555
      ],
      [
       -62.9748307,
       18.124498099999997
      ],
      [
       -62.9748242,
       18.124532000000002
      ],
      [
       -62.9747795,
       18.1245418
      ],
      [
       -62.97473159999999,
       18.124537
      ],
      [
       -62.97469000000001,
       18.124548699999995
      ],
      [
       -62.97460190000001,
       18.1246244
      ],
      [
       -62.974483600000006,
       18.124679099999994
      ],
      [
       -62.97442730000001,
       18.1247182
      ],
      [
       -62.9742838,
       18.124752
      ],
      [
       -62.9741703,
       18.1247791
      ],
      [
       -62.97408740000001,
       18.124787099999995
      ],
      [
       -62.9739894,
       18.124786299999997
      ],
      [
       -62.973945,
       18.1248018
      ],
      [
       -62.9738682,
       18.124880199999996
      ],
      [
       -62.97379269999999,
       18.1249426
      ],
      [
       -62.97374000000001,
       18.1250005
      ],
      [
       -62.9736657,
       18.1250355
      ],
      [
       -62.97362689999999,
       18.1250931
      ],
      [
       -62.9736029,
       18.125123199999997
      ],
      [
       -62.9735012,
       18.125143099999995
      ],
      [
       -62.9734774,
       18.125114099999998
      ],
      [
       -62.973477900000006,
       18.1250803
      ],
      [
       -62.97341790000001,
       18.125066699999998
      ],
      [
       -62.9734,
       18.125053499999996
      ],
      [
       -62.9733821,
       18.125019999999996
      ],
      [
       -62.9733353,
       18.124991300000005
      ],
      [
       -62.97325459999999,
       18.1248847
      ],
      [
       -62.9732147,
       18.1248855
      ],
      [
       -62.973194400000004,
       18.124885899999995
      ],
      [
       -62.9731595,
       18.124886699999998
      ],
      [
       -62.973103800000004,
       18.124871800000005
      ],
      [
       -62.97303539999999,
       18.124843
      ],
      [
       -62.97303970000001,
       18.124824899999997
      ],
      [
       -62.972841,
       18.1247959
      ],
      [
       -62.972681200000004,
       18.124769500000003
      ],
      [
       -62.9724853,
       18.1247323
      ],
      [
       -62.9723332,
       18.1247381
      ],
      [
       -62.97213630000001,
       18.124760700000003
      ],
      [
       -62.9720829,
       18.124817699999994
      ],
      [
       -62.9720212,
       18.1248991
      ],
      [
       -62.97191190000001,
       18.124932500000003
      ],
      [
       -62.9718853,
       18.124905199999997
      ],
      [
       -62.9718901,
       18.124862
      ],
      [
       -62.9718738,
       18.1248559
      ],
      [
       -62.971856900000006,
       18.124903799999995
      ],
      [
       -62.97182310000001,
       18.1249501
      ],
      [
       -62.97176520000001,
       18.1249678
      ],
      [
       -62.9716027,
       18.124971400000003
      ],
      [
       -62.97158040000001,
       18.125003400000004
      ],
      [
       -62.9715433,
       18.125015499999996
      ],
      [
       -62.97151410000001,
       18.1250435
      ],
      [
       -62.971489500000004,
       18.125033499999997
      ],
      [
       -62.9714759,
       18.125076799999995
      ],
      [
       -62.9714516,
       18.1251015
      ],
      [
       -62.97140520000001,
       18.125090599999996
      ],
      [
       -62.9713172,
       18.1250651
      ],
      [
       -62.9712487,
       18.1250742
      ],
      [
       -62.9711917,
       18.125110999999997
      ],
      [
       -62.9710955,
       18.125089099999997
      ],
      [
       -62.97104950000001,
       18.1250543
      ],
      [
       -62.97102580000001,
       18.125073499999996
      ],
      [
       -62.9709723,
       18.125164100000003
      ],
      [
       -62.970813400000004,
       18.125183099999997
      ],
      [
       -62.970758200000006,
       18.125194399999998
      ],
      [
       -62.9707101,
       18.1252028
      ],
      [
       -62.9705885,
       18.125201100000005
      ],
      [
       -62.97051770000001,
       18.125180199999996
      ],
      [
       -62.9704204,
       18.1251881
      ],
      [
       -62.970337900000004,
       18.1251514
      ],
      [
       -62.9703547,
       18.125103799999998
      ],
      [
       -62.9703795,
       18.125070299999997
      ],
      [
       -62.97052430000001,
       18.125141399999993
      ],
      [
       -62.9705838,
       18.125083299999993
      ],
      [
       -62.9706872,
       18.125080199999996
      ],
      [
       -62.9707221,
       18.125019799999993
      ],
      [
       -62.9707986,
       18.1250218
      ],
      [
       -62.97087239999999,
       18.124954999999996
      ],
      [
       -62.970922800000004,
       18.124953699999995
      ],
      [
       -62.9709671,
       18.1249139
      ],
      [
       -62.971058,
       18.124926199999997
      ],
      [
       -62.9711204,
       18.124929
      ],
      [
       -62.9711783,
       18.124898299999998
      ],
      [
       -62.97122279999999,
       18.1248777
      ],
      [
       -62.9711616,
       18.124828099999995
      ],
      [
       -62.97112619999999,
       18.124758
      ],
      [
       -62.971181400000006,
       18.124772599999996
      ],
      [
       -62.97128500000001,
       18.124840799999998
      ],
      [
       -62.9714009,
       18.124836399999992
      ],
      [
       -62.9713643,
       18.124768199999995
      ],
      [
       -62.9713847,
       18.1247477
      ],
      [
       -62.9715002,
       18.124817200000003
      ],
      [
       -62.9715547,
       18.124772699999998
      ],
      [
       -62.971647,
       18.124700899999997
      ],
      [
       -62.9717614,
       18.124733
      ],
      [
       -62.9718298,
       18.1247756
      ],
      [
       -62.971867700000004,
       18.1247674
      ],
      [
       -62.9718596,
       18.1247507
      ],
      [
       -62.9718175,
       18.1246891
      ],
      [
       -62.971817300000005,
       18.124645600000004
      ],
      [
       -62.9718679,
       18.1246446
      ],
      [
       -62.97188580000001,
       18.1246001
      ],
      [
       -62.97185850000001,
       18.124536099999997
      ],
      [
       -62.971833,
       18.1245018
      ],
      [
       -62.97190839999999,
       18.124521399999992
      ],
      [
       -62.971927,
       18.124486899999997
      ],
      [
       -62.971905,
       18.124427499999992
      ],
      [
       -62.9718592,
       18.124403399999995
      ],
      [
       -62.9717613,
       18.124380299999995
      ],
      [
       -62.9716612,
       18.1243477
      ],
      [
       -62.9717264,
       18.124215600000003
      ],
      [
       -62.9718815,
       18.124109299999997
      ],
      [
       -62.972018600000006,
       18.124113600000005
      ],
      [
       -62.97207950000001,
       18.124181599999996
      ],
      [
       -62.972242,
       18.1241706
      ],
      [
       -62.972311600000005,
       18.1241334
      ],
      [
       -62.97238959999999,
       18.1241285
      ],
      [
       -62.9724606,
       18.124053699999997
      ],
      [
       -62.972512900000005,
       18.1240495
      ],
      [
       -62.97261760000001,
       18.123971299999997
      ],
      [
       -62.9726711,
       18.1239912
      ],
      [
       -62.9727737,
       18.123909299999998
      ],
      [
       -62.972864,
       18.123908699999998
      ],
      [
       -62.97289049999999,
       18.123820699999996
      ],
      [
       -62.9730109,
       18.1238027
      ],
      [
       -62.97304960000001,
       18.123774000000004
      ],
      [
       -62.97308159999999,
       18.123727499999994
      ],
      [
       -62.973118199999995,
       18.123567199999993
      ],
      [
       -62.973197400000004,
       18.1234732
      ],
      [
       -62.973253799999995,
       18.1234576
      ],
      [
       -62.97325819999999,
       18.123416
      ],
      [
       -62.9732827,
       18.1233961
      ],
      [
       -62.9733993,
       18.1234304
      ],
      [
       -62.973483800000004,
       18.123437899999995
      ],
      [
       -62.9734972,
       18.123374199999997
      ],
      [
       -62.97358260000001,
       18.123379999999997
      ],
      [
       -62.9736214,
       18.123315499999997
      ],
      [
       -62.9736427,
       18.123271
      ],
      [
       -62.9736716,
       18.1232261
      ],
      [
       -62.973638900000005,
       18.1231725
      ],
      [
       -62.9735746,
       18.1231264
      ],
      [
       -62.97353460000001,
       18.1230666
      ],
      [
       -62.973466,
       18.123028099999996
      ],
      [
       -62.9734207,
       18.123008099999996
      ],
      [
       -62.973430500000006,
       18.122967000000003
      ],
      [
       -62.97351090000001,
       18.122955899999997
      ],
      [
       -62.97355819999999,
       18.1229537
      ],
      [
       -62.973575000000004,
       18.122896000000004
      ],
      [
       -62.9736001,
       18.12286
      ],
      [
       -62.9736052,
       18.122796199999996
      ],
      [
       -62.9736709,
       18.1227792
      ],
      [
       -62.9737525,
       18.1228488
      ],
      [
       -62.97379509999999,
       18.1228244
      ],
      [
       -62.97382340000001,
       18.122835
      ],
      [
       -62.973874699999996,
       18.122805899999996
      ],
      [
       -62.97390639999999,
       18.122783200000004
      ],
      [
       -62.9739067,
       18.122740099999998
      ],
      [
       -62.9738731,
       18.1226828
      ],
      [
       -62.973836000000006,
       18.1226979
      ],
      [
       -62.9738113,
       18.122694399999997
      ],
      [
       -62.9738263,
       18.12259269999999
      ],
      [
       -62.97386379999999,
       18.122591200000002
      ],
      [
       -62.9738938,
       18.1226391
      ],
      [
       -62.973936200000004,
       18.122686999999996
      ],
      [
       -62.9740086,
       18.1226869
      ],
      [
       -62.97411110000001,
       18.122710399999995
      ],
      [
       -62.974201599999994,
       18.122641000000005
      ],
      [
       -62.9742458,
       18.122552600000002
      ],
      [
       -62.974287700000005,
       18.122484500000002
      ],
      [
       -62.9742542,
       18.122431099999996
      ],
      [
       -62.9742441,
       18.1223126
      ],
      [
       -62.9741433,
       18.1223215
      ],
      [
       -62.97407090000001,
       18.1222435
      ],
      [
       -62.9740908,
       18.122162600000003
      ],
      [
       -62.9741136,
       18.122158399999996
      ],
      [
       -62.974161,
       18.1221836
      ],
      [
       -62.974217200000005,
       18.122138699999997
      ],
      [
       -62.9742594,
       18.1220146
      ],
      [
       -62.9741337,
       18.121967299999998
      ],
      [
       -62.9740143,
       18.1219615
      ],
      [
       -62.97390879999999,
       18.121911700000002
      ],
      [
       -62.97364170000001,
       18.121923800000005
      ],
      [
       -62.9735431,
       18.121765100000005
      ],
      [
       -62.9734468,
       18.121772899999996
      ],
      [
       -62.9732998,
       18.121604500000004
      ],
      [
       -62.97301589999999,
       18.121608699999996
      ],
      [
       -62.972966400000004,
       18.12156879999999
      ],
      [
       -62.97287800000001,
       18.121575900000003
      ],
      [
       -62.972755600000006,
       18.1215214
      ],
      [
       -62.972713600000006,
       18.12145
      ],
      [
       -62.97268919999999,
       18.1213904
      ],
      [
       -62.9725256,
       18.121351299999994
      ],
      [
       -62.9724267,
       18.121350999999997
      ],
      [
       -62.9723384,
       18.1213726
      ],
      [
       -62.9721793,
       18.121350699999997
      ],
      [
       -62.972184,
       18.1212741
      ],
      [
       -62.97222090000001,
       18.1212
      ],
      [
       -62.9722464,
       18.1211437
      ],
      [
       -62.97229310000001,
       18.121112999999994
      ],
      [
       -62.9725503,
       18.121215499999998
      ],
      [
       -62.97257320000001,
       18.1211476
      ],
      [
       -62.972535099999995,
       18.1210516
      ],
      [
       -62.97242270000001,
       18.1209791
      ],
      [
       -62.972333500000005,
       18.121013500000004
      ],
      [
       -62.9723079,
       18.1209922
      ],
      [
       -62.972256,
       18.1210076
      ],
      [
       -62.972060600000006,
       18.120980299999992
      ],
      [
       -62.9720362,
       18.1209416
      ],
      [
       -62.972014099999996,
       18.1209051
      ],
      [
       -62.971995199999995,
       18.1208442
      ],
      [
       -62.97213680000001,
       18.1207756
      ],
      [
       -62.972213599999996,
       18.120785399999995
      ],
      [
       -62.97226179999999,
       18.120828899999996
      ],
      [
       -62.9723059,
       18.1208222
      ],
      [
       -62.972383900000004,
       18.1208377
      ],
      [
       -62.9723579,
       18.120747700000003
      ],
      [
       -62.9723241,
       18.120697099999997
      ],
      [
       -62.97237350000001,
       18.1205843
      ],
      [
       -62.9724537,
       18.120538700000004
      ],
      [
       -62.9724531,
       18.1204508
      ],
      [
       -62.97219770000001,
       18.120449600000004
      ],
      [
       -62.9721498,
       18.120399499999998
      ],
      [
       -62.97211190000001,
       18.120302299999995
      ],
      [
       -62.9720109,
       18.120267299999995
      ],
      [
       -62.9719099,
       18.120386
      ],
      [
       -62.9717506,
       18.120497999999994
      ],
      [
       -62.9714725,
       18.120570299999997
      ],
      [
       -62.97134770000001,
       18.120556300000004
      ],
      [
       -62.9712377,
       18.120512
      ],
      [
       -62.97111580000001,
       18.120512099999996
      ],
      [
       -62.9708909,
       18.120554
      ],
      [
       -62.970843,
       18.120520099999997
      ],
      [
       -62.970874300000006,
       18.1204945
      ],
      [
       -62.97097900000001,
       18.120436699999996
      ],
      [
       -62.97106229999999,
       18.120410400000004
      ],
      [
       -62.9711198,
       18.120403999999997
      ],
      [
       -62.9711763,
       18.120430500000005
      ],
      [
       -62.971245,
       18.1204215
      ],
      [
       -62.971388100000006,
       18.120386
      ],
      [
       -62.9714302,
       18.12033069999999
      ],
      [
       -62.97139630000001,
       18.120301
      ],
      [
       -62.9713544,
       18.1202946
      ],
      [
       -62.971183200000006,
       18.120240599999995
      ],
      [
       -62.9709692,
       18.120210400000005
      ],
      [
       -62.97091030000001,
       18.1200989
      ],
      [
       -62.97092500000001,
       18.120067999999996
      ],
      [
       -62.97102149999999,
       18.1199971
      ],
      [
       -62.9711444,
       18.119903899999997
      ],
      [
       -62.97137970000001,
       18.119687599999995
      ],
      [
       -62.97155,
       18.1196359
      ],
      [
       -62.9718495,
       18.119711799999994
      ],
      [
       -62.9719229,
       18.1197147
      ],
      [
       -62.9719905,
       18.119621899999995
      ],
      [
       -62.9719803,
       18.119556
      ],
      [
       -62.9719882,
       18.1194554
      ],
      [
       -62.9719665,
       18.1194034
      ],
      [
       -62.9719147,
       18.1193548
      ],
      [
       -62.97202260000001,
       18.119271400000002
      ],
      [
       -62.9720875,
       18.1191294
      ],
      [
       -62.972341300000004,
       18.119003499999998
      ],
      [
       -62.97260279999999,
       18.119
      ],
      [
       -62.9726819,
       18.1189176
      ],
      [
       -62.9727503,
       18.118829100000003
      ],
      [
       -62.97281699999999,
       18.118754199999998
      ],
      [
       -62.9729286,
       18.118607299999997
      ],
      [
       -62.973093600000006,
       18.118583099999995
      ],
      [
       -62.97317290000001,
       18.1184436
      ],
      [
       -62.9730215,
       18.1183882
      ],
      [
       -62.973021900000006,
       18.1183616
      ],
      [
       -62.973184200000006,
       18.1181003
      ],
      [
       -62.9733508,
       18.1180352
      ],
      [
       -62.9734528,
       18.118032900000003
      ],
      [
       -62.9734502,
       18.1179593
      ],
      [
       -62.973367200000006,
       18.117784000000004
      ],
      [
       -62.9733985,
       18.1176713
      ],
      [
       -62.97347820000001,
       18.1176096
      ],
      [
       -62.97358200000001,
       18.117579500000005
      ],
      [
       -62.9737153,
       18.117521399999994
      ],
      [
       -62.97393069999999,
       18.1175268
      ],
      [
       -62.9739291,
       18.1174161
      ],
      [
       -62.9739873,
       18.117363199999993
      ],
      [
       -62.9739462,
       18.1172467
      ],
      [
       -62.97365280000001,
       18.117313599999996
      ],
      [
       -62.9735829,
       18.117271299999995
      ],
      [
       -62.9735908,
       18.117178500000005
      ],
      [
       -62.97365310000001,
       18.117128300000005
      ],
      [
       -62.97374000000001,
       18.117078099999993
      ],
      [
       -62.973781,
       18.116968300000003
      ],
      [
       -62.9737573,
       18.1168819
      ],
      [
       -62.9737869,
       18.1167311
      ],
      [
       -62.97399920000001,
       18.116780999999996
      ],
      [
       -62.9741779,
       18.1168661
      ],
      [
       -62.974194700000005,
       18.1169595
      ],
      [
       -62.9741903,
       18.117041099999998
      ],
      [
       -62.97429,
       18.1171406
      ],
      [
       -62.9743247,
       18.11715489999999
      ],
      [
       -62.97436400000001,
       18.1171247
      ],
      [
       -62.9743481,
       18.117060899999995
      ],
      [
       -62.9743499,
       18.1170038
      ],
      [
       -62.9743709,
       18.117002700000004
      ],
      [
       -62.97442730000001,
       18.117112499999998
      ],
      [
       -62.9744334,
       18.117066499999993
      ],
      [
       -62.974448800000005,
       18.117052799999996
      ],
      [
       -62.9744288,
       18.1170121
      ],
      [
       -62.9744357,
       18.116972300000004
      ],
      [
       -62.974511500000006,
       18.1169629
      ],
      [
       -62.974541800000004,
       18.117056099999996
      ],
      [
       -62.9746092,
       18.117046699999996
      ],
      [
       -62.97459370000001,
       18.117138999999998
      ],
      [
       -62.97478949999999,
       18.1173308
      ],
      [
       -62.9749988,
       18.1173544
      ],
      [
       -62.975245199999996,
       18.1173165
      ],
      [
       -62.975295900000006,
       18.117296999999997
      ],
      [
       -62.975413700000004,
       18.117175499999995
      ],
      [
       -62.97548269999999,
       18.117191599999998
      ],
      [
       -62.9756259,
       18.117318199999996
      ],
      [
       -62.9758171,
       18.117325400000002
      ],
      [
       -62.9759928,
       18.117285799999998
      ],
      [
       -62.97627440000001,
       18.1171916
      ],
      [
       -62.9764161,
       18.1172473
      ],
      [
       -62.97654179999999,
       18.1172545
      ],
      [
       -62.976720300000004,
       18.117221599999997
      ],
      [
       -62.9768803,
       18.1171594
      ],
      [
       -62.9771009,
       18.117049299999998
      ],
      [
       -62.977435699999994,
       18.1169793
      ],
      [
       -62.97771819999999,
       18.1168449
      ],
      [
       -62.9781731,
       18.1166522
      ],
      [
       -62.97849670000001,
       18.116516599999997
      ],
      [
       -62.9786822,
       18.116438099999996
      ],
      [
       -62.97945570000001,
       18.116257999999995
      ],
      [
       -62.980133200000004,
       18.1161889
      ],
      [
       -62.9806738,
       18.116155499999998
      ],
      [
       -62.9807838,
       18.1161325
      ],
      [
       -62.98087999999999,
       18.116091899999994
      ],
      [
       -62.9810761,
       18.115991700000006
      ],
      [
       -62.981223799999995,
       18.115930999999993
      ],
      [
       -62.98138550000001,
       18.11587919999999
      ],
      [
       -62.9818956,
       18.115772399999997
      ],
      [
       -62.9821443,
       18.1157342
      ],
      [
       -62.98237780000001,
       18.115675
      ],
      [
       -62.9827375,
       18.1155941
      ],
      [
       -62.9829709,
       18.115603899999993
      ],
      [
       -62.9832773,
       18.115707999999998
      ],
      [
       -62.983539099999994,
       18.115731499999995
      ],
      [
       -62.9838044,
       18.115736
      ],
      [
       -62.983944,
       18.1158022
      ],
      [
       -62.9841359,
       18.1157865
      ],
      [
       -62.98450369999999,
       18.115685200000005
      ],
      [
       -62.984577200000004,
       18.1155995
      ],
      [
       -62.984726,
       18.115597800000003
      ],
      [
       -62.984895800000004,
       18.115507300000004
      ],
      [
       -62.9851421,
       18.1153796
      ],
      [
       -62.985272200000004,
       18.1152332
      ],
      [
       -62.9853627,
       18.115082399999995
      ],
      [
       -62.9857694,
       18.1148452
      ],
      [
       -62.9863296,
       18.114474100000002
      ],
      [
       -62.98666149999999,
       18.114283799999995
      ],
      [
       -62.98663590000001,
       18.1141626
      ],
      [
       -62.986655899999995,
       18.1140949
      ],
      [
       -62.9868837,
       18.113808299999995
      ],
      [
       -62.9869105,
       18.1136636
      ],
      [
       -62.98698819999999,
       18.113641399999995
      ],
      [
       -62.9871437,
       18.1135069
      ],
      [
       -62.987353000000006,
       18.1133725
      ],
      [
       -62.98742860000001,
       18.113420699999992
      ],
      [
       -62.9875284,
       18.1134282
      ],
      [
       -62.98763410000001,
       18.113348900000002
      ],
      [
       -62.9878562,
       18.113338000000002
      ],
      [
       -62.9883957,
       18.1130988
      ],
      [
       -62.989261600000006,
       18.112611499999996
      ],
      [
       -62.9896549,
       18.1124864
      ],
      [
       -62.9897912,
       18.112568299999996
      ],
      [
       -62.9898165,
       18.112636099999996
      ],
      [
       -62.989823,
       18.112671599999995
      ],
      [
       -62.98987240000001,
       18.112704599999997
      ],
      [
       -62.98993110000001,
       18.112658500000002
      ],
      [
       -62.9899615,
       18.1126837
      ],
      [
       -62.989943700000005,
       18.112759900000004
      ],
      [
       -62.9899774,
       18.112831500000002
      ],
      [
       -62.9898631,
       18.112881799999997
      ],
      [
       -62.9897285,
       18.112897399999998
      ],
      [
       -62.989646699999994,
       18.11285339999999
      ],
      [
       -62.9895772,
       18.112847400000003
      ],
      [
       -62.9896331,
       18.1129369
      ],
      [
       -62.9897135,
       18.112976499999995
      ],
      [
       -62.989695899999994,
       18.113003099999997
      ],
      [
       -62.9896289,
       18.112991599999994
      ],
      [
       -62.9895896,
       18.113021099999997
      ],
      [
       -62.9895904,
       18.1130828
      ],
      [
       -62.989532,
       18.113112899999997
      ],
      [
       -62.98952620000001,
       18.113175999999996
      ],
      [
       -62.98947640000001,
       18.1132369
      ],
      [
       -62.9893683,
       18.113230799999997
      ],
      [
       -62.9892987,
       18.113328599999996
      ],
      [
       -62.98942600000001,
       18.113399099999995
      ],
      [
       -62.9894346,
       18.113475400000002
      ],
      [
       -62.9893767,
       18.113559200000005
      ],
      [
       -62.98931360000001,
       18.113621600000002
      ],
      [
       -62.9890887,
       18.1138031
      ],
      [
       -62.989019799999994,
       18.1139905
      ],
      [
       -62.9887225,
       18.1142333
      ],
      [
       -62.9885197,
       18.114366000000004
      ],
      [
       -62.9881541,
       18.1148337
      ],
      [
       -62.98813740000001,
       18.115025599999996
      ],
      [
       -62.988145,
       18.1152527
      ],
      [
       -62.98822830000001,
       18.115536099999996
      ],
      [
       -62.9882531,
       18.1157872
      ],
      [
       -62.98823370000001,
       18.115974100000003
      ],
      [
       -62.98819890000001,
       18.116122999999998
      ],
      [
       -62.988102000000005,
       18.1163655
      ],
      [
       -62.987951100000004,
       18.116769
      ],
      [
       -62.987827499999995,
       18.117141899999996
      ],
      [
       -62.98775530000001,
       18.1175401
      ],
      [
       -62.9877569,
       18.117776399999997
      ],
      [
       -62.987797500000006,
       18.118009400000002
      ],
      [
       -62.9879854,
       18.1181563
      ],
      [
       -62.9880482,
       18.1181892
      ],
      [
       -62.98810110000001,
       18.1182412
      ],
      [
       -62.9881228,
       18.118257400000005
      ],
      [
       -62.9882509,
       18.11834069999999
      ],
      [
       -62.98823490000001,
       18.1184095
      ],
      [
       -62.9881536,
       18.118650300000002
      ],
      [
       -62.98812600000001,
       18.1189145
      ],
      [
       -62.9880424,
       18.118943299999998
      ],
      [
       -62.9879546,
       18.119098800000003
      ],
      [
       -62.98767539999999,
       18.1194873
      ],
      [
       -62.987322400000004,
       18.119593999999992
      ],
      [
       -62.98727360000001,
       18.119601000000003
      ],
      [
       -62.9870883,
       18.1196276
      ],
      [
       -62.986792699999995,
       18.119669999999996
      ],
      [
       -62.985894,
       18.1198872
      ],
      [
       -62.98526960000001,
       18.120014600000005
      ],
      [
       -62.9848522,
       18.1199519
      ],
      [
       -62.98433250000001,
       18.120181800000005
      ],
      [
       -62.98432729999999,
       18.1203329
      ],
      [
       -62.98411540000001,
       18.120435099999998
      ],
      [
       -62.9838437,
       18.120512999999995
      ],
      [
       -62.983657900000004,
       18.120444299999996
      ],
      [
       -62.98336629999999,
       18.120466799999996
      ],
      [
       -62.9825753,
       18.1206776
      ],
      [
       -62.98170290000001,
       18.121133900000004
      ],
      [
       -62.98143759999999,
       18.1212765
      ],
      [
       -62.98136360000001,
       18.1214597
      ],
      [
       -62.9813143,
       18.1216664
      ],
      [
       -62.9810917,
       18.122068299999995
      ],
      [
       -62.980800800000004,
       18.122517600000002
      ],
      [
       -62.9807695,
       18.1228147
      ],
      [
       -62.98076280000001,
       18.1231265
      ],
      [
       -62.9809229,
       18.1232827
      ],
      [
       -62.98092450000001,
       18.123388
      ],
      [
       -62.98096530000001,
       18.1234436
      ],
      [
       -62.981070800000005,
       18.123499199999994
      ],
      [
       -62.981138599999994,
       18.1235942
      ],
      [
       -62.9812156,
       18.1236688
      ],
      [
       -62.9810135,
       18.1237564
      ],
      [
       -62.980919300000004,
       18.123877100000005
      ],
      [
       -62.9808814,
       18.123939
      ],
      [
       -62.9808805,
       18.1239979
      ],
      [
       -62.9810131,
       18.124267699999994
      ],
      [
       -62.981113400000005,
       18.1245477
      ],
      [
       -62.9807612,
       18.1244738
      ],
      [
       -62.98059409999999,
       18.1245371
      ],
      [
       -62.98043590000001,
       18.124663900000005
      ],
      [
       -62.9804356,
       18.124864700000003
      ],
      [
       -62.980398599999994,
       18.1249148
      ],
      [
       -62.9801504,
       18.124972599999996
      ],
      [
       -62.97997550000001,
       18.1249068
      ],
      [
       -62.979810699999994,
       18.124769599999997
      ],
      [
       -62.97975099999999,
       18.124445899999998
      ],
      [
       -62.9797542,
       18.1241998
      ],
      [
       -62.979751900000004,
       18.124129299999993
      ],
      [
       -62.9796797,
       18.124076999999996
      ],
      [
       -62.9795281,
       18.1240691
      ],
      [
       -62.979453500000005,
       18.124102299999997
      ],
      [
       -62.97921180000001,
       18.1242096
      ],
      [
       -62.978960900000004,
       18.124272
      ],
      [
       -62.978629,
       18.1241943
      ],
      [
       -62.9783459,
       18.1242363
      ],
      [
       -62.9780735,
       18.1243841
      ],
      [
       -62.97775730000001,
       18.1246866
      ],
      [
       -62.9776267,
       18.124786500000003
      ]
     ]
    ]
   }
  },
  {
   "type": "Feature",
   "id": "ring_3",
   "properties": {
    "name": "islet or second ring",
    "area_m2": 155648
   },
   "geometry": {
    "type": "Polygon",
    "coordinates": [
     [
      [
       -63.0170186,
       18.1056301
      ],
      [
       -63.0169974,
       18.105680399999997
      ],
      [
       -63.01696859999999,
       18.105724400000003
      ],
      [
       -63.0168915,
       18.105800199999997
      ],
      [
       -63.0167679,
       18.105937400000002
      ],
      [
       -63.0165882,
       18.106167400000004
      ],
      [
       -63.0165119,
       18.1062827
      ],
      [
       -63.0164637,
       18.106390399999995
      ],
      [
       -63.01640840000001,
       18.1066047
      ],
      [
       -63.0164248,
       18.106633199999997
      ],
      [
       -63.0164724,
       18.106708400000002
      ],
      [
       -63.016505200000005,
       18.106751099999993
      ],
      [
       -63.016550200000005,
       18.106795499999997
      ],
      [
       -63.0165837,
       18.106839099999995
      ],
      [
       -63.01659380000001,
       18.106892
      ],
      [
       -63.0166011,
       18.1069604
      ],
      [
       -63.0166665,
       18.107124799999998
      ],
      [
       -63.0167024,
       18.107270600000003
      ],
      [
       -63.01670510000001,
       18.107361700000002
      ],
      [
       -63.016693000000004,
       18.1074841
      ],
      [
       -63.0166546,
       18.107592199999996
      ],
      [
       -63.0166078,
       18.1076676
      ],
      [
       -63.01655349999999,
       18.1077521
      ],
      [
       -63.01650860000001,
       18.107777299999995
      ],
      [
       -63.016471,
       18.1078193
      ],
      [
       -63.0164254,
       18.1078907
      ],
      [
       -63.0164013,
       18.1079041
      ],
      [
       -63.0163906,
       18.1079449
      ],
      [
       -63.016373800000004,
       18.107972300000004
      ],
      [
       -63.0163255,
       18.1080067
      ],
      [
       -63.01629909999999,
       18.1080365
      ],
      [
       -63.0162652,
       18.108074299999995
      ],
      [
       -63.016263800000004,
       18.1081074
      ],
      [
       -63.016300099999995,
       18.108111199999996
      ],
      [
       -63.0162672,
       18.108157100000003
      ],
      [
       -63.0162631,
       18.108204400000005
      ],
      [
       -63.016231700000006,
       18.108238099999998
      ],
      [
       -63.0162048,
       18.1082565
      ],
      [
       -63.0161673,
       18.108264199999997
      ],
      [
       -63.016115000000006,
       18.1082604
      ],
      [
       -63.0160908,
       18.108288399999996
      ],
      [
       -63.01605990000001,
       18.10829229999999
      ],
      [
       -63.01604460000001,
       18.10824759999999
      ],
      [
       -63.0160117,
       18.108230399999997
      ],
      [
       -63.015979,
       18.108225999999995
      ],
      [
       -63.015949400000004,
       18.1081941
      ],
      [
       -63.01591249999999,
       18.1081903
      ],
      [
       -63.0158749,
       18.108183900000004
      ],
      [
       -63.015850400000005,
       18.108205699999992
      ],
      [
       -63.0158193,
       18.108176899999997
      ],
      [
       -63.0157992,
       18.1081692
      ],
      [
       -63.0157864,
       18.108187699999995
      ],
      [
       -63.0157717,
       18.108172400000004
      ],
      [
       -63.0157495,
       18.108127799999995
      ],
      [
       -63.015696600000005,
       18.108099099999993
      ],
      [
       -63.0156677,
       18.1080622
      ],
      [
       -63.0156667,
       18.108028300000004
      ],
      [
       -63.01569520000001,
       18.1079806
      ],
      [
       -63.0156778,
       18.107919800000005
      ],
      [
       -63.01561060000001,
       18.107864699999997
      ],
      [
       -63.0155215,
       18.1078372
      ],
      [
       -63.0154136,
       18.1078232
      ],
      [
       -63.015286200000006,
       18.1078244
      ],
      [
       -63.015064900000006,
       18.107790399999995
      ],
      [
       -63.01487109999999,
       18.107745999999995
      ],
      [
       -63.0145764,
       18.1076845
      ],
      [
       -63.014341400000006,
       18.107650400000004
      ],
      [
       -63.014137100000006,
       18.107630299999997
      ],
      [
       -63.0140188,
       18.107614100000006
      ],
      [
       -63.0139067,
       18.1075857
      ],
      [
       -63.013809599999995,
       18.1075465
      ],
      [
       -63.0137432,
       18.1075115
      ],
      [
       -63.01368420000001,
       18.1074968
      ],
      [
       -63.013622,
       18.1074985
      ],
      [
       -63.0135139,
       18.1075393
      ],
      [
       -63.0133873,
       18.107605299999996
      ],
      [
       -63.0133349,
       18.107663799999997
      ],
      [
       -63.0132792,
       18.107702699999997
      ],
      [
       -63.01322900000001,
       18.1077505
      ],
      [
       -63.013211500000004,
       18.107773400000003
      ],
      [
       -63.013211500000004,
       18.107798899999995
      ],
      [
       -63.0131873,
       18.107823799999995
      ],
      [
       -63.01316320000001,
       18.107835899999998
      ],
      [
       -63.01315850000001,
       18.1078639
      ],
      [
       -63.013131699999995,
       18.107880499999997
      ],
      [
       -63.01312660000001,
       18.1078963
      ],
      [
       -63.0130962,
       18.1079302
      ],
      [
       -63.01307740000001,
       18.1079315
      ],
      [
       -63.0130613,
       18.1079576
      ],
      [
       -63.013074700000004,
       18.1079761
      ],
      [
       -63.013074,
       18.108008599999998
      ],
      [
       -63.0130613,
       18.1080163
      ],
      [
       -63.0130284,
       18.1080214
      ],
      [
       -63.01300760000001,
       18.108032200000004
      ],
      [
       -63.0129909,
       18.108030899999996
      ],
      [
       -63.0129734,
       18.108057700000003
      ],
      [
       -63.0129513,
       18.1080596
      ],
      [
       -63.0129312,
       18.1080833
      ],
      [
       -63.012891,
       18.108093400000005
      ],
      [
       -63.01288490000001,
       18.108134100000004
      ],
      [
       -63.0128581,
       18.1081348
      ],
      [
       -63.012838,
       18.108162899999993
      ],
      [
       -63.0127971,
       18.1081616
      ],
      [
       -63.012789,
       18.1081788
      ],
      [
       -63.0127662,
       18.1082017
      ],
      [
       -63.012735400000004,
       18.108195999999992
      ],
      [
       -63.0127005,
       18.1082094
      ],
      [
       -63.01266069999999,
       18.1082118
      ],
      [
       -63.012619400000005,
       18.1082036
      ],
      [
       -63.012590599999996,
       18.108181999999996
      ],
      [
       -63.01255170000001,
       18.1081724
      ],
      [
       -63.01249670000001,
       18.108143800000004
      ],
      [
       -63.0124303,
       18.1081501
      ],
      [
       -63.012319700000006,
       18.1081093
      ],
      [
       -63.0122314,
       18.1080944
      ],
      [
       -63.0121762,
       18.1081131
      ],
      [
       -63.0121359,
       18.108138600000004
      ],
      [
       -63.0120851,
       18.1081661
      ],
      [
       -63.0120454,
       18.1081762
      ],
      [
       -63.0120172,
       18.108163499999996
      ],
      [
       -63.01196929999999,
       18.108144099999997
      ],
      [
       -63.01191540000001,
       18.1081823
      ],
      [
       -63.0118955,
       18.108172099999997
      ],
      [
       -63.0118753,
       18.108132599999998
      ],
      [
       -63.01185730000001,
       18.108138299999997
      ],
      [
       -63.01185190000001,
       18.108159
      ],
      [
       -63.01182880000001,
       18.1081813
      ],
      [
       -63.0118251,
       18.1081673
      ],
      [
       -63.0118003,
       18.108169899999996
      ],
      [
       -63.01181470000001,
       18.108193499999995
      ],
      [
       -63.011810399999995,
       18.108211600000004
      ],
      [
       -63.01180170000001,
       18.1082119
      ],
      [
       -63.01179460000001,
       18.108220499999995
      ],
      [
       -63.011784899999995,
       18.108218300000004
      ],
      [
       -63.0117789,
       18.108211
      ],
      [
       -63.011764799999995,
       18.1082097
      ],
      [
       -63.01175440000001,
       18.1082247
      ],
      [
       -63.01174300000001,
       18.108210299999996
      ],
      [
       -63.01172050000001,
       18.108205899999994
      ],
      [
       -63.0116933,
       18.108200300000004
      ],
      [
       -63.01168630000001,
       18.108192800000005
      ],
      [
       -63.0116954,
       18.108168
      ],
      [
       -63.0117078,
       18.1081635
      ],
      [
       -63.0117245,
       18.1081705
      ],
      [
       -63.0117437,
       18.108168600000003
      ],
      [
       -63.0117487,
       18.1081632
      ],
      [
       -63.011748000000004,
       18.1081479
      ],
      [
       -63.011762399999995,
       18.108145600000004
      ],
      [
       -63.0117748,
       18.108146900000005
      ],
      [
       -63.0117765,
       18.108110600000003
      ],
      [
       -63.0117815,
       18.108097199999996
      ],
      [
       -63.0117889,
       18.1080969
      ],
      [
       -63.0118057,
       18.108106799999998
      ],
      [
       -63.0118043,
       18.108072
      ],
      [
       -63.0118127,
       18.10805
      ],
      [
       -63.01183950000001,
       18.108046199999997
      ],
      [
       -63.01184730000001,
       18.1080411
      ],
      [
       -63.0118493,
       18.108031600000004
      ],
      [
       -63.0118462,
       18.1080185
      ],
      [
       -63.011839200000004,
       18.108013299999996
      ],
      [
       -63.0118067,
       18.108016
      ],
      [
       -63.011787899999995,
       18.108025799999993
      ],
      [
       -63.011767,
       18.1080244
      ],
      [
       -63.011767500000005,
       18.108005400000003
      ],
      [
       -63.0117584,
       18.107982199999995
      ],
      [
       -63.01175740000001,
       18.107961500000005
      ],
      [
       -63.0117638,
       18.107943900000002
      ],
      [
       -63.0117604,
       18.107917
      ],
      [
       -63.01177319999999,
       18.1079006
      ],
      [
       -63.01177379999999,
       18.1078863
      ],
      [
       -63.011742600000005,
       18.107873200000004
      ],
      [
       -63.01173430000001,
       18.1078636
      ],
      [
       -63.01173360000001,
       18.1078509
      ],
      [
       -63.011742000000005,
       18.1078448
      ],
      [
       -63.0117584,
       18.1078432
      ],
      [
       -63.0117802,
       18.1078636
      ],
      [
       -63.0117943,
       18.1078757
      ],
      [
       -63.011810999999994,
       18.107872199999996
      ],
      [
       -63.011812,
       18.1078423
      ],
      [
       -63.0117839,
       18.1078244
      ],
      [
       -63.011750400000004,
       18.1078158
      ],
      [
       -63.0117363,
       18.107798899999995
      ],
      [
       -63.0117638,
       18.107781699999997
      ],
      [
       -63.01175370000001,
       18.107752399999995
      ],
      [
       -63.01177450000001,
       18.107743499999998
      ],
      [
       -63.011790899999994,
       18.1077527
      ],
      [
       -63.011807399999995,
       18.107738099999995
      ],
      [
       -63.011790600000005,
       18.107730700000005
      ],
      [
       -63.01177150000001,
       18.107712899999996
      ],
      [
       -63.011770500000004,
       18.10770009999999
      ],
      [
       -63.0117869,
       18.107689
      ],
      [
       -63.0117839,
       18.1076747
      ],
      [
       -63.011796600000004,
       18.107658099999995
      ],
      [
       -63.01181410000001,
       18.1076645
      ],
      [
       -63.0118214,
       18.107686799999996
      ],
      [
       -63.0118439,
       18.107689
      ],
      [
       -63.0118616,
       18.1076822
      ],
      [
       -63.0118516,
       18.107656799999997
      ],
      [
       -63.011842200000004,
       18.1076472
      ],
      [
       -63.01184490000001,
       18.107629699999997
      ],
      [
       -63.0118375,
       18.107618900000002
      ],
      [
       -63.0118375,
       18.1076084
      ],
      [
       -63.0118412,
       18.107589299999997
      ],
      [
       -63.0118304,
       18.1075632
      ],
      [
       -63.011833800000005,
       18.107537
      ],
      [
       -63.01182480000001,
       18.10753
      ],
      [
       -63.011812,
       18.1075125
      ],
      [
       -63.011813700000005,
       18.107500699999996
      ],
      [
       -63.01179930000001,
       18.107495199999995
      ],
      [
       -63.01179700000001,
       18.1074854
      ],
      [
       -63.011785800000006,
       18.1074748
      ],
      [
       -63.01178989999999,
       18.107448699999996
      ],
      [
       -63.011804999999995,
       18.1074353
      ],
      [
       -63.011784899999995,
       18.107423199999996
      ],
      [
       -63.0117866,
       18.107404699999996
      ],
      [
       -63.01179930000001,
       18.1073904
      ],
      [
       -63.0117872,
       18.1073812
      ],
      [
       -63.011793299999994,
       18.1073678
      ],
      [
       -63.011790600000005,
       18.107354699999995
      ],
      [
       -63.011813399999994,
       18.1073553
      ],
      [
       -63.0118154,
       18.1073267
      ],
      [
       -63.011828099999995,
       18.107317399999996
      ],
      [
       -63.011814599999994,
       18.107297099999997
      ],
      [
       -63.0117434,
       18.107119899999994
      ],
      [
       -63.01177930000001,
       18.1068642
      ],
      [
       -63.0117564,
       18.106529399999996
      ],
      [
       -63.01190179999999,
       18.106210899999994
      ],
      [
       -63.01230300000001,
       18.1059742
      ],
      [
       -63.0133683,
       18.1057244
      ],
      [
       -63.01367830000001,
       18.105623099999995
      ],
      [
       -63.0139852,
       18.1053913
      ],
      [
       -63.0141641,
       18.1051111
      ],
      [
       -63.0142068,
       18.104769200000003
      ],
      [
       -63.01419859999999,
       18.10467839999999
      ],
      [
       -63.01411530000001,
       18.1046198
      ],
      [
       -63.014073800000006,
       18.104448900000005
      ],
      [
       -63.0140876,
       18.104291100000005
      ],
      [
       -63.01416540000001,
       18.104157799999992
      ],
      [
       -63.0147138,
       18.1038474
      ],
      [
       -63.0151883,
       18.1037536
      ],
      [
       -63.0156647,
       18.1034758
      ],
      [
       -63.0158569,
       18.1036219
      ],
      [
       -63.01580760000001,
       18.1038269
      ],
      [
       -63.0156412,
       18.1039733
      ],
      [
       -63.0155511,
       18.1042228
      ],
      [
       -63.015542700000005,
       18.1042474
      ],
      [
       -63.015532799999995,
       18.1042982
      ],
      [
       -63.0155162,
       18.104370000000003
      ],
      [
       -63.01554019999999,
       18.104487799999998
      ],
      [
       -63.0154867,
       18.1045083
      ],
      [
       -63.01545250000001,
       18.1045771
      ],
      [
       -63.0154605,
       18.1046192
      ],
      [
       -63.01539850000001,
       18.104651299999993
      ],
      [
       -63.015454500000004,
       18.104776
      ],
      [
       -63.01547800000001,
       18.104884300000002
      ],
      [
       -63.0154994,
       18.1049831
      ],
      [
       -63.01554900000001,
       18.105054499999998
      ],
      [
       -63.015668399999996,
       18.1051743
      ],
      [
       -63.01580700000001,
       18.105307100000005
      ],
      [
       -63.0159672,
       18.1054784
      ],
      [
       -63.0160205,
       18.105515799999996
      ],
      [
       -63.01603389999999,
       18.105525299999996
      ],
      [
       -63.0160479,
       18.105535099999994
      ],
      [
       -63.016100300000005,
       18.105571899999994
      ],
      [
       -63.0162354,
       18.105636500000003
      ],
      [
       -63.0163711,
       18.105680399999994
      ],
      [
       -63.0165774,
       18.1056734
      ],
      [
       -63.0167775,
       18.105632000000004
      ],
      [
       -63.016931500000005,
       18.1056059
      ],
      [
       -63.0169706,
       18.1056007
      ],
      [
       -63.0169974,
       18.1056039
      ],
      [
       -63.0170186,
       18.1056301
      ]
     ]
    ]
   }
  },
  {
   "type": "Feature",
   "id": "ring_4",
   "properties": {
    "name": "islet or second ring",
    "area_m2": 37428
   },
   "geometry": {
    "type": "Polygon",
    "coordinates": [
     [
      [
       -63.0127005,
       18.0674641
      ],
      [
       -63.0127652,
       18.067481
      ],
      [
       -63.012784,
       18.067517699999996
      ],
      [
       -63.01271930000001,
       18.067597100000004
      ],
      [
       -63.0125866,
       18.0676974
      ],
      [
       -63.012469700000004,
       18.067748
      ],
      [
       -63.0123088,
       18.067799699999995
      ],
      [
       -63.0122023,
       18.067838399999996
      ],
      [
       -63.01213020000001,
       18.067893999999995
      ],
      [
       -63.0119903,
       18.0679565
      ],
      [
       -63.011858100000005,
       18.068077499999998
      ],
      [
       -63.0117647,
       18.068206699999998
      ],
      [
       -63.0117014,
       18.068290699999995
      ],
      [
       -63.01165060000001,
       18.068481500000004
      ],
      [
       -63.0116756,
       18.06852569999999
      ],
      [
       -63.01168199999999,
       18.068541899999996
      ],
      [
       -63.0116786,
       18.0685735
      ],
      [
       -63.011627,
       18.068615499999996
      ],
      [
       -63.01158430000001,
       18.0687301
      ],
      [
       -63.0115854,
       18.0688387
      ],
      [
       -63.0115901,
       18.068897300000003
      ],
      [
       -63.0115751,
       18.068933900000008
      ],
      [
       -63.011559600000005,
       18.068949299999996
      ],
      [
       -63.01154650000001,
       18.068970899999993
      ],
      [
       -63.0115391,
       18.0689827
      ],
      [
       -63.0115438,
       18.068993599999995
      ],
      [
       -63.0115529,
       18.0690003
      ],
      [
       -63.01156600000001,
       18.0690019
      ],
      [
       -63.011573,
       18.0690082
      ],
      [
       -63.0115629,
       18.069012100000002
      ],
      [
       -63.0115338,
       18.069013299999998
      ],
      [
       -63.0115586,
       18.0690248
      ],
      [
       -63.011560900000006,
       18.069037900000005
      ],
      [
       -63.0115733,
       18.069044900000005
      ],
      [
       -63.01158100000001,
       18.069051899999998
      ],
      [
       -63.01159199999999,
       18.069056999999997
      ],
      [
       -63.0115854,
       18.069073600000003
      ],
      [
       -63.01156829999999,
       18.069075199999997
      ],
      [
       -63.0115462,
       18.0690688
      ],
      [
       -63.01152869999999,
       18.0690733
      ],
      [
       -63.0115243,
       18.0690947
      ],
      [
       -63.01150559999999,
       18.0690892
      ],
      [
       -63.0114845,
       18.0690873
      ],
      [
       -63.0114741,
       18.0690994
      ],
      [
       -63.01146670000001,
       18.0691342
      ],
      [
       -63.0114533,
       18.0691549
      ],
      [
       -63.0114516,
       18.0691781
      ],
      [
       -63.01146599999999,
       18.069205499999992
      ],
      [
       -63.01147420000001,
       18.069217600000005
      ],
      [
       -63.011473800000005,
       18.069232000000003
      ],
      [
       -63.01146599999999,
       18.069244699999995
      ],
      [
       -63.0114674,
       18.069253299999996
      ],
      [
       -63.011443899999996,
       18.069273099999997
      ],
      [
       -63.01143820000001,
       18.069283599999995
      ],
      [
       -63.01142879999999,
       18.069295099999998
      ],
      [
       -63.0114355,
       18.069310699999996
      ],
      [
       -63.011432500000005,
       18.0693346
      ],
      [
       -63.0114171,
       18.0693515
      ],
      [
       -63.011393,
       18.069365900000005
      ],
      [
       -63.01136710000001,
       18.0693634
      ],
      [
       -63.0113567,
       18.0693726
      ],
      [
       -63.01134940000001,
       18.069388499999995
      ],
      [
       -63.011326600000004,
       18.069390399999993
      ],
      [
       -63.01130440000001,
       18.069409499999995
      ],
      [
       -63.011301100000004,
       18.069423600000004
      ],
      [
       -63.011309499999996,
       18.0694344
      ],
      [
       -63.01130080000001,
       18.069441699999995
      ],
      [
       -63.01127489999999,
       18.069442999999996
      ],
      [
       -63.01125820000001,
       18.0694446
      ],
      [
       -63.0112448,
       18.069450000000003
      ],
      [
       -63.01122869999999,
       18.069449699999996
      ],
      [
       -63.011229699999994,
       18.069462399999995
      ],
      [
       -63.01123810000001,
       18.069465900000004
      ],
      [
       -63.011253100000005,
       18.069467500000002
      ],
      [
       -63.0112635,
       18.069482499999996
      ],
      [
       -63.0112538,
       18.0694914
      ],
      [
       -63.0112397,
       18.0694965
      ],
      [
       -63.01122629999999,
       18.069493699999995
      ],
      [
       -63.0112199,
       18.069485099999998
      ],
      [
       -63.01120550000001,
       18.0694841
      ],
      [
       -63.011204199999995,
       18.069474199999995
      ],
      [
       -63.0111968,
       18.069468499999996
      ],
      [
       -63.0111935,
       18.069445899999998
      ],
      [
       -63.0111948,
       18.0694328
      ],
      [
       -63.011204500000005,
       18.069420999999995
      ],
      [
       -63.01119310000001,
       18.0694076
      ],
      [
       -63.01119130000001,
       18.0693898
      ],
      [
       -63.01116759999999,
       18.0693837
      ],
      [
       -63.0111584,
       18.069372900000005
      ],
      [
       -63.011133400000006,
       18.0693757
      ],
      [
       -63.0111086,
       18.069371900000004
      ],
      [
       -63.011095899999994,
       18.069398100000004
      ],
      [
       -63.0110751,
       18.0694102
      ],
      [
       -63.01105220000001,
       18.069435299999995
      ],
      [
       -63.0110342,
       18.069424799999997
      ],
      [
       -63.011004,
       18.069435
      ],
      [
       -63.011002000000005,
       18.0694573
      ],
      [
       -63.0109827,
       18.069465299999994
      ],
      [
       -63.0109678,
       18.0694599
      ],
      [
       -63.01095980000001,
       18.069441399999995
      ],
      [
       -63.010965,
       18.069403699999995
      ],
      [
       -63.0109236,
       18.0694057
      ],
      [
       -63.0108975,
       18.0694102
      ],
      [
       -63.010882,
       18.069401199999998
      ],
      [
       -63.010845800000006,
       18.0693777
      ],
      [
       -63.01082300000001,
       18.069355299999994
      ],
      [
       -63.0107841,
       18.069320899999997
      ],
      [
       -63.0107577,
       18.06930489999999
      ],
      [
       -63.01073379999999,
       18.069281399999994
      ],
      [
       -63.0107019,
       18.0692458
      ],
      [
       -63.0106755,
       18.069238699999996
      ],
      [
       -63.01066,
       18.069241200000004
      ],
      [
       -63.01064130000001,
       18.069261
      ],
      [
       -63.0106346,
       18.069255899999998
      ],
      [
       -63.0106393,
       18.069234899999998
      ],
      [
       -63.01061709999999,
       18.0692221
      ],
      [
       -63.01060580000001,
       18.069233199999996
      ],
      [
       -63.010592300000006,
       18.069209400000002
      ],
      [
       -63.010572200000006,
       18.069182599999998
      ],
      [
       -63.0105487,
       18.0691584
      ],
      [
       -63.0105253,
       18.0691412
      ],
      [
       -63.0104931,
       18.0691316
      ],
      [
       -63.0104475,
       18.0691169
      ],
      [
       -63.01040520000001,
       18.0691259
      ],
      [
       -63.01038030000001,
       18.069116799999993
      ],
      [
       -63.010350900000006,
       18.0691118
      ],
      [
       -63.01029930000001,
       18.0691144
      ],
      [
       -63.0102694,
       18.069127899999994
      ],
      [
       -63.010244300000004,
       18.069150699999998
      ],
      [
       -63.01019200000001,
       18.069171099999995
      ],
      [
       -63.0101452,
       18.069181499999996
      ],
      [
       -63.01010320000001,
       18.0691765
      ],
      [
       -63.01005120000001,
       18.0691628
      ],
      [
       -63.0100237,
       18.0691473
      ],
      [
       -63.0099868,
       18.069137300000005
      ],
      [
       -63.009985500000006,
       18.0691067
      ],
      [
       -63.0099633,
       18.0690819
      ],
      [
       -63.009974,
       18.0690434
      ],
      [
       -63.009991500000005,
       18.06900660000001
      ],
      [
       -63.01001089999999,
       18.0690251
      ],
      [
       -63.010025,
       18.069008599999997
      ],
      [
       -63.010030199999996,
       18.068986899999995
      ],
      [
       -63.0100924,
       18.068985499999997
      ],
      [
       -63.01011690000001,
       18.0689913
      ],
      [
       -63.01014300000001,
       18.0689729
      ],
      [
       -63.010102800000006,
       18.068959499999995
      ],
      [
       -63.0101142,
       18.068892499999993
      ],
      [
       -63.010122900000006,
       18.068857499999996
      ],
      [
       -63.0100988,
       18.0688256
      ],
      [
       -63.010051499999996,
       18.0687623
      ],
      [
       -63.0100972,
       18.068750999999995
      ],
      [
       -63.01008250000001,
       18.0687061
      ],
      [
       -63.01007130000001,
       18.068673199999996
      ],
      [
       -63.0100264,
       18.068643300000005
      ],
      [
       -63.0099052,
       18.068631
      ],
      [
       -63.009741700000006,
       18.0686073
      ],
      [
       -63.009565900000005,
       18.068543499999997
      ],
      [
       -63.009464,
       18.0684852
      ],
      [
       -63.00938390000001,
       18.0684808
      ],
      [
       -63.0093174,
       18.0684513
      ],
      [
       -63.0090696,
       18.0684613
      ],
      [
       -63.00882699999999,
       18.0685341
      ],
      [
       -63.0086822,
       18.068641999999993
      ],
      [
       -63.0085015,
       18.0688108
      ],
      [
       -63.008422200000005,
       18.068835599999993
      ],
      [
       -63.00834799999999,
       18.068833599999998
      ],
      [
       -63.008252999999996,
       18.06887229999999
      ],
      [
       -63.00815269999999,
       18.0688793
      ],
      [
       -63.008138100000004,
       18.068911999999997
      ],
      [
       -63.0080441,
       18.068895100000002
      ],
      [
       -63.00794380000001,
       18.068837600000002
      ],
      [
       -63.0077705,
       18.068795899999994
      ],
      [
       -63.0076681,
       18.0687383
      ],
      [
       -63.007591899999994,
       18.0687293
      ],
      [
       -63.007553200000004,
       18.0687611
      ],
      [
       -63.007521999999994,
       18.0687604
      ],
      [
       -63.00748490000001,
       18.0687957
      ],
      [
       -63.00742670000001,
       18.0687849
      ],
      [
       -63.00738020000001,
       18.068795499999997
      ],
      [
       -63.00733149999999,
       18.0687948
      ],
      [
       -63.00726399999999,
       18.068815700000002
      ],
      [
       -63.0070384,
       18.068834599999995
      ],
      [
       -63.006982,
       18.068794899999993
      ],
      [
       -63.0069763,
       18.0687512
      ],
      [
       -63.0069334,
       18.068725999999998
      ],
      [
       -63.006940099999994,
       18.068713999999996
      ],
      [
       -63.0069667,
       18.0687021
      ],
      [
       -63.0069777,
       18.068678200000004
      ],
      [
       -63.00706640000001,
       18.068666999999998
      ],
      [
       -63.0071491,
       18.0686529
      ],
      [
       -63.007248,
       18.068624899999993
      ],
      [
       -63.007273100000006,
       18.0685855
      ],
      [
       -63.007279000000004,
       18.068508299999998
      ],
      [
       -63.0073117,
       18.0684725
      ],
      [
       -63.00741489999999,
       18.0684255
      ],
      [
       -63.0074903,
       18.0683539
      ],
      [
       -63.00754340000001,
       18.068343999999996
      ],
      [
       -63.0075981,
       18.0683468
      ],
      [
       -63.0077,
       18.068393199999996
      ],
      [
       -63.00782999999999,
       18.068365099999994
      ],
      [
       -63.0078831,
       18.0683103
      ],
      [
       -63.0080055,
       18.0682816
      ],
      [
       -63.0081517,
       18.068351099999997
      ],
      [
       -63.0082363,
       18.0683322
      ],
      [
       -63.00835320000001,
       18.0683858
      ],
      [
       -63.00847879999999,
       18.068315599999995
      ],
      [
       -63.00863209999999,
       18.06834209999999
      ],
      [
       -63.0087031,
       18.0683272
      ],
      [
       -63.0088075,
       18.068365
      ],
      [
       -63.00896000000001,
       18.0683825
      ],
      [
       -63.0091638,
       18.0683389
      ],
      [
       -63.0092484,
       18.068306900000003
      ],
      [
       -63.0094256,
       18.068288600000002
      ],
      [
       -63.0095981,
       18.068371100000004
      ],
      [
       -63.009823,
       18.068402399999997
      ],
      [
       -63.009920400000006,
       18.068344799999995
      ],
      [
       -63.0099625,
       18.0682701
      ],
      [
       -63.00997129999999,
       18.068220100000005
      ],
      [
       -63.00999319999999,
       18.0681917
      ],
      [
       -63.0100277,
       18.068168
      ],
      [
       -63.01009440000001,
       18.0681352
      ],
      [
       -63.0103423,
       18.0680435
      ],
      [
       -63.01051050000001,
       18.0679924
      ],
      [
       -63.0106453,
       18.067961400000005
      ],
      [
       -63.0108619,
       18.0679274
      ],
      [
       -63.01112930000001,
       18.067887799999998
      ],
      [
       -63.011357,
       18.067845000000002
      ],
      [
       -63.0115297,
       18.0678496
      ],
      [
       -63.0116111,
       18.0678763
      ],
      [
       -63.0116891,
       18.0678795
      ],
      [
       -63.0117671,
       18.0678903
      ],
      [
       -63.01189939999999,
       18.067913799999996
      ],
      [
       -63.0119635,
       18.0678655
      ],
      [
       -63.0120488,
       18.067825500000005
      ],
      [
       -63.01216470000001,
       18.0677858
      ],
      [
       -63.0122211,
       18.0677391
      ],
      [
       -63.01231200000001,
       18.0677034
      ],
      [
       -63.012346400000006,
       18.0676577
      ],
      [
       -63.0124081,
       18.067671599999997
      ],
      [
       -63.012485299999994,
       18.0676487
      ],
      [
       -63.012550100000006,
       18.0676299
      ],
      [
       -63.0125814,
       18.067599099999995
      ],
      [
       -63.0125846,
       18.067540499999996
      ],
      [
       -63.01260440000001,
       18.0674968
      ],
      [
       -63.01264100000001,
       18.067468000000005
      ],
      [
       -63.0127005,
       18.0674641
      ]
     ]
    ]
   }
  },
  {
   "type": "Feature",
   "id": "ring_5",
   "properties": {
    "name": "islet or second ring",
    "area_m2": 55823
   },
   "geometry": {
    "type": "Polygon",
    "coordinates": [
     [
      [
       -63.0119557,
       18.088318699999995
      ],
      [
       -63.0119654,
       18.0884539
      ],
      [
       -63.01195969999999,
       18.0885219
      ],
      [
       -63.0119572,
       18.0885682
      ],
      [
       -63.011922899999995,
       18.088615699999995
      ],
      [
       -63.0119386,
       18.088655400000004
      ],
      [
       -63.0119188,
       18.088701099999998
      ],
      [
       -63.0118927,
       18.088728899999992
      ],
      [
       -63.0118528,
       18.0887402
      ],
      [
       -63.0118373,
       18.088820200000004
      ],
      [
       -63.0117955,
       18.088858000000002
      ],
      [
       -63.011757900000006,
       18.0889354
      ],
      [
       -63.0117026,
       18.089098199999995
      ],
      [
       -63.0116149,
       18.0891687
      ],
      [
       -63.01153060000001,
       18.0892945
      ],
      [
       -63.0114996,
       18.0893984
      ],
      [
       -63.011453800000005,
       18.089431999999995
      ],
      [
       -63.011424399999996,
       18.089502399999997
      ],
      [
       -63.011359299999995,
       18.089662300000004
      ],
      [
       -63.01129430000001,
       18.089732500000004
      ],
      [
       -63.0112382,
       18.089837799999998
      ],
      [
       -63.011202700000005,
       18.0898603
      ],
      [
       -63.01118060000001,
       18.089945899999996
      ],
      [
       -63.011109700000006,
       18.0899908
      ],
      [
       -63.011055,
       18.090089099999997
      ],
      [
       -63.0109974,
       18.090228099999997
      ],
      [
       -63.0109251,
       18.090295499999996
      ],
      [
       -63.0108779,
       18.090372399999996
      ],
      [
       -63.0108054,
       18.090454099999995
      ],
      [
       -63.0107398,
       18.0905151
      ],
      [
       -63.010673000000004,
       18.0905409
      ],
      [
       -63.0106356,
       18.0906016
      ],
      [
       -63.0105727,
       18.0906849
      ],
      [
       -63.0104761,
       18.090735300000002
      ],
      [
       -63.0103837,
       18.090809
      ],
      [
       -63.0102824,
       18.090869499999997
      ],
      [
       -63.01023750000001,
       18.0908904
      ],
      [
       -63.0102103,
       18.090934099999995
      ],
      [
       -63.0101623,
       18.09096479999999
      ],
      [
       -63.010078199999995,
       18.090988400000004
      ],
      [
       -63.00999730000001,
       18.091033300000003
      ],
      [
       -63.0099022,
       18.091077
      ],
      [
       -63.0096806,
       18.0911436
      ],
      [
       -63.00959830000001,
       18.091176299999997
      ],
      [
       -63.00953560000001,
       18.0911822
      ],
      [
       -63.00950530000001,
       18.091218999999995
      ],
      [
       -63.00950710000001,
       18.091252599999997
      ],
      [
       -63.0095046,
       18.0913069
      ],
      [
       -63.0094839,
       18.091324799999995
      ],
      [
       -63.00942659999999,
       18.091303100000005
      ],
      [
       -63.00940949999999,
       18.091283299999997
      ],
      [
       -63.009403899999995,
       18.091254799999994
      ],
      [
       -63.009425199999995,
       18.0911785
      ],
      [
       -63.00944140000001,
       18.0911169
      ],
      [
       -63.0094671,
       18.091082599999996
      ],
      [
       -63.00947510000001,
       18.091052200000004
      ],
      [
       -63.0094632,
       18.090979299999994
      ],
      [
       -63.0094383,
       18.0909341
      ],
      [
       -63.0094208,
       18.0908807
      ],
      [
       -63.0094061,
       18.090837199999992
      ],
      [
       -63.0094028,
       18.0907945
      ],
      [
       -63.0094001,
       18.0907492
      ],
      [
       -63.0094019,
       18.090705
      ],
      [
       -63.009409299999994,
       18.090649100000004
      ],
      [
       -63.0094429,
       18.090574599999997
      ],
      [
       -63.0094839,
       18.0905185
      ],
      [
       -63.009516700000006,
       18.0904599
      ],
      [
       -63.0095583,
       18.090398599999997
      ],
      [
       -63.0095956,
       18.090334499999997
      ],
      [
       -63.009703800000004,
       18.090218299999997
      ],
      [
       -63.0098138,
       18.090139200000003
      ],
      [
       -63.00983860000001,
       18.0900933
      ],
      [
       -63.0098739,
       18.0900655
      ],
      [
       -63.009901,
       18.0900041
      ],
      [
       -63.0099466,
       18.089962599999996
      ],
      [
       -63.0100069,
       18.089937800000005
      ],
      [
       -63.010061400000005,
       18.089891199999997
      ],
      [
       -63.010102800000006,
       18.0898326
      ],
      [
       -63.010131300000005,
       18.089770399999995
      ],
      [
       -63.0101456,
       18.0896983
      ],
      [
       -63.0101638,
       18.089576199999996
      ],
      [
       -63.010174500000005,
       18.089490899999998
      ],
      [
       -63.01020030000001,
       18.0894044
      ],
      [
       -63.0102415,
       18.0893269
      ],
      [
       -63.010265000000004,
       18.089266400000003
      ],
      [
       -63.01031220000001,
       18.08918119999999
      ],
      [
       -63.0103421,
       18.0891298
      ],
      [
       -63.0103806,
       18.0890844
      ],
      [
       -63.0104167,
       18.089062200000004
      ],
      [
       -63.010481600000006,
       18.0890155
      ],
      [
       -63.0104823,
       18.0888899
      ],
      [
       -63.0104926,
       18.0887963
      ],
      [
       -63.0105439,
       18.088605600000005
      ],
      [
       -63.010552999999994,
       18.0884788
      ],
      [
       -63.010574600000005,
       18.088413499999998
      ],
      [
       -63.0105966,
       18.0883883
      ],
      [
       -63.010630400000004,
       18.0881968
      ],
      [
       -63.010684399999995,
       18.088015099999996
      ],
      [
       -63.010683799999995,
       18.087886799999993
      ],
      [
       -63.01070180000001,
       18.0877169
      ],
      [
       -63.010703899999996,
       18.087517700000003
      ],
      [
       -63.0107127,
       18.087396900000005
      ],
      [
       -63.0107002,
       18.0873277
      ],
      [
       -63.01064259999999,
       18.087284200000003
      ],
      [
       -63.0106086,
       18.087236500000003
      ],
      [
       -63.0106027,
       18.087160599999997
      ],
      [
       -63.01065210000001,
       18.087108799999992
      ],
      [
       -63.01066029999999,
       18.087021600000003
      ],
      [
       -63.0107226,
       18.086952999999998
      ],
      [
       -63.010817599999996,
       18.0869222
      ],
      [
       -63.0109442,
       18.086927300000003
      ],
      [
       -63.0109933,
       18.086969399999997
      ],
      [
       -63.01103090000001,
       18.0870006
      ],
      [
       -63.01106510000001,
       18.087053499999993
      ],
      [
       -63.011161599999994,
       18.087095499999997
      ],
      [
       -63.0113148,
       18.0872007
      ],
      [
       -63.0114171,
       18.0872715
      ],
      [
       -63.011496900000004,
       18.087298899999997
      ],
      [
       -63.0115277,
       18.087333299999997
      ],
      [
       -63.0115794,
       18.0873531
      ],
      [
       -63.0116345,
       18.087345800000005
      ],
      [
       -63.01166320000001,
       18.0874143
      ],
      [
       -63.0117071,
       18.087463799999995
      ],
      [
       -63.011724900000004,
       18.087497799999998
      ],
      [
       -63.011759100000006,
       18.087508599999992
      ],
      [
       -63.0118015,
       18.087513
      ],
      [
       -63.0118382,
       18.087553200000002
      ],
      [
       -63.011873099999995,
       18.087634800000004
      ],
      [
       -63.0118637,
       18.0877253
      ],
      [
       -63.01188109999999,
       18.087790399999992
      ],
      [
       -63.01191829999999,
       18.087796199999993
      ],
      [
       -63.01192780000001,
       18.0878769
      ],
      [
       -63.0119158,
       18.087939
      ],
      [
       -63.0119021,
       18.088038500000003
      ],
      [
       -63.01190880000001,
       18.08811739999999
      ],
      [
       -63.011897399999995,
       18.088170499999997
      ],
      [
       -63.01190820000001,
       18.088243799999997
      ],
      [
       -63.0119557,
       18.088318699999995
      ]
     ]
    ]
   }
  },
  {
   "type": "Feature",
   "id": "ring_6",
   "properties": {
    "name": "islet or second ring",
    "area_m2": 52782
   },
   "geometry": {
    "type": "Polygon",
    "coordinates": [
     [
      [
       -63.08996859999999,
       18.0368605
      ],
      [
       -63.0899652,
       18.036832000000004
      ],
      [
       -63.0899646,
       18.0366558
      ],
      [
       -63.0899642,
       18.0366241
      ],
      [
       -63.08996510000001,
       18.036449699999995
      ],
      [
       -63.0899648,
       18.0364187
      ],
      [
       -63.0899652,
       18.036242799999993
      ],
      [
       -63.0899652,
       18.036209399999997
      ],
      [
       -63.0899676,
       18.0360378
      ],
      [
       -63.0899679,
       18.0360149
      ],
      [
       -63.08995850000001,
       18.0360149
      ],
      [
       -63.0899586,
       18.035994199999994
      ],
      [
       -63.0899586,
       18.035951700000002
      ],
      [
       -63.089992,
       18.0359518
      ],
      [
       -63.08998460000001,
       18.0359328
      ],
      [
       -63.089959400000005,
       18.0359179
      ],
      [
       -63.0899447,
       18.035873199999997
      ],
      [
       -63.0899049,
       18.0358518
      ],
      [
       -63.0898755,
       18.035809099999998
      ],
      [
       -63.08985849999999,
       18.0358105
      ],
      [
       -63.08984739999999,
       18.035831499999997
      ],
      [
       -63.089823800000005,
       18.035831399999992
      ],
      [
       -63.08979570000001,
       18.035843299999996
      ],
      [
       -63.0897868,
       18.0358333
      ],
      [
       -63.0898032,
       18.0358169
      ],
      [
       -63.0898032,
       18.035790499999997
      ],
      [
       -63.0897885,
       18.0357841
      ],
      [
       -63.0897817,
       18.035769
      ],
      [
       -63.08979750000001,
       18.035761299999994
      ],
      [
       -63.0898144,
       18.035765099999995
      ],
      [
       -63.08979690000001,
       18.035707399999996
      ],
      [
       -63.0897867,
       18.0356476
      ],
      [
       -63.0898083,
       18.035587
      ],
      [
       -63.089822000000005,
       18.035518800000002
      ],
      [
       -63.0898519,
       18.035458999999996
      ],
      [
       -63.0898729,
       18.0354266
      ],
      [
       -63.089916800000005,
       18.0353907
      ],
      [
       -63.0899548,
       18.0353604
      ],
      [
       -63.0899721,
       18.0353399
      ],
      [
       -63.0899819,
       18.0353194
      ],
      [
       -63.09009459999999,
       18.035182699999996
      ],
      [
       -63.0901176,
       18.035134699999997
      ],
      [
       -63.0901599,
       18.0350868
      ],
      [
       -63.09019550000001,
       18.0350346
      ],
      [
       -63.090205899999994,
       18.0350092
      ],
      [
       -63.09030260000001,
       18.034975099999997
      ],
      [
       -63.0903384,
       18.0349518
      ],
      [
       -63.09039490000001,
       18.0349298
      ],
      [
       -63.09045230000001,
       18.034888099999996
      ],
      [
       -63.0905378,
       18.034812599999995
      ],
      [
       -63.0906614,
       18.0346996
      ],
      [
       -63.0907229,
       18.034634099999998
      ],
      [
       -63.0907858,
       18.0345334
      ],
      [
       -63.090916500000006,
       18.0344545
      ],
      [
       -63.0910495,
       18.034395299999996
      ],
      [
       -63.091256,
       18.0343611
      ],
      [
       -63.091397300000004,
       18.034356399999993
      ],
      [
       -63.091462,
       18.034362200000004
      ],
      [
       -63.091537,
       18.0344328
      ],
      [
       -63.091582700000004,
       18.034481099999997
      ],
      [
       -63.091788,
       18.034614900000005
      ],
      [
       -63.09188000000001,
       18.0345902
      ],
      [
       -63.0919438,
       18.0345809
      ],
      [
       -63.091960900000004,
       18.0346019
      ],
      [
       -63.09195530000001,
       18.034652199999996
      ],
      [
       -63.0919503,
       18.034701799999997
      ],
      [
       -63.0919431,
       18.0347721
      ],
      [
       -63.09214550000001,
       18.035243800000003
      ],
      [
       -63.092204800000005,
       18.03537529999999
      ],
      [
       -63.0921326,
       18.035438399999997
      ],
      [
       -63.09205430000001,
       18.035472
      ],
      [
       -63.091774400000006,
       18.0356241
      ],
      [
       -63.0919116,
       18.0358469
      ],
      [
       -63.0919371,
       18.0358863
      ],
      [
       -63.09223480000001,
       18.036375399999997
      ],
      [
       -63.0922038,
       18.0363935
      ],
      [
       -63.092017000000006,
       18.0364946
      ],
      [
       -63.0919882,
       18.036512200000004
      ],
      [
       -63.09180500000001,
       18.0366134
      ],
      [
       -63.09177650000001,
       18.036628600000004
      ],
      [
       -63.09159129999999,
       18.0367305
      ],
      [
       -63.091564700000006,
       18.036748
      ],
      [
       -63.0913808,
       18.036848700000004
      ],
      [
       -63.09135390000001,
       18.0368627
      ],
      [
       -63.0911537,
       18.0368632
      ],
      [
       -63.0911192,
       18.036863899999997
      ],
      [
       -63.09092299999999,
       18.0368644
      ],
      [
       -63.0908888,
       18.036864100000003
      ],
      [
       -63.09069160000001,
       18.036865399999993
      ],
      [
       -63.090658,
       18.036865599999995
      ],
      [
       -63.0904605,
       18.0368647
      ],
      [
       -63.0904283,
       18.036863399999998
      ],
      [
       -63.09022970000001,
       18.036864400000002
      ],
      [
       -63.09019700000001,
       18.0368643
      ],
      [
       -63.090000800000006,
       18.036861299999998
      ],
      [
       -63.08996859999999,
       18.0368605
      ]
     ]
    ]
   }
  },
  {
   "type": "Feature",
   "id": "ring_7",
   "properties": {
    "name": "islet or second ring",
    "area_m2": 47429
   },
   "geometry": {
    "type": "Polygon",
    "coordinates": [
     [
      [
       -63.104305399999994,
       18.0505529
      ],
      [
       -63.10420140000001,
       18.0506239
      ],
      [
       -63.1041549,
       18.0506762
      ],
      [
       -63.1041256,
       18.050736699999998
      ],
      [
       -63.10410300000001,
       18.0507921
      ],
      [
       -63.1040661,
       18.0508992
      ],
      [
       -63.1040098,
       18.0509802
      ],
      [
       -63.1040083,
       18.0510281
      ],
      [
       -63.10394260000001,
       18.0511211
      ],
      [
       -63.1038887,
       18.051208
      ],
      [
       -63.1037924,
       18.0512946
      ],
      [
       -63.1037121,
       18.0513385
      ],
      [
       -63.1035925,
       18.0513685
      ],
      [
       -63.1034238,
       18.051395899999996
      ],
      [
       -63.103212400000004,
       18.051424199999992
      ],
      [
       -63.1030362,
       18.051439800000004
      ],
      [
       -63.1028791,
       18.051446299999995
      ],
      [
       -63.1027452,
       18.0514322
      ],
      [
       -63.10254780000001,
       18.0513851
      ],
      [
       -63.1023576,
       18.051331500000003
      ],
      [
       -63.1022032,
       18.051266499999997
      ],
      [
       -63.1021001,
       18.0511989
      ],
      [
       -63.101968,
       18.051122699999997
      ],
      [
       -63.101852,
       18.0510235
      ],
      [
       -63.1017689,
       18.050933700000005
      ],
      [
       -63.1017112,
       18.050808000000004
      ],
      [
       -63.1016756,
       18.050675800000004
      ],
      [
       -63.10165090000001,
       18.050532
      ],
      [
       -63.10164209999999,
       18.050365599999996
      ],
      [
       -63.1016549,
       18.0502081
      ],
      [
       -63.1016602,
       18.050145599999997
      ],
      [
       -63.1016666,
       18.050071000000003
      ],
      [
       -63.1016608,
       18.0499837
      ],
      [
       -63.1016235,
       18.0499753
      ],
      [
       -63.10164689999999,
       18.0499279
      ],
      [
       -63.101631000000005,
       18.049874199999998
      ],
      [
       -63.10155869999999,
       18.04983
      ],
      [
       -63.10153559999999,
       18.049778399999997
      ],
      [
       -63.1015077,
       18.0497274
      ],
      [
       -63.10150120000001,
       18.0496884
      ],
      [
       -63.10137110000001,
       18.0496102
      ],
      [
       -63.101517,
       18.0495748
      ],
      [
       -63.10154330000001,
       18.0495305
      ],
      [
       -63.1015761,
       18.0494978
      ],
      [
       -63.1016106,
       18.0494643
      ],
      [
       -63.1016399,
       18.0494418
      ],
      [
       -63.1017136,
       18.0493888
      ],
      [
       -63.101717,
       18.0494227
      ],
      [
       -63.10179550000001,
       18.049425299999996
      ],
      [
       -63.1018609,
       18.0494396
      ],
      [
       -63.1019567,
       18.049508
      ],
      [
       -63.1020002,
       18.049544599999997
      ],
      [
       -63.10206199999999,
       18.0495658
      ],
      [
       -63.10211640000001,
       18.049606300000004
      ],
      [
       -63.1021852,
       18.0495994
      ],
      [
       -63.1022783,
       18.0496038
      ],
      [
       -63.1024311,
       18.049588600000003
      ],
      [
       -63.102621500000005,
       18.049586099999996
      ],
      [
       -63.1027418,
       18.049608
      ],
      [
       -63.1028276,
       18.0496299
      ],
      [
       -63.1028962,
       18.0496501
      ],
      [
       -63.1029343,
       18.0496741
      ],
      [
       -63.1030365,
       18.049700999999995
      ],
      [
       -63.103122400000004,
       18.0497163
      ],
      [
       -63.1031712,
       18.0497441
      ],
      [
       -63.103230100000005,
       18.0497469
      ],
      [
       -63.1032972,
       18.049788699999997
      ],
      [
       -63.103423299999996,
       18.0498229
      ],
      [
       -63.103719000000005,
       18.049914299999998
      ],
      [
       -63.103871399999996,
       18.049976
      ],
      [
       -63.104036,
       18.050018399999995
      ],
      [
       -63.1041067,
       18.050044
      ],
      [
       -63.10418580000001,
       18.050058200000002
      ],
      [
       -63.1042242,
       18.0500944
      ],
      [
       -63.10426399999999,
       18.050129
      ],
      [
       -63.1043383,
       18.0502056
      ],
      [
       -63.10439070000001,
       18.0503063
      ],
      [
       -63.10439850000001,
       18.0503765
      ],
      [
       -63.1043745,
       18.0504527
      ],
      [
       -63.104305399999994,
       18.0505529
      ]
     ]
    ]
   }
  },
  {
   "type": "Feature",
   "id": "ring_8",
   "properties": {
    "name": "islet or second ring",
    "area_m2": 17114
   },
   "geometry": {
    "type": "Polygon",
    "coordinates": [
     [
      [
       -63.018036800000004,
       18.017793800000003
      ],
      [
       -63.0180607,
       18.017794600000002
      ],
      [
       -63.0180729,
       18.017773300000005
      ],
      [
       -63.0181056,
       18.017767199999998
      ],
      [
       -63.01813130000001,
       18.017792199999995
      ],
      [
       -63.018157,
       18.0178178
      ],
      [
       -63.018149300000005,
       18.017840399999997
      ],
      [
       -63.01816209999999,
       18.017841599999997
      ],
      [
       -63.0181719,
       18.017854100000005
      ],
      [
       -63.0181608,
       18.0178752
      ],
      [
       -63.0181809,
       18.0179007
      ],
      [
       -63.01818870000001,
       18.017927599999997
      ],
      [
       -63.018209600000006,
       18.0179341
      ],
      [
       -63.0182427,
       18.0179224
      ],
      [
       -63.01825070000001,
       18.0178993
      ],
      [
       -63.0182886,
       18.017872299999997
      ],
      [
       -63.01834670000001,
       18.0178637
      ],
      [
       -63.018394900000004,
       18.017859
      ],
      [
       -63.0184011,
       18.0178339
      ],
      [
       -63.018393700000004,
       18.017794599999995
      ],
      [
       -63.01842380000001,
       18.0177696
      ],
      [
       -63.018494200000006,
       18.0177595
      ],
      [
       -63.01852679999999,
       18.017792100000005
      ],
      [
       -63.0185838,
       18.017779699999995
      ],
      [
       -63.018608799999996,
       18.0177797
      ],
      [
       -63.0186429,
       18.017752299999998
      ],
      [
       -63.0187094,
       18.0177446
      ],
      [
       -63.0187436,
       18.017754199999995
      ],
      [
       -63.01878299999999,
       18.017742600000002
      ],
      [
       -63.01880489999999,
       18.017731000000005
      ],
      [
       -63.01878850000001,
       18.017718499999997
      ],
      [
       -63.01877060000001,
       18.017716499999995
      ],
      [
       -63.0187508,
       18.017660700000004
      ],
      [
       -63.01873810000001,
       18.0176395
      ],
      [
       -63.01873630000001,
       18.017625699999996
      ],
      [
       -63.01874399999999,
       18.017613500000003
      ],
      [
       -63.0187376,
       18.017602400000005
      ],
      [
       -63.01869,
       18.017598100000004
      ],
      [
       -63.018681699999995,
       18.0175873
      ],
      [
       -63.0187134,
       18.017561899999997
      ],
      [
       -63.0187679,
       18.017541600000005
      ],
      [
       -63.018799200000004,
       18.017519999999998
      ],
      [
       -63.01883519999999,
       18.0175304
      ],
      [
       -63.018861400000006,
       18.0175053
      ],
      [
       -63.0189404,
       18.017509600000004
      ],
      [
       -63.018947700000005,
       18.0175416
      ],
      [
       -63.018947700000005,
       18.017583
      ],
      [
       -63.0189881,
       18.01759669999999
      ],
      [
       -63.0191314,
       18.0175686
      ],
      [
       -63.01920870000001,
       18.0175943
      ],
      [
       -63.019225,
       18.0176168
      ],
      [
       -63.019227300000004,
       18.017640100000005
      ],
      [
       -63.01924950000001,
       18.0176487
      ],
      [
       -63.019267500000005,
       18.0176846
      ],
      [
       -63.01939110000001,
       18.017652500000004
      ],
      [
       -63.01941420000001,
       18.0176534
      ],
      [
       -63.01943239999999,
       18.017645199999997
      ],
      [
       -63.0194684,
       18.0176407
      ],
      [
       -63.0194812,
       18.017695499999995
      ],
      [
       -63.0194771,
       18.0177197
      ],
      [
       -63.0194806,
       18.017743100000004
      ],
      [
       -63.019453,
       18.017762000000005
      ],
      [
       -63.0194796,
       18.017788799999998
      ],
      [
       -63.01949640000001,
       18.017821
      ],
      [
       -63.0195076,
       18.0178579
      ],
      [
       -63.01957500000001,
       18.017892699999997
      ],
      [
       -63.01963849999999,
       18.0179027
      ],
      [
       -63.0196648,
       18.017920099999998
      ],
      [
       -63.01966860000001,
       18.017936299999995
      ],
      [
       -63.01960710000001,
       18.017965700000005
      ],
      [
       -63.0195588,
       18.0179666
      ],
      [
       -63.0195252,
       18.0179683
      ],
      [
       -63.0195535,
       18.018003000000004
      ],
      [
       -63.0195976,
       18.018035
      ],
      [
       -63.0196092,
       18.018046
      ],
      [
       -63.0196084,
       18.018059199999996
      ],
      [
       -63.019577000000005,
       18.0180753
      ],
      [
       -63.0195228,
       18.018093000000004
      ],
      [
       -63.0194744,
       18.018101999999995
      ],
      [
       -63.01944240000001,
       18.0181253
      ],
      [
       -63.019427300000004,
       18.0181252
      ],
      [
       -63.01942420000001,
       18.0181152
      ],
      [
       -63.01941180000001,
       18.0181157
      ],
      [
       -63.0194045,
       18.0181297
      ],
      [
       -63.019408,
       18.0181484
      ],
      [
       -63.01941000000001,
       18.018174899999998
      ],
      [
       -63.01940059999999,
       18.018193199999995
      ],
      [
       -63.0193878,
       18.0181984
      ],
      [
       -63.0193448,
       18.018178
      ],
      [
       -63.0193172,
       18.018184100000003
      ],
      [
       -63.0192979,
       18.0182244
      ],
      [
       -63.0192986,
       18.0182525
      ],
      [
       -63.01929330000001,
       18.018311399999998
      ],
      [
       -63.0192475,
       18.018329100000003
      ],
      [
       -63.019222500000005,
       18.0183669
      ],
      [
       -63.0191953,
       18.018381300000005
      ],
      [
       -63.01917850000001,
       18.018403299999996
      ],
      [
       -63.0191879,
       18.018439
      ],
      [
       -63.019193,
       18.0184612
      ],
      [
       -63.0192098,
       18.018479299999996
      ],
      [
       -63.0192298,
       18.0184845
      ],
      [
       -63.019253400000004,
       18.0185048
      ],
      [
       -63.0192161,
       18.018527299999995
      ],
      [
       -63.01917310000001,
       18.0185322
      ],
      [
       -63.01912990000001,
       18.018515600000008
      ],
      [
       -63.01911340000001,
       18.018524199999998
      ],
      [
       -63.01904530000001,
       18.018517499999998
      ],
      [
       -63.0190119,
       18.018483299999993
      ],
      [
       -63.0189836,
       18.018474999999995
      ],
      [
       -63.0189614,
       18.018486
      ],
      [
       -63.01890250000001,
       18.0184911
      ],
      [
       -63.01890149999999,
       18.018505399999995
      ],
      [
       -63.0189092,
       18.0185184
      ],
      [
       -63.01892560000001,
       18.018520599999995
      ],
      [
       -63.0189356,
       18.0185382
      ],
      [
       -63.0189315,
       18.018545999999997
      ],
      [
       -63.0189024,
       18.018548999999997
      ],
      [
       -63.01889740000001,
       18.018557699999995
      ],
      [
       -63.0188678,
       18.018578999999995
      ],
      [
       -63.0188582,
       18.018574300000004
      ],
      [
       -63.0188495,
       18.018561500000004
      ],
      [
       -63.0188248,
       18.0185664
      ],
      [
       -63.018812,
       18.0185533
      ],
      [
       -63.01878730000001,
       18.0185533
      ],
      [
       -63.01877410000001,
       18.018561499999993
      ],
      [
       -63.0187439,
       18.0185762
      ],
      [
       -63.018709900000005,
       18.0185676
      ],
      [
       -63.01868489999999,
       18.018569999999997
      ],
      [
       -63.018653799999996,
       18.018558699999996
      ],
      [
       -63.01859950000001,
       18.018526099999992
      ],
      [
       -63.01854920000001,
       18.018529399999995
      ],
      [
       -63.0185346,
       18.018564899999994
      ],
      [
       -63.018519100000006,
       18.018586499999998
      ],
      [
       -63.0184917,
       18.018580700000005
      ],
      [
       -63.018456699999994,
       18.0185917
      ],
      [
       -63.0184452,
       18.018566899999996
      ],
      [
       -63.01840250000001,
       18.0185673
      ],
      [
       -63.01836410000001,
       18.018558699999996
      ],
      [
       -63.01833020000001,
       18.0185745
      ],
      [
       -63.0183048,
       18.0185741
      ],
      [
       -63.0182793,
       18.018561499999997
      ],
      [
       -63.018248899999996,
       18.018572299999988
      ],
      [
       -63.018247099999996,
       18.018587
      ],
      [
       -63.0182271,
       18.018602499999993
      ],
      [
       -63.018215,
       18.0186047
      ],
      [
       -63.01819809999999,
       18.018585699999996
      ],
      [
       -63.0181985,
       18.0185671
      ],
      [
       -63.01814610000001,
       18.018520699999996
      ],
      [
       -63.018135,
       18.0184864
      ],
      [
       -63.0180891,
       18.018456599999993
      ],
      [
       -63.0180643,
       18.01841399999999
      ],
      [
       -63.01806,
       18.0183789
      ],
      [
       -63.0180184,
       18.018375399999996
      ],
      [
       -63.0179741,
       18.018384599999997
      ],
      [
       -63.0179433,
       18.018402299999998
      ],
      [
       -63.0178965,
       18.018405299999994
      ],
      [
       -63.0178816,
       18.0183727
      ],
      [
       -63.01788270000001,
       18.018362399999997
      ],
      [
       -63.017890400000006,
       18.018327
      ],
      [
       -63.017896699999994,
       18.0183165
      ],
      [
       -63.0179104,
       18.0183144
      ],
      [
       -63.0179391,
       18.0183327
      ],
      [
       -63.017944400000005,
       18.0183437
      ],
      [
       -63.0179571,
       18.0183419
      ],
      [
       -63.0179847,
       18.018328
      ],
      [
       -63.017993000000004,
       18.018310399999997
      ],
      [
       -63.017988200000005,
       18.0182982
      ],
      [
       -63.01796670000001,
       18.0182945
      ],
      [
       -63.0179476,
       18.018280699999995
      ],
      [
       -63.0179449,
       18.018259099999998
      ],
      [
       -63.0179059,
       18.0182496
      ],
      [
       -63.017875999999994,
       18.018262199999995
      ],
      [
       -63.0178153,
       18.018268399999997
      ],
      [
       -63.01776540000001,
       18.0182786
      ],
      [
       -63.0176986,
       18.0183161
      ],
      [
       -63.01760209999999,
       18.0183554
      ],
      [
       -63.01758250000001,
       18.0183577
      ],
      [
       -63.01757610000001,
       18.018345199999995
      ],
      [
       -63.0175349,
       18.018348300000003
      ],
      [
       -63.017521800000004,
       18.018355400000004
      ],
      [
       -63.01751790000001,
       18.018379499999998
      ],
      [
       -63.01750680000001,
       18.0183707
      ],
      [
       -63.017496200000004,
       18.0183517
      ],
      [
       -63.01747309999999,
       18.0183293
      ],
      [
       -63.0174802,
       18.0182969
      ],
      [
       -63.0174686,
       18.018289099999997
      ],
      [
       -63.017451900000005,
       18.018286199999995
      ],
      [
       -63.0174583,
       18.01825669999999
      ],
      [
       -63.017474400000005,
       18.0182365
      ],
      [
       -63.017474400000005,
       18.018221200000003
      ],
      [
       -63.0174797,
       18.0181991
      ],
      [
       -63.017594,
       18.018164199999998
      ],
      [
       -63.01759489999999,
       18.018123499999998
      ],
      [
       -63.017540000000004,
       18.0180886
      ],
      [
       -63.0174941,
       18.018077700000003
      ],
      [
       -63.0174556,
       18.0180844
      ],
      [
       -63.017435,
       18.018095399999996
      ],
      [
       -63.0173797,
       18.0180976
      ],
      [
       -63.0173734,
       18.018083499999996
      ],
      [
       -63.01735450000001,
       18.0180707
      ],
      [
       -63.01734040000001,
       18.018055800000003
      ],
      [
       -63.017335499999994,
       18.018039
      ],
      [
       -63.0173461,
       18.0180292
      ],
      [
       -63.0173708,
       18.0180109
      ],
      [
       -63.017374,
       18.017993199999996
      ],
      [
       -63.017378099999995,
       18.0179746
      ],
      [
       -63.017400900000005,
       18.017964299999996
      ],
      [
       -63.0174164,
       18.0179694
      ],
      [
       -63.0174295,
       18.017966000000005
      ],
      [
       -63.01743750000001,
       18.017956600000005
      ],
      [
       -63.0174349,
       18.017944
      ],
      [
       -63.017456700000004,
       18.0179013
      ],
      [
       -63.01744759999999,
       18.01789219999999
      ],
      [
       -63.0174472,
       18.0178762
      ],
      [
       -63.0174667,
       18.0178265
      ],
      [
       -63.0175117,
       18.0178227
      ],
      [
       -63.017537100000006,
       18.0178046
      ],
      [
       -63.017540700000005,
       18.017787299999995
      ],
      [
       -63.0175988,
       18.017765699999995
      ],
      [
       -63.01761979999999,
       18.0177579
      ],
      [
       -63.017718200000004,
       18.017786299999994
      ],
      [
       -63.0177577,
       18.0177945
      ],
      [
       -63.0177838,
       18.01781349999999
      ],
      [
       -63.017819,
       18.017810499999996
      ],
      [
       -63.0178463,
       18.0177941
      ],
      [
       -63.017869,
       18.0177612
      ],
      [
       -63.01790389999999,
       18.0177326
      ],
      [
       -63.0179602,
       18.0177536
      ],
      [
       -63.0179905,
       18.0178016
      ],
      [
       -63.018036800000004,
       18.017793800000003
      ]
     ]
    ]
   }
  },
  {
   "type": "Feature",
   "id": "ring_9",
   "properties": {
    "name": "islet or second ring",
    "area_m2": 11226
   },
   "geometry": {
    "type": "Polygon",
    "coordinates": [
     [
      [
       -62.99931930000001,
       18.0221438
      ],
      [
       -62.9993266,
       18.022148
      ],
      [
       -62.99934019999999,
       18.0221484
      ],
      [
       -62.9993423,
       18.0221572
      ],
      [
       -62.999347,
       18.0221678
      ],
      [
       -62.99936269999999,
       18.022173
      ],
      [
       -62.999373500000004,
       18.0221723
      ],
      [
       -62.99939220000001,
       18.0221724
      ],
      [
       -62.999417599999994,
       18.0221821
      ],
      [
       -62.9994186,
       18.0221926
      ],
      [
       -62.99939929999999,
       18.022207
      ],
      [
       -62.9993909,
       18.022216
      ],
      [
       -62.9994033,
       18.022224899999998
      ],
      [
       -62.999418199999994,
       18.0222393
      ],
      [
       -62.9994276,
       18.0222596
      ],
      [
       -62.9994353,
       18.0222761
      ],
      [
       -62.9994335,
       18.022295099999994
      ],
      [
       -62.9994196,
       18.022304599999995
      ],
      [
       -62.99938830000001,
       18.022310499999993
      ],
      [
       -62.9993716,
       18.0223127
      ],
      [
       -62.999331500000004,
       18.022318699999996
      ],
      [
       -62.9992801,
       18.0223106
      ],
      [
       -62.9992292,
       18.022333500000002
      ],
      [
       -62.99920980000001,
       18.0223334
      ],
      [
       -62.9991889,
       18.022341199999996
      ],
      [
       -62.9991326,
       18.0223284
      ],
      [
       -62.99910400000001,
       18.022309799999995
      ],
      [
       -62.9991014,
       18.022286899999997
      ],
      [
       -62.999121900000006,
       18.022259599999998
      ],
      [
       -62.9991577,
       18.022238399999996
      ],
      [
       -62.99921040000001,
       18.0222213
      ],
      [
       -62.9992375,
       18.0222011
      ],
      [
       -62.9992708,
       18.022179100000002
      ],
      [
       -62.9992665,
       18.022166499999997
      ],
      [
       -62.999258700000006,
       18.0221626
      ],
      [
       -62.9992354,
       18.022176099999996
      ],
      [
       -62.99921520000001,
       18.022198299999996
      ],
      [
       -62.99919160000001,
       18.022211099999996
      ],
      [
       -62.99917020000001,
       18.0222239
      ],
      [
       -62.99913529999999,
       18.022211099999996
      ],
      [
       -62.99908159999999,
       18.0221805
      ],
      [
       -62.999027999999996,
       18.022188099999997
      ],
      [
       -62.99905009999999,
       18.022211599999995
      ],
      [
       -62.999036700000005,
       18.0222283
      ],
      [
       -62.9990167,
       18.0222348
      ],
      [
       -62.99900340000001,
       18.0222209
      ],
      [
       -62.9989913,
       18.0222283
      ],
      [
       -62.9989777,
       18.022245999999996
      ],
      [
       -62.998960499999995,
       18.022237500000003
      ],
      [
       -62.99893410000001,
       18.022269799999997
      ],
      [
       -62.9989143,
       18.022327700000005
      ],
      [
       -62.998900199999994,
       18.02233569999999
      ],
      [
       -62.9988959,
       18.02235
      ],
      [
       -62.9988917,
       18.022359700000006
      ],
      [
       -62.9988793,
       18.0223649
      ],
      [
       -62.998868400000006,
       18.0223649
      ],
      [
       -62.998862700000004,
       18.022361199999995
      ],
      [
       -62.9988467,
       18.0223678
      ],
      [
       -62.99882350000001,
       18.022371299999996
      ],
      [
       -62.99878540000001,
       18.0223582
      ],
      [
       -62.9987837,
       18.0223532
      ],
      [
       -62.9987672,
       18.02235
      ],
      [
       -62.9987564,
       18.022342299999995
      ],
      [
       -62.99875990000001,
       18.0223314
      ],
      [
       -62.9987614,
       18.0223232
      ],
      [
       -62.9987642,
       18.022317100000002
      ],
      [
       -62.998758900000006,
       18.0223178
      ],
      [
       -62.9987533,
       18.0223209
      ],
      [
       -62.9987502,
       18.022334300000004
      ],
      [
       -62.9987407,
       18.0223364
      ],
      [
       -62.9987201,
       18.0223239
      ],
      [
       -62.9986853,
       18.022328
      ],
      [
       -62.9986485,
       18.0223255
      ],
      [
       -62.998622499999996,
       18.022338199999997
      ],
      [
       -62.998592,
       18.022337
      ],
      [
       -62.99854750000001,
       18.022329399999993
      ],
      [
       -62.998530699999996,
       18.022314299999998
      ],
      [
       -62.998519800000004,
       18.0223134
      ],
      [
       -62.9985075,
       18.0223216
      ],
      [
       -62.9984903,
       18.0223247
      ],
      [
       -62.9984621,
       18.022320300000004
      ],
      [
       -62.998443,
       18.022303899999997
      ],
      [
       -62.998415800000004,
       18.0223074
      ],
      [
       -62.998382199999995,
       18.0223
      ],
      [
       -62.998412200000004,
       18.022291399999997
      ],
      [
       -62.99847479999999,
       18.022286199999996
      ],
      [
       -62.9984898,
       18.0222724
      ],
      [
       -62.998488,
       18.022259400000003
      ],
      [
       -62.99847580000001,
       18.022255899999998
      ],
      [
       -62.99847650000001,
       18.0222416
      ],
      [
       -62.9984892,
       18.0222372
      ],
      [
       -62.998497,
       18.0222373
      ],
      [
       -62.99849549999999,
       18.022231500000004
      ],
      [
       -62.9984906,
       18.022229300000003
      ],
      [
       -62.99849129999999,
       18.0222214
      ],
      [
       -62.998502200000004,
       18.022215000000003
      ],
      [
       -62.9985246,
       18.022208799999994
      ],
      [
       -62.9985371,
       18.022201599999992
      ],
      [
       -62.998536099999995,
       18.022189799999996
      ],
      [
       -62.998539400000006,
       18.0221779
      ],
      [
       -62.9985305,
       18.022166399999993
      ],
      [
       -62.998529,
       18.022159999999996
      ],
      [
       -62.9985218,
       18.022157899999996
      ],
      [
       -62.9985134,
       18.022147000000004
      ],
      [
       -62.9985119,
       18.022139699999997
      ],
      [
       -62.9985063,
       18.022133899999996
      ],
      [
       -62.9984963,
       18.0221208
      ],
      [
       -62.99849669999999,
       18.022115499999998
      ],
      [
       -62.9985042,
       18.0221095
      ],
      [
       -62.9985122,
       18.0221048
      ],
      [
       -62.9985119,
       18.022098899999996
      ],
      [
       -62.998506,
       18.022099499999996
      ],
      [
       -62.998493800000006,
       18.0221056
      ],
      [
       -62.998485099999996,
       18.022117799999993
      ],
      [
       -62.9984726,
       18.022123900000004
      ],
      [
       -62.9984619,
       18.022122999999997
      ],
      [
       -62.9984525,
       18.022126200000002
      ],
      [
       -62.99845330000001,
       18.022148599999998
      ],
      [
       -62.9984318,
       18.022145299999995
      ],
      [
       -62.998411600000004,
       18.0221434
      ],
      [
       -62.998401099999995,
       18.0221481
      ],
      [
       -62.99838539999999,
       18.022148
      ],
      [
       -62.9983728,
       18.022140400000005
      ],
      [
       -62.99836160000001,
       18.0221468
      ],
      [
       -62.9983352,
       18.022151299999997
      ],
      [
       -62.9983265,
       18.0221437
      ],
      [
       -62.998316200000005,
       18.022128700000003
      ],
      [
       -62.998317099999994,
       18.022109100000005
      ],
      [
       -62.9983235,
       18.022091900000003
      ],
      [
       -62.9983239,
       18.022068100000002
      ],
      [
       -62.998299700000004,
       18.0220705
      ],
      [
       -62.9982888,
       18.022056999999997
      ],
      [
       -62.9982908,
       18.022044399999995
      ],
      [
       -62.9982582,
       18.0219832
      ],
      [
       -62.9982635,
       18.021966
      ],
      [
       -62.9982813,
       18.021948999999996
      ],
      [
       -62.9983004,
       18.0219479
      ],
      [
       -62.9983067,
       18.021950699999998
      ],
      [
       -62.9983163,
       18.021958900000005
      ],
      [
       -62.9983206,
       18.0219676
      ],
      [
       -62.9983251,
       18.021967799999995
      ],
      [
       -62.9983254,
       18.021961999999995
      ],
      [
       -62.998314,
       18.021946599999993
      ],
      [
       -62.9983044,
       18.021929100000005
      ],
      [
       -62.998310200000006,
       18.021919199999992
      ],
      [
       -62.9983253,
       18.0219168
      ],
      [
       -62.9983287,
       18.0219088
      ],
      [
       -62.9983424,
       18.021899399999995
      ],
      [
       -62.9983494,
       18.021899100000002
      ],
      [
       -62.998362,
       18.021900699999996
      ],
      [
       -62.99837470000001,
       18.021906199999997
      ],
      [
       -62.998382500000005,
       18.0219047
      ],
      [
       -62.9983939,
       18.021904700000004
      ],
      [
       -62.99838890000001,
       18.021898099999998
      ],
      [
       -62.9983776,
       18.0218964
      ],
      [
       -62.9983626,
       18.021893499999997
      ],
      [
       -62.9983553,
       18.021889399999996
      ],
      [
       -62.9983482,
       18.021881600000004
      ],
      [
       -62.9983553,
       18.021848499999997
      ],
      [
       -62.9983709,
       18.0218376
      ],
      [
       -62.998381300000005,
       18.021837599999998
      ],
      [
       -62.9983938,
       18.021852399999997
      ],
      [
       -62.998401099999995,
       18.0218491
      ],
      [
       -62.998402000000006,
       18.021840300000004
      ],
      [
       -62.998425399999995,
       18.021831499999998
      ],
      [
       -62.998436500000004,
       18.021836800000003
      ],
      [
       -62.99845100000001,
       18.021834199999997
      ],
      [
       -62.9984696,
       18.021826499999996
      ],
      [
       -62.99848300000001,
       18.021828
      ],
      [
       -62.99849069999999,
       18.021813000000005
      ],
      [
       -62.9985,
       18.021806
      ],
      [
       -62.998499100000004,
       18.021791499999996
      ],
      [
       -62.99847599999999,
       18.021757100000002
      ],
      [
       -62.998491400000006,
       18.021746199999995
      ],
      [
       -62.99851030000001,
       18.0217367
      ],
      [
       -62.9985248,
       18.021748300000002
      ],
      [
       -62.99853569999999,
       18.0217517
      ],
      [
       -62.9985446,
       18.0217591
      ],
      [
       -62.998562500000006,
       18.0217448
      ],
      [
       -62.99859790000001,
       18.021730699999996
      ],
      [
       -62.9986667,
       18.0217013
      ],
      [
       -62.99867999999999,
       18.021682399999996
      ],
      [
       -62.9986832,
       18.021650100000002
      ],
      [
       -62.9986895,
       18.021638999999997
      ],
      [
       -62.9987023,
       18.021631599999996
      ],
      [
       -62.9987325,
       18.021640699999995
      ],
      [
       -62.9987594,
       18.021633399999995
      ],
      [
       -62.9987864,
       18.0216236
      ],
      [
       -62.99880670000001,
       18.021639599999997
      ],
      [
       -62.998801500000006,
       18.0216534
      ],
      [
       -62.9988058,
       18.021669100000004
      ],
      [
       -62.99879669999999,
       18.021689599999995
      ],
      [
       -62.9987639,
       18.0217121
      ],
      [
       -62.9987117,
       18.0217112
      ],
      [
       -62.9986821,
       18.0217062
      ],
      [
       -62.9986934,
       18.0217218
      ],
      [
       -62.99873560000001,
       18.021728299999996
      ],
      [
       -62.9987801,
       18.0217237
      ],
      [
       -62.998809300000005,
       18.0217337
      ],
      [
       -62.998877,
       18.0217372
      ],
      [
       -62.99891800000001,
       18.0217673
      ],
      [
       -62.99894479999999,
       18.021746899999997
      ],
      [
       -62.9989807,
       18.021723199999997
      ],
      [
       -62.9989958,
       18.021703500000005
      ],
      [
       -62.998977000000004,
       18.021680599999996
      ],
      [
       -62.9989565,
       18.021639
      ],
      [
       -62.998985100000006,
       18.021621900000003
      ],
      [
       -62.999030700000006,
       18.021596400000004
      ],
      [
       -62.9990629,
       18.021606600000002
      ],
      [
       -62.9990879,
       18.021616199999997
      ],
      [
       -62.9991091,
       18.0216425
      ],
      [
       -62.99913720000001,
       18.0216516
      ],
      [
       -62.9991637,
       18.021657
      ],
      [
       -62.9992067,
       18.0216694
      ],
      [
       -62.9992214,
       18.021659
      ],
      [
       -62.9992227,
       18.0216431
      ],
      [
       -62.999234300000005,
       18.021628500000002
      ],
      [
       -62.9992465,
       18.021630899999998
      ],
      [
       -62.9992529,
       18.021651000000002
      ],
      [
       -62.999281100000005,
       18.0216584
      ],
      [
       -62.9993505,
       18.0216608
      ],
      [
       -62.9993923,
       18.021661999999992
      ],
      [
       -62.9994572,
       18.0216627
      ],
      [
       -62.999554100000005,
       18.021658600000002
      ],
      [
       -62.9995656,
       18.0216467
      ],
      [
       -62.9995888,
       18.021645
      ],
      [
       -62.999573899999994,
       18.0216318
      ],
      [
       -62.9995659,
       18.021632199999996
      ],
      [
       -62.9995436,
       18.0216357
      ],
      [
       -62.99952420000001,
       18.021614299999996
      ],
      [
       -62.9995209,
       18.021595100000003
      ],
      [
       -62.9995341,
       18.021575699999993
      ],
      [
       -62.9995609,
       18.0215868
      ],
      [
       -62.999589500000006,
       18.021581999999995
      ],
      [
       -62.999638100000006,
       18.021585599999998
      ],
      [
       -62.9996499,
       18.0216048
      ],
      [
       -62.999711600000005,
       18.0216022
      ],
      [
       -62.99976290000001,
       18.0216143
      ],
      [
       -62.999852,
       18.021624
      ],
      [
       -62.9998705,
       18.021627499999997
      ],
      [
       -62.9998905,
       18.0216398
      ],
      [
       -62.99989250000001,
       18.021626999999995
      ],
      [
       -62.9999076,
       18.021615299999993
      ],
      [
       -62.9999211,
       18.021605000000005
      ],
      [
       -62.9999397,
       18.021620599999995
      ],
      [
       -62.9999697,
       18.0216292
      ],
      [
       -63.00007010000001,
       18.0216278
      ],
      [
       -63.00009789999999,
       18.0216365
      ],
      [
       -63.0001239,
       18.0216487
      ],
      [
       -63.000138699999994,
       18.0216545
      ],
      [
       -63.00015650000001,
       18.0216522
      ],
      [
       -63.000179499999994,
       18.021670900000004
      ],
      [
       -63.00020279999999,
       18.021698200000003
      ],
      [
       -63.00022220000001,
       18.0216996
      ],
      [
       -63.0002286,
       18.021706399999996
      ],
      [
       -63.0002189,
       18.0217239
      ],
      [
       -63.000220299999995,
       18.021751000000002
      ],
      [
       -63.0001899,
       18.021779100000003
      ],
      [
       -63.000159999999994,
       18.0217843
      ],
      [
       -63.000140800000004,
       18.021787899999996
      ],
      [
       -63.0001349,
       18.0217978
      ],
      [
       -63.0001349,
       18.021816699999995
      ],
      [
       -63.0001356,
       18.021837699999995
      ],
      [
       -63.0001224,
       18.021871899999997
      ],
      [
       -63.000092800000004,
       18.0219127
      ],
      [
       -63.000058,
       18.021945799999997
      ],
      [
       -63.00002450000001,
       18.0219528
      ],
      [
       -62.9999923,
       18.021953200000002
      ],
      [
       -62.99996960000001,
       18.0219588
      ],
      [
       -62.9999537,
       18.021970099999997
      ],
      [
       -62.9999169,
       18.021982999999995
      ],
      [
       -62.9998929,
       18.021984299999996
      ],
      [
       -62.9998525,
       18.0219973
      ],
      [
       -62.9998438,
       18.022013599999998
      ],
      [
       -62.9998098,
       18.0220334
      ],
      [
       -62.99976830000001,
       18.022047900000004
      ],
      [
       -62.999748,
       18.022039100000004
      ],
      [
       -62.99973099999999,
       18.0220414
      ],
      [
       -62.9997213,
       18.0220496
      ],
      [
       -62.9996905,
       18.022060600000003
      ],
      [
       -62.9996449,
       18.022059299999995
      ],
      [
       -62.99961720000001,
       18.022064299999997
      ],
      [
       -62.999594599999995,
       18.022072499999997
      ],
      [
       -62.999598500000005,
       18.0220837
      ],
      [
       -62.999615899999995,
       18.0220858
      ],
      [
       -62.9996502,
       18.022088500000002
      ],
      [
       -62.99966529999999,
       18.0221295
      ],
      [
       -62.9996808,
       18.022143799999995
      ],
      [
       -62.999690300000005,
       18.022141799999996
      ],
      [
       -62.9996935,
       18.0221302
      ],
      [
       -62.99971910000001,
       18.022115600000003
      ],
      [
       -62.9997301,
       18.022123800000003
      ],
      [
       -62.999727500000006,
       18.022131700000003
      ],
      [
       -62.9997069,
       18.022151999999995
      ],
      [
       -62.9997217,
       18.022182199999992
      ],
      [
       -62.99971029999999,
       18.022195999999994
      ],
      [
       -62.9996932,
       18.0221984
      ],
      [
       -62.9996556,
       18.0222137
      ],
      [
       -62.999623400000004,
       18.0222366
      ],
      [
       -62.9995564,
       18.022262099999995
      ],
      [
       -62.9995008,
       18.0222023
      ],
      [
       -62.999465300000004,
       18.0221892
      ],
      [
       -62.9994385,
       18.022165
      ],
      [
       -62.99943900000001,
       18.0221486
      ],
      [
       -62.999401,
       18.022146000000003
      ],
      [
       -62.999379,
       18.022128799999997
      ],
      [
       -62.9993694,
       18.022113899999997
      ],
      [
       -62.9993588,
       18.0221109
      ],
      [
       -62.99934540000001,
       18.022130099999995
      ],
      [
       -62.999328,
       18.02213679999999
      ],
      [
       -62.99931930000001,
       18.0221438
      ]
     ]
    ]
   }
  },
  {
   "type": "Feature",
   "id": "ring_10",
   "properties": {
    "name": "islet or second ring",
    "area_m2": 11099
   },
   "geometry": {
    "type": "Polygon",
    "coordinates": [
     [
      [
       -63.055391799999995,
       18.117697299999996
      ],
      [
       -63.0554154,
       18.117628599999996
      ],
      [
       -63.05542100000001,
       18.1175651
      ],
      [
       -63.055417899999995,
       18.11750109999999
      ],
      [
       -63.0554087,
       18.117434100000004
      ],
      [
       -63.0554229,
       18.117403199999995
      ],
      [
       -63.0554777,
       18.1173911
      ],
      [
       -63.0555263,
       18.1174196
      ],
      [
       -63.0555845,
       18.117465700000007
      ],
      [
       -63.0556326,
       18.1175104
      ],
      [
       -63.0556936,
       18.1175578
      ],
      [
       -63.0557115,
       18.117597499999995
      ],
      [
       -63.0557173,
       18.1176103
      ],
      [
       -63.05571989999999,
       18.1176621
      ],
      [
       -63.0557358,
       18.1177125
      ],
      [
       -63.0557387,
       18.117767299999997
      ],
      [
       -63.05578030000001,
       18.1178073
      ],
      [
       -63.0558388,
       18.1178247
      ],
      [
       -63.0559108,
       18.117825299999996
      ],
      [
       -63.0559837,
       18.1178085
      ],
      [
       -63.056066400000006,
       18.117799700000003
      ],
      [
       -63.0561292,
       18.1178116
      ],
      [
       -63.0562015,
       18.117843300000004
      ],
      [
       -63.0563032,
       18.117838999999996
      ],
      [
       -63.0563702,
       18.117841799999997
      ],
      [
       -63.0564218,
       18.117859799999998
      ],
      [
       -63.05649480000001,
       18.117844099999996
      ],
      [
       -63.056575,
       18.117850500000003
      ],
      [
       -63.056632699999994,
       18.117821800000005
      ],
      [
       -63.05666900000001,
       18.1178115
      ],
      [
       -63.05671329999999,
       18.117794
      ],
      [
       -63.0567333,
       18.1177941
      ],
      [
       -63.056740700000006,
       18.117794199999995
      ],
      [
       -63.0567669,
       18.1178047
      ],
      [
       -63.0567945,
       18.1178018
      ],
      [
       -63.0568192,
       18.1178123
      ],
      [
       -63.056837800000004,
       18.117836200000003
      ],
      [
       -63.0568516,
       18.1178714
      ],
      [
       -63.05688140000001,
       18.1179189
      ],
      [
       -63.0569138,
       18.117935799999998
      ],
      [
       -63.0569557,
       18.117969100000003
      ],
      [
       -63.05697500000001,
       18.117996800000004
      ],
      [
       -63.0570093,
       18.117994299999996
      ],
      [
       -63.0570256,
       18.118028399999996
      ],
      [
       -63.05703350000001,
       18.118038600000002
      ],
      [
       -63.0570392,
       18.1180646
      ],
      [
       -63.057036999999994,
       18.118091099999997
      ],
      [
       -63.05704310000001,
       18.1181188
      ],
      [
       -63.0570354,
       18.118145599999995
      ],
      [
       -63.0570189,
       18.1181646
      ],
      [
       -63.05702409999999,
       18.118192999999998
      ],
      [
       -63.0570255,
       18.1182163
      ],
      [
       -63.0570141,
       18.1182411
      ],
      [
       -63.05697980000001,
       18.118246200000005
      ],
      [
       -63.0569391,
       18.118242999999996
      ],
      [
       -63.0569149,
       18.1182307
      ],
      [
       -63.05689509999999,
       18.118231299999998
      ],
      [
       -63.05687210000001,
       18.118249100000003
      ],
      [
       -63.05683820000001,
       18.1182625
      ],
      [
       -63.0567991,
       18.1182634
      ],
      [
       -63.0567568,
       18.1182491
      ],
      [
       -63.05671809999999,
       18.1182513
      ],
      [
       -63.056698700000005,
       18.1182729
      ],
      [
       -63.0566727,
       18.1182848
      ],
      [
       -63.056628499999995,
       18.118278700000005
      ],
      [
       -63.0565876,
       18.1182769
      ],
      [
       -63.0565717,
       18.118270400000004
      ],
      [
       -63.056550200000004,
       18.1182841
      ],
      [
       -63.05652510000001,
       18.118273999999996
      ],
      [
       -63.056495000000005,
       18.118268399999998
      ],
      [
       -63.05645160000001,
       18.1182526
      ],
      [
       -63.0563993,
       18.118219199999995
      ],
      [
       -63.056358200000005,
       18.1182164
      ],
      [
       -63.0563683,
       18.118237900000004
      ],
      [
       -63.0563497,
       18.1182618
      ],
      [
       -63.0563089,
       18.118256699999996
      ],
      [
       -63.0562315,
       18.118237600000004
      ],
      [
       -63.0561781,
       18.118271999999997
      ],
      [
       -63.056129399999996,
       18.1182783
      ],
      [
       -63.0560783,
       18.1183015
      ],
      [
       -63.0560387,
       18.1182732
      ],
      [
       -63.05598930000001,
       18.1182414
      ],
      [
       -63.05595799999999,
       18.11820369999999
      ],
      [
       -63.0559239,
       18.1182
      ],
      [
       -63.055882800000006,
       18.118184399999997
      ],
      [
       -63.0558665,
       18.118162499999997
      ],
      [
       -63.05586430000001,
       18.1181566
      ],
      [
       -63.0558571,
       18.1181373
      ],
      [
       -63.0558086,
       18.1181322
      ],
      [
       -63.0557457,
       18.118146699999993
      ],
      [
       -63.055710100000006,
       18.118195099999994
      ],
      [
       -63.055713000000004,
       18.1182775
      ],
      [
       -63.05567849999999,
       18.118282399999995
      ],
      [
       -63.0556281,
       18.1182778
      ],
      [
       -63.0556061,
       18.118260000000003
      ],
      [
       -63.05557499999999,
       18.1182533
      ],
      [
       -63.0555351,
       18.118234
      ],
      [
       -63.055493500000004,
       18.118218099999996
      ],
      [
       -63.05550809999999,
       18.118233599999993
      ],
      [
       -63.0555233,
       18.1182435
      ],
      [
       -63.0555449,
       18.1182499
      ],
      [
       -63.0555677,
       18.1182859
      ],
      [
       -63.055572999999995,
       18.1183025
      ],
      [
       -63.0555722,
       18.1183281
      ],
      [
       -63.0555608,
       18.1183382
      ],
      [
       -63.0555677,
       18.118353300000003
      ],
      [
       -63.05556839999999,
       18.118368099999998
      ],
      [
       -63.05556310000001,
       18.118381900000003
      ],
      [
       -63.0555438,
       18.118382799999996
      ],
      [
       -63.05551570000001,
       18.1183728
      ],
      [
       -63.0554825,
       18.118370199999998
      ],
      [
       -63.0554663,
       18.118361899999996
      ],
      [
       -63.055458099999996,
       18.1183498
      ],
      [
       -63.05544530000001,
       18.1183424
      ],
      [
       -63.0554262,
       18.118338299999998
      ],
      [
       -63.0553959,
       18.1183212
      ],
      [
       -63.05537720000001,
       18.1183202
      ],
      [
       -63.0553629,
       18.118305199999998
      ],
      [
       -63.055338400000004,
       18.118290299999995
      ],
      [
       -63.05535590000001,
       18.1183122
      ],
      [
       -63.055355500000005,
       18.1183219
      ],
      [
       -63.055346799999995,
       18.1183255
      ],
      [
       -63.05532869999999,
       18.118325700000003
      ],
      [
       -63.055321000000006,
       18.1183313
      ],
      [
       -63.0553152,
       18.1183319
      ],
      [
       -63.055306300000005,
       18.118327500000003
      ],
      [
       -63.05529610000001,
       18.118324099999995
      ],
      [
       -63.0552924,
       18.118324399999995
      ],
      [
       -63.0552915,
       18.118327800000003
      ],
      [
       -63.0553052,
       18.118333200000002
      ],
      [
       -63.055322,
       18.118342299999995
      ],
      [
       -63.05533760000001,
       18.118349400000003
      ],
      [
       -63.0553397,
       18.1183554
      ],
      [
       -63.05533689999999,
       18.118361499999995
      ],
      [
       -63.055330299999994,
       18.118364099999997
      ],
      [
       -63.0553217,
       18.118363800000004
      ],
      [
       -63.0553122,
       18.118360200000005
      ],
      [
       -63.0553011,
       18.118353099999993
      ],
      [
       -63.05528660000001,
       18.1183426
      ],
      [
       -63.0552799,
       18.118340699999994
      ],
      [
       -63.0552768,
       18.1183437
      ],
      [
       -63.055278,
       18.1183475
      ],
      [
       -63.0552846,
       18.1183525
      ],
      [
       -63.05529140000001,
       18.118358999999998
      ],
      [
       -63.055291000000004,
       18.118364099999997
      ],
      [
       -63.05528609999999,
       18.118364999999997
      ],
      [
       -63.0552837,
       18.1183706
      ],
      [
       -63.0552917,
       18.118380699999996
      ],
      [
       -63.055288000000004,
       18.118395000000003
      ],
      [
       -63.0552781,
       18.118401200000005
      ],
      [
       -63.0552578,
       18.118398999999993
      ],
      [
       -63.0552355,
       18.1183843
      ],
      [
       -63.0552309,
       18.118369
      ],
      [
       -63.05522090000001,
       18.118362199999996
      ],
      [
       -63.055214,
       18.1183618
      ],
      [
       -63.0552057,
       18.1183662
      ],
      [
       -63.0551811,
       18.118362399999995
      ],
      [
       -63.055173100000005,
       18.118348800000003
      ],
      [
       -63.0551526,
       18.1183438
      ],
      [
       -63.0551515,
       18.118363600000006
      ],
      [
       -63.0551307,
       18.118377999999993
      ],
      [
       -63.055109800000004,
       18.1183885
      ],
      [
       -63.0550878,
       18.1183874
      ],
      [
       -63.05506929999999,
       18.118373700000003
      ],
      [
       -63.0550437,
       18.1183506
      ],
      [
       -63.0550398,
       18.118331899999998
      ],
      [
       -63.0550506,
       18.1183222
      ],
      [
       -63.055035,
       18.1183029
      ],
      [
       -63.0550314,
       18.118287099999996
      ],
      [
       -63.0550125,
       18.1182707
      ],
      [
       -63.0550003,
       18.118261900000004
      ],
      [
       -63.0549797,
       18.1182357
      ],
      [
       -63.0549802,
       18.118201699999997
      ],
      [
       -63.0549753,
       18.118183300000002
      ],
      [
       -63.0549768,
       18.118167099999997
      ],
      [
       -63.054967700000006,
       18.1181549
      ],
      [
       -63.0549715,
       18.118145699999996
      ],
      [
       -63.0549821,
       18.118136799999995
      ],
      [
       -63.054996100000004,
       18.1181332
      ],
      [
       -63.0550098,
       18.1181372
      ],
      [
       -63.05502380000001,
       18.118148
      ],
      [
       -63.0550257,
       18.118165
      ],
      [
       -63.0550466,
       18.118166
      ],
      [
       -63.0550683,
       18.118148500000004
      ],
      [
       -63.0550875,
       18.118153400000004
      ],
      [
       -63.0551031,
       18.118141500000004
      ],
      [
       -63.05511560000001,
       18.118125300000003
      ],
      [
       -63.05515760000001,
       18.1181335
      ],
      [
       -63.05518250000001,
       18.1181053
      ],
      [
       -63.05517819999999,
       18.1180834
      ],
      [
       -63.05519060000001,
       18.118059999999996
      ],
      [
       -63.05518250000001,
       18.1180375
      ],
      [
       -63.05518790000001,
       18.1180054
      ],
      [
       -63.05520020000001,
       18.117969799999997
      ],
      [
       -63.0552177,
       18.1179379
      ],
      [
       -63.055236,
       18.1178863
      ],
      [
       -63.05526890000001,
       18.117844399999996
      ],
      [
       -63.0552992,
       18.117817899999995
      ],
      [
       -63.0553385,
       18.117816599999998
      ],
      [
       -63.055347399999995,
       18.1177996
      ],
      [
       -63.05534060000001,
       18.117783599999992
      ],
      [
       -63.055304199999995,
       18.117779300000002
      ],
      [
       -63.0553148,
       18.117728799999995
      ],
      [
       -63.0553444,
       18.117720200000004
      ],
      [
       -63.055391799999995,
       18.117697299999996
      ]
     ]
    ]
   }
  },
  {
   "type": "Feature",
   "id": "ring_11",
   "properties": {
    "name": "islet or second ring",
    "area_m2": 18877
   },
   "geometry": {
    "type": "Polygon",
    "coordinates": [
     [
      [
       -63.089557,
       18.038296499999994
      ],
      [
       -63.0895682,
       18.038337999999996
      ],
      [
       -63.0895837,
       18.038365299999995
      ],
      [
       -63.08958090000001,
       18.0383955
      ],
      [
       -63.0895879,
       18.0384251
      ],
      [
       -63.0895682,
       18.038489799999997
      ],
      [
       -63.0895682,
       18.038558200000004
      ],
      [
       -63.0895735,
       18.038574900000004
      ],
      [
       -63.08957670000001,
       18.038606200000004
      ],
      [
       -63.08957670000001,
       18.038656800000002
      ],
      [
       -63.0895651,
       18.0387068
      ],
      [
       -63.0895495,
       18.038772499999993
      ],
      [
       -63.089527100000005,
       18.038828
      ],
      [
       -63.089522900000006,
       18.038873400000003
      ],
      [
       -63.08947950000001,
       18.0389348
      ],
      [
       -63.0894326,
       18.0389877
      ],
      [
       -63.0894145,
       18.0390079
      ],
      [
       -63.08939670000001,
       18.0390331
      ],
      [
       -63.089375600000004,
       18.0390571
      ],
      [
       -63.089351,
       18.039087700000003
      ],
      [
       -63.0893331,
       18.0391114
      ],
      [
       -63.0893206,
       18.039126599999996
      ],
      [
       -63.0893054,
       18.0391503
      ],
      [
       -63.0892976,
       18.039162
      ],
      [
       -63.0892923,
       18.039171099999997
      ],
      [
       -63.0892708,
       18.039190800000004
      ],
      [
       -63.0892462,
       18.039181099999997
      ],
      [
       -63.0891862,
       18.0391872
      ],
      [
       -63.08914390000001,
       18.0392111
      ],
      [
       -63.08912389999999,
       18.0392213
      ],
      [
       -63.089105700000005,
       18.0392438
      ],
      [
       -63.0890626,
       18.039285700000004
      ],
      [
       -63.08903980000001,
       18.039345799999996
      ],
      [
       -63.089021,
       18.039395099999997
      ],
      [
       -63.08905630000001,
       18.0394176
      ],
      [
       -63.089053500000006,
       18.039440900000002
      ],
      [
       -63.0890482,
       18.039463599999998
      ],
      [
       -63.089017199999994,
       18.039487699999995
      ],
      [
       -63.0889892,
       18.039503899999996
      ],
      [
       -63.08893870000001,
       18.039519100000003
      ],
      [
       -63.0888278,
       18.039553600000005
      ],
      [
       -63.0886685,
       18.039569399999998
      ],
      [
       -63.08863259999999,
       18.0395659
      ],
      [
       -63.0886034,
       18.0395542
      ],
      [
       -63.0885453,
       18.039510599999993
      ],
      [
       -63.0884836,
       18.0394706
      ],
      [
       -63.08845910000001,
       18.0394488
      ],
      [
       -63.0884394,
       18.039423000000003
      ],
      [
       -63.088431400000005,
       18.039409900000003
      ],
      [
       -63.0884229,
       18.0393972
      ],
      [
       -63.0884154,
       18.039380499999996
      ],
      [
       -63.0884016,
       18.039352200000003
      ],
      [
       -63.088384600000005,
       18.039308099999996
      ],
      [
       -63.08836910000001,
       18.039279800000003
      ],
      [
       -63.0883638,
       18.0392646
      ],
      [
       -63.0883521,
       18.0391968
      ],
      [
       -63.0883622,
       18.0391351
      ],
      [
       -63.0883638,
       18.039083400000003
      ],
      [
       -63.0883665,
       18.039068299999997
      ],
      [
       -63.08838080000001,
       18.0390399
      ],
      [
       -63.0883782,
       18.039023200000003
      ],
      [
       -63.0883713,
       18.0390091
      ],
      [
       -63.0883292,
       18.038961999999998
      ],
      [
       -63.0883244,
       18.0389463
      ],
      [
       -63.0883266,
       18.038840000000004
      ],
      [
       -63.0883521,
       18.038782299999998
      ],
      [
       -63.088363300000005,
       18.0387707
      ],
      [
       -63.0883766,
       18.038761600000004
      ],
      [
       -63.0883899,
       18.038751
      ],
      [
       -63.0884037,
       18.038743900000004
      ],
      [
       -63.08841279999999,
       18.038731699999996
      ],
      [
       -63.08841760000001,
       18.0387176
      ],
      [
       -63.08841650000001,
       18.0386396
      ],
      [
       -63.0884112,
       18.038565199999997
      ],
      [
       -63.088403199999995,
       18.038533399999995
      ],
      [
       -63.0883634,
       18.0384365
      ],
      [
       -63.08835140000001,
       18.038355399999997
      ],
      [
       -63.0883498,
       18.038319
      ],
      [
       -63.0883574,
       18.0382628
      ],
      [
       -63.0883799,
       18.0382663
      ],
      [
       -63.0883795,
       18.0382408
      ],
      [
       -63.0883707,
       18.0382133
      ],
      [
       -63.088369900000004,
       18.0381788
      ],
      [
       -63.0883729,
       18.038158600000003
      ],
      [
       -63.08838380000001,
       18.038124599999996
      ],
      [
       -63.0884132,
       18.038078600000002
      ],
      [
       -63.0884304,
       18.0380596
      ],
      [
       -63.08845310000001,
       18.038020699999997
      ],
      [
       -63.0885012,
       18.0379838
      ],
      [
       -63.088523800000004,
       18.0379637
      ],
      [
       -63.0885783,
       18.037933899999995
      ],
      [
       -63.088651299999995,
       18.037907099999998
      ],
      [
       -63.0887022,
       18.0379007
      ],
      [
       -63.0887583,
       18.037890999999995
      ],
      [
       -63.08880280000001,
       18.037884299999998
      ],
      [
       -63.0889547,
       18.0378975
      ],
      [
       -63.0890269,
       18.0379177
      ],
      [
       -63.089083800000004,
       18.037938499999996
      ],
      [
       -63.08911440000001,
       18.0379441
      ],
      [
       -63.08915110000001,
       18.037956999999995
      ],
      [
       -63.0892039,
       18.0379672
      ],
      [
       -63.0892628,
       18.037991600000005
      ],
      [
       -63.0893221,
       18.0380135
      ],
      [
       -63.0893692,
       18.038046699999995
      ],
      [
       -63.089399,
       18.038082
      ],
      [
       -63.0894256,
       18.0381239
      ],
      [
       -63.0894711,
       18.038139800000003
      ],
      [
       -63.089503,
       18.0381673
      ],
      [
       -63.0895101,
       18.038188600000005
      ],
      [
       -63.0895155,
       18.0382252
      ],
      [
       -63.0895475,
       18.0382662
      ],
      [
       -63.089557,
       18.038296499999994
      ]
     ]
    ]
   }
  },
  {
   "type": "Feature",
   "id": "ring_12",
   "properties": {
    "name": "islet or second ring",
    "area_m2": 5656
   },
   "geometry": {
    "type": "Polygon",
    "coordinates": [
     [
      [
       -63.045184400000004,
       18.12047159999999
      ],
      [
       -63.045176700000006,
       18.120456999999995
      ],
      [
       -63.0451586,
       18.1204488
      ],
      [
       -63.0451301,
       18.120415900000005
      ],
      [
       -63.04513510000001,
       18.120395899999995
      ],
      [
       -63.04510500000001,
       18.1203959
      ],
      [
       -63.0450761,
       18.120401900000005
      ],
      [
       -63.045022200000005,
       18.1204118
      ],
      [
       -63.045002399999994,
       18.120363
      ],
      [
       -63.0449467,
       18.120364299999995
      ],
      [
       -63.0449186,
       18.1203178
      ],
      [
       -63.044913900000005,
       18.120296799999995
      ],
      [
       -63.0448958,
       18.1202968
      ],
      [
       -63.04486810000001,
       18.1202585
      ],
      [
       -63.04482670000001,
       18.1202458
      ],
      [
       -63.04480589999999,
       18.120218999999995
      ],
      [
       -63.0447838,
       18.1202088
      ],
      [
       -63.044800499999994,
       18.1201712
      ],
      [
       -63.04483210000001,
       18.120143799999994
      ],
      [
       -63.044819999999994,
       18.1201145
      ],
      [
       -63.044822,
       18.120094099999996
      ],
      [
       -63.044811900000006,
       18.120072400000005
      ],
      [
       -63.0448803,
       18.119989600000004
      ],
      [
       -63.0448481,
       18.119950099999997
      ],
      [
       -63.044879,
       18.119910600000004
      ],
      [
       -63.0449229,
       18.1198661
      ],
      [
       -63.0450137,
       18.1198295
      ],
      [
       -63.04501909999999,
       18.119748099999995
      ],
      [
       -63.04505,
       18.1196636
      ],
      [
       -63.0450527,
       18.11957469999999
      ],
      [
       -63.04506870000001,
       18.1195345
      ],
      [
       -63.0450728,
       18.119482299999998
      ],
      [
       -63.0451009,
       18.1194562
      ],
      [
       -63.0450674,
       18.119417300000002
      ],
      [
       -63.04506469999999,
       18.1193752
      ],
      [
       -63.04506409999999,
       18.119336399999998
      ],
      [
       -63.04506409999999,
       18.119260500000003
      ],
      [
       -63.0450346,
       18.1191993
      ],
      [
       -63.0450004,
       18.1192025
      ],
      [
       -63.044993700000006,
       18.119185999999996
      ],
      [
       -63.044991599999996,
       18.119145200000002
      ],
      [
       -63.0449447,
       18.119105
      ],
      [
       -63.0449263,
       18.1189808
      ],
      [
       -63.0449655,
       18.119013900000002
      ],
      [
       -63.045052,
       18.119041300000003
      ],
      [
       -63.0450808,
       18.119041300000003
      ],
      [
       -63.045108299999995,
       18.119071899999998
      ],
      [
       -63.04513579999999,
       18.1190438
      ],
      [
       -63.04513380000001,
       18.119010699999993
      ],
      [
       -63.045182100000005,
       18.1189406
      ],
      [
       -63.045194099999996,
       18.118967999999995
      ],
      [
       -63.0451888,
       18.1189992
      ],
      [
       -63.0452096,
       18.1190534
      ],
      [
       -63.04521900000001,
       18.119098
      ],
      [
       -63.045173399999996,
       18.1190904
      ],
      [
       -63.0451459,
       18.119103099999997
      ],
      [
       -63.0451687,
       18.119139399999998
      ],
      [
       -63.045156600000006,
       18.119150900000005
      ],
      [
       -63.04515990000001,
       18.119179100000004
      ],
      [
       -63.0451874,
       18.119246499999996
      ],
      [
       -63.045272000000004,
       18.1193287
      ],
      [
       -63.0453061,
       18.119392399999995
      ],
      [
       -63.04533090000001,
       18.119461899999997
      ],
      [
       -63.0453403,
       18.119533299999997
      ],
      [
       -63.045313500000006,
       18.1196072
      ],
      [
       -63.0453169,
       18.119692600000004
      ],
      [
       -63.04531080000001,
       18.119765299999994
      ],
      [
       -63.04530079999999,
       18.1198048
      ],
      [
       -63.04528,
       18.119845600000005
      ],
      [
       -63.0452911,
       18.119883999999995
      ],
      [
       -63.04531080000001,
       18.119945599999998
      ],
      [
       -63.04533300000001,
       18.12000619999999
      ],
      [
       -63.045297500000004,
       18.1200621
      ],
      [
       -63.04531020000001,
       18.120103000000004
      ],
      [
       -63.04534639999999,
       18.120130399999997
      ],
      [
       -63.04537590000001,
       18.120139400000003
      ],
      [
       -63.04539330000001,
       18.1201413
      ],
      [
       -63.0453886,
       18.120173100000006
      ],
      [
       -63.04536180000001,
       18.120216499999998
      ],
      [
       -63.04541280000001,
       18.1202445
      ],
      [
       -63.0454392,
       18.1202848
      ],
      [
       -63.0454423,
       18.1203035
      ],
      [
       -63.0454332,
       18.1203057
      ],
      [
       -63.0454379,
       18.1203548
      ],
      [
       -63.0454255,
       18.120376699999998
      ],
      [
       -63.0454174,
       18.1203844
      ],
      [
       -63.04542000000001,
       18.120400499999995
      ],
      [
       -63.04540200000001,
       18.120415299999998
      ],
      [
       -63.04538490000001,
       18.120421999999998
      ],
      [
       -63.0453799,
       18.1204325
      ],
      [
       -63.04536180000001,
       18.120459899999997
      ],
      [
       -63.04534399999999,
       18.120471999999996
      ],
      [
       -63.0453065,
       18.120483199999992
      ],
      [
       -63.045295100000004,
       18.1204739
      ],
      [
       -63.0452864,
       18.120459
      ],
      [
       -63.045270300000006,
       18.1204599
      ],
      [
       -63.045247800000006,
       18.1204822
      ],
      [
       -63.045229400000004,
       18.120477399999995
      ],
      [
       -63.0452267,
       18.120465999999997
      ],
      [
       -63.0452159,
       18.1204602
      ],
      [
       -63.0452035,
       18.120472700000004
      ],
      [
       -63.045184400000004,
       18.12047159999999
      ]
     ]
    ]
   }
  },
  {
   "type": "Feature",
   "id": "ring_13",
   "properties": {
    "name": "islet or second ring",
    "area_m2": 12084
   },
   "geometry": {
    "type": "Polygon",
    "coordinates": [
     [
      [
       -63.019069800000004,
       18.104547499999995
      ],
      [
       -63.01899970000001,
       18.104658500000003
      ],
      [
       -63.018906400000006,
       18.1046851
      ],
      [
       -63.0188036,
       18.104669599999994
      ],
      [
       -63.0187704,
       18.104563
      ],
      [
       -63.018726400000006,
       18.1043396
      ],
      [
       -63.018763899999996,
       18.104112499999996
      ],
      [
       -63.0187616,
       18.103866099999998
      ],
      [
       -63.018908700000004,
       18.103672999999997
      ],
      [
       -63.01928449999999,
       18.103208799999997
      ],
      [
       -63.01954609999999,
       18.1030893
      ],
      [
       -63.019623200000005,
       18.103115999999996
      ],
      [
       -63.0197002,
       18.1031914
      ],
      [
       -63.01970730000001,
       18.1032802
      ],
      [
       -63.01966290000001,
       18.1033224
      ],
      [
       -63.01970730000001,
       18.1034045
      ],
      [
       -63.01967460000001,
       18.1035088
      ],
      [
       -63.0197353,
       18.103628700000005
      ],
      [
       -63.019718899999994,
       18.103710799999998
      ],
      [
       -63.019768,
       18.1037862
      ],
      [
       -63.01971660000001,
       18.103997099999997
      ],
      [
       -63.0192986,
       18.104465400000002
      ],
      [
       -63.019069800000004,
       18.104547499999995
      ]
     ]
    ]
   }
  },
  {
   "type": "Feature",
   "id": "ring_14",
   "properties": {
    "name": "islet or second ring",
    "area_m2": 2340
   },
   "geometry": {
    "type": "Polygon",
    "coordinates": [
     [
      [
       -63.110208500000006,
       18.050174699999996
      ],
      [
       -63.11024379999999,
       18.050184500000004
      ],
      [
       -63.110255800000004,
       18.050117199999995
      ],
      [
       -63.110314,
       18.0501229
      ],
      [
       -63.11028590000001,
       18.050317900000003
      ],
      [
       -63.110225899999996,
       18.0503089
      ],
      [
       -63.1102326,
       18.0502406
      ],
      [
       -63.1102026,
       18.050238299999997
      ],
      [
       -63.11017460000001,
       18.050270399999995
      ],
      [
       -63.11012130000001,
       18.050265600000003
      ],
      [
       -63.1101049,
       18.050289799999998
      ],
      [
       -63.1100962,
       18.050370700000002
      ],
      [
       -63.11004,
       18.0504317
      ],
      [
       -63.110014400000004,
       18.0505148
      ],
      [
       -63.1099725,
       18.050588799999996
      ],
      [
       -63.1099286,
       18.0506188
      ],
      [
       -63.109897100000005,
       18.0506341
      ],
      [
       -63.10984530000001,
       18.050651099999996
      ],
      [
       -63.1098096,
       18.0506377
      ],
      [
       -63.1097268,
       18.0506302
      ],
      [
       -63.1096231,
       18.050616
      ],
      [
       -63.10955839999999,
       18.050562399999997
      ],
      [
       -63.1095625,
       18.0504924
      ],
      [
       -63.1096262,
       18.0504351
      ],
      [
       -63.1096819,
       18.050356400000002
      ],
      [
       -63.1097339,
       18.050319200000004
      ],
      [
       -63.10981590000001,
       18.050262099999994
      ],
      [
       -63.1099038,
       18.050203099999997
      ],
      [
       -63.1099785,
       18.050134
      ],
      [
       -63.1100689,
       18.050131899999997
      ],
      [
       -63.11013440000001,
       18.050126799999997
      ],
      [
       -63.110161100000006,
       18.0501417
      ],
      [
       -63.110208500000006,
       18.050174699999996
      ]
     ]
    ]
   }
  },
  {
   "type": "Feature",
   "id": "ring_15",
   "properties": {
    "name": "islet or second ring",
    "area_m2": 1186
   },
   "geometry": {
    "type": "Polygon",
    "coordinates": [
     [
      [
       -63.0069351,
       18.0099881
      ],
      [
       -63.00681169999999,
       18.010006
      ],
      [
       -63.0066267,
       18.0099703
      ],
      [
       -63.0065918,
       18.009883499999997
      ],
      [
       -63.0066589,
       18.009819799999995
      ],
      [
       -63.006978,
       18.009755999999992
      ],
      [
       -63.00708530000001,
       18.0097917
      ],
      [
       -63.0072114,
       18.0098096
      ],
      [
       -63.0072382,
       18.0098453
      ],
      [
       -63.007198,
       18.009891199999995
      ],
      [
       -63.0070987,
       18.009896299999994
      ],
      [
       -63.0069351,
       18.0099881
      ]
     ]
    ]
   }
  },
  {
   "type": "Feature",
   "id": "ring_16",
   "properties": {
    "name": "islet or second ring",
    "area_m2": 599
   },
   "geometry": {
    "type": "Polygon",
    "coordinates": [
     [
      [
       -63.09857220000001,
       18.030192499999995
      ],
      [
       -63.0985457,
       18.030205099999996
      ],
      [
       -63.0985315,
       18.0301891
      ],
      [
       -63.0985173,
       18.030198599999995
      ],
      [
       -63.098491700000004,
       18.030200299999997
      ],
      [
       -63.098481299999996,
       18.030211900000005
      ],
      [
       -63.0984599,
       18.030204199999993
      ],
      [
       -63.0984309,
       18.030203099999998
      ],
      [
       -63.09841459999999,
       18.0302029
      ],
      [
       -63.09839269999999,
       18.0302059
      ],
      [
       -63.098356499999994,
       18.0301874
      ],
      [
       -63.098345,
       18.030171500000005
      ],
      [
       -63.0983534,
       18.0301632
      ],
      [
       -63.0983563,
       18.0301425
      ],
      [
       -63.0983777,
       18.030148199999996
      ],
      [
       -63.098397600000006,
       18.030134099999998
      ],
      [
       -63.098429,
       18.0301235
      ],
      [
       -63.0984272,
       18.030109299999996
      ],
      [
       -63.09839629999999,
       18.0301093
      ],
      [
       -63.098374199999995,
       18.030101699999996
      ],
      [
       -63.0983698,
       18.0301093
      ],
      [
       -63.098353800000005,
       18.030110099999995
      ],
      [
       -63.0983485,
       18.0300916
      ],
      [
       -63.09833530000001,
       18.0300748
      ],
      [
       -63.0983167,
       18.030073899999998
      ],
      [
       -63.098287500000005,
       18.030069699999995
      ],
      [
       -63.09827430000001,
       18.030057099999997
      ],
      [
       -63.098276,
       18.0300462
      ],
      [
       -63.0982539,
       18.030034400000005
      ],
      [
       -63.098203500000004,
       18.030037
      ],
      [
       -63.0981638,
       18.030029400000004
      ],
      [
       -63.0981664,
       18.0300159
      ],
      [
       -63.09820439999999,
       18.0299781
      ],
      [
       -63.09821680000001,
       18.029963
      ],
      [
       -63.0982522,
       18.029944499999996
      ],
      [
       -63.0982601,
       18.029960500000005
      ],
      [
       -63.09827250000001,
       18.029962099999995
      ],
      [
       -63.098271600000004,
       18.029942000000002
      ],
      [
       -63.0982981,
       18.0299327
      ],
      [
       -63.09831760000001,
       18.0299487
      ],
      [
       -63.098353800000005,
       18.0299478
      ],
      [
       -63.09838740000001,
       18.0299663
      ],
      [
       -63.098390099999996,
       18.029949500000004
      ],
      [
       -63.09840690000001,
       18.0299487
      ],
      [
       -63.0984272,
       18.029970500000008
      ],
      [
       -63.098441400000006,
       18.0299764
      ],
      [
       -63.098444,
       18.0299899
      ],
      [
       -63.0984635,
       18.029990700000003
      ],
      [
       -63.09846439999999,
       18.0300092
      ],
      [
       -63.0984847,
       18.0300176
      ],
      [
       -63.09848730000001,
       18.030035299999998
      ],
      [
       -63.0984997,
       18.030063899999995
      ],
      [
       -63.0984829,
       18.030071399999997
      ],
      [
       -63.09846610000001,
       18.030080399999996
      ],
      [
       -63.098464500000006,
       18.030099
      ],
      [
       -63.09849090000001,
       18.030113499999995
      ],
      [
       -63.0985079,
       18.030124499999996
      ],
      [
       -63.09853069999999,
       18.030142899999998
      ],
      [
       -63.09857569999999,
       18.0301488
      ],
      [
       -63.0985925,
       18.0301689
      ],
      [
       -63.09857220000001,
       18.030192499999995
      ]
     ]
    ]
   }
  },
  {
   "type": "Feature",
   "id": "ring_17",
   "properties": {
    "name": "islet or second ring",
    "area_m2": 1466
   },
   "geometry": {
    "type": "Polygon",
    "coordinates": [
     [
      [
       -63.01064970000001,
       18.066266200000005
      ],
      [
       -63.0106227,
       18.066288899999993
      ],
      [
       -63.0106015,
       18.066295299999997
      ],
      [
       -63.0105838,
       18.066301799999994
      ],
      [
       -63.010552,
       18.066302599999997
      ],
      [
       -63.0105316,
       18.066300600000005
      ],
      [
       -63.0105108,
       18.0662897
      ],
      [
       -63.0104956,
       18.066269599999995
      ],
      [
       -63.0104848,
       18.0662568
      ],
      [
       -63.01048740000001,
       18.0662451
      ],
      [
       -63.0104839,
       18.0662226
      ],
      [
       -63.0104813,
       18.066190599999995
      ],
      [
       -63.01046370000001,
       18.0661708
      ],
      [
       -63.01045500000001,
       18.066148799999997
      ],
      [
       -63.0104553,
       18.0661193
      ],
      [
       -63.0104463,
       18.066110299999995
      ],
      [
       -63.0104563,
       18.066099899999998
      ],
      [
       -63.0104545,
       18.066087799999995
      ],
      [
       -63.0104582,
       18.0660578
      ],
      [
       -63.010445000000004,
       18.0660501
      ],
      [
       -63.01044660000001,
       18.0660284
      ],
      [
       -63.010460900000005,
       18.066002199999993
      ],
      [
       -63.0104628,
       18.0659899
      ],
      [
       -63.0104736,
       18.065981799999992
      ],
      [
       -63.01046910000001,
       18.065963399999998
      ],
      [
       -63.0104805,
       18.065946599999997
      ],
      [
       -63.0104737,
       18.065930900000005
      ],
      [
       -63.010478600000006,
       18.065910999999996
      ],
      [
       -63.0104722,
       18.065889
      ],
      [
       -63.010484299999995,
       18.065877399999998
      ],
      [
       -63.010489699999994,
       18.0658679
      ],
      [
       -63.010513399999994,
       18.065856999999998
      ],
      [
       -63.0105251,
       18.065864599999998
      ],
      [
       -63.010556599999994,
       18.065868299999998
      ],
      [
       -63.010586,
       18.065866699999997
      ],
      [
       -63.0106291,
       18.065868699999992
      ],
      [
       -63.01069820000001,
       18.065872800000005
      ],
      [
       -63.0107448,
       18.065889699999996
      ],
      [
       -63.01075850000001,
       18.0659008
      ],
      [
       -63.01078640000001,
       18.0658974
      ],
      [
       -63.01080590000001,
       18.065913099999996
      ],
      [
       -63.0108128,
       18.0659337
      ],
      [
       -63.0108117,
       18.0659543
      ],
      [
       -63.01082840000001,
       18.065985100000002
      ],
      [
       -63.0108291,
       18.0660029
      ],
      [
       -63.0108247,
       18.0660053
      ],
      [
       -63.0108282,
       18.0660263
      ],
      [
       -63.01081959999999,
       18.066029200000003
      ],
      [
       -63.010825000000004,
       18.066050000000004
      ],
      [
       -63.0108286,
       18.066063799999995
      ],
      [
       -63.01082430000001,
       18.066078199999996
      ],
      [
       -63.01082079999999,
       18.06609
      ],
      [
       -63.0108036,
       18.066103999999996
      ],
      [
       -63.010775599999995,
       18.0661218
      ],
      [
       -63.010755200000006,
       18.066127700000003
      ],
      [
       -63.010746,
       18.066163499999995
      ],
      [
       -63.0107244,
       18.0661667
      ],
      [
       -63.0106998,
       18.0662142
      ],
      [
       -63.010684700000006,
       18.066231900000005
      ],
      [
       -63.010674800000004,
       18.0662435
      ],
      [
       -63.01064970000001,
       18.066266200000005
      ]
     ]
    ]
   }
  },
  {
   "type": "Feature",
   "id": "ring_18",
   "properties": {
    "name": "islet or second ring",
    "area_m2": 916
   },
   "geometry": {
    "type": "Polygon",
    "coordinates": [
     [
      [
       -63.0081779,
       18.009387600000004
      ],
      [
       -63.0080774,
       18.0093065
      ],
      [
       -63.008117,
       18.009202200000004
      ],
      [
       -63.0081992,
       18.0091007
      ],
      [
       -63.008354600000004,
       18.009109400000003
      ],
      [
       -63.00843690000001,
       18.009228199999995
      ],
      [
       -63.008418600000006,
       18.009329700000002
      ],
      [
       -63.008315,
       18.0093934
      ],
      [
       -63.0081779,
       18.009387600000004
      ]
     ]
    ]
   }
  },
  {
   "type": "Feature",
   "id": "ring_19",
   "properties": {
    "name": "islet or second ring",
    "area_m2": 284
   },
   "geometry": {
    "type": "Polygon",
    "coordinates": [
     [
      [
       -63.008629,
       18.0090296
      ],
      [
       -63.0084436,
       18.008995099999996
      ],
      [
       -63.00843019999999,
       18.0089819
      ],
      [
       -63.008434,
       18.00896429999999
      ],
      [
       -63.0084886,
       18.0089045
      ],
      [
       -63.00855919999999,
       18.0088574
      ],
      [
       -63.00857820000001,
       18.0088478
      ],
      [
       -63.00859350000001,
       18.008856199999997
      ],
      [
       -63.00865700000001,
       18.0090115
      ],
      [
       -63.00865,
       18.0090308
      ],
      [
       -63.008629,
       18.0090296
      ]
     ]
    ]
   }
  },
  {
   "type": "Feature",
   "id": "ring_20",
   "properties": {
    "name": "islet or second ring",
    "area_m2": 136
   },
   "geometry": {
    "type": "Polygon",
    "coordinates": [
     [
      [
       -63.01223340000001,
       18.022777700000002
      ],
      [
       -63.012210200000005,
       18.022781999999992
      ],
      [
       -63.0121945,
       18.022780700000002
      ],
      [
       -63.012171800000004,
       18.022781199999994
      ],
      [
       -63.0121435,
       18.0227567
      ],
      [
       -63.0121377,
       18.022764699999996
      ],
      [
       -63.0121287,
       18.022765899999992
      ],
      [
       -63.0121088,
       18.0227543
      ],
      [
       -63.012103100000004,
       18.022760399999996
      ],
      [
       -63.0121108,
       18.022771399999996
      ],
      [
       -63.012103100000004,
       18.0227769
      ],
      [
       -63.01208700000001,
       18.0227769
      ],
      [
       -63.012081900000005,
       18.022785999999993
      ],
      [
       -63.0120684,
       18.022789099999997
      ],
      [
       -63.012054299999996,
       18.022779299999996
      ],
      [
       -63.01204909999999,
       18.022770199999993
      ],
      [
       -63.01205809999999,
       18.022751199999995
      ],
      [
       -63.0120781,
       18.022744700000004
      ],
      [
       -63.012098,
       18.022729599999998
      ],
      [
       -63.012108500000004,
       18.022725199999996
      ],
      [
       -63.0121165,
       18.022717
      ],
      [
       -63.0121165,
       18.022709399999997
      ],
      [
       -63.01213189999999,
       18.022700599999997
      ],
      [
       -63.012149900000004,
       18.0226972
      ],
      [
       -63.0121765,
       18.0227045
      ],
      [
       -63.0122029,
       18.022704199999996
      ],
      [
       -63.012241700000004,
       18.0227198
      ],
      [
       -63.01225170000001,
       18.022735599999997
      ],
      [
       -63.0122549,
       18.0227524
      ],
      [
       -63.0122495,
       18.022768200000005
      ],
      [
       -63.01223340000001,
       18.022777700000002
      ]
     ]
    ]
   }
  },
  {
   "type": "Feature",
   "id": "ring_21",
   "properties": {
    "name": "islet or second ring",
    "area_m2": 101
   },
   "geometry": {
    "type": "Polygon",
    "coordinates": [
     [
      [
       -63.09747230000001,
       18.030028499999997
      ],
      [
       -63.09740349999999,
       18.030047499999995
      ],
      [
       -63.097356,
       18.0300142
      ],
      [
       -63.0973623,
       18.0299726
      ],
      [
       -63.0974185,
       18.0299476
      ],
      [
       -63.097476,
       18.029973799999997
      ],
      [
       -63.09747230000001,
       18.030028499999997
      ]
     ]
    ]
   }
  },
  {
   "type": "Feature",
   "id": "ring_22",
   "properties": {
    "name": "islet or second ring",
    "area_m2": 37
   },
   "geometry": {
    "type": "Polygon",
    "coordinates": [
     [
      [
       -62.9983601,
       18.0222035
      ],
      [
       -62.9983488,
       18.0221898
      ],
      [
       -62.998343199999994,
       18.022192000000004
      ],
      [
       -62.998338999999994,
       18.022196999999995
      ],
      [
       -62.9983293,
       18.0222019
      ],
      [
       -62.998317400000005,
       18.0221915
      ],
      [
       -62.99831369999999,
       18.0221807
      ],
      [
       -62.9983097,
       18.0221741
      ],
      [
       -62.9983091,
       18.022164299999996
      ],
      [
       -62.998314,
       18.022157299999996
      ],
      [
       -62.9983245,
       18.022159399999996
      ],
      [
       -62.99834150000001,
       18.0221723
      ],
      [
       -62.9983467,
       18.0221652
      ],
      [
       -62.998356699999995,
       18.022161599999997
      ],
      [
       -62.9983719,
       18.022164299999996
      ],
      [
       -62.9983809,
       18.02218
      ],
      [
       -62.998396899999996,
       18.022186099999995
      ],
      [
       -62.998400800000006,
       18.022197700000003
      ],
      [
       -62.99840300000001,
       18.022213700000002
      ],
      [
       -62.998384300000005,
       18.0222264
      ],
      [
       -62.99837350000001,
       18.022208999999997
      ],
      [
       -62.9983601,
       18.0222035
      ]
     ]
    ]
   }
  },
  {
   "type": "Feature",
   "id": "ring_23",
   "properties": {
    "name": "islet or second ring",
    "area_m2": 16
   },
   "geometry": {
    "type": "Polygon",
    "coordinates": [
     [
      [
       -62.9984385,
       18.0222171
      ],
      [
       -62.9984406,
       18.0221856
      ],
      [
       -62.99845990000001,
       18.022179600000005
      ],
      [
       -62.9984732,
       18.0221898
      ],
      [
       -62.9984781,
       18.0222035
      ],
      [
       -62.9984784,
       18.0222191
      ],
      [
       -62.9984594,
       18.0222239
      ],
      [
       -62.9984385,
       18.0222171
      ]
     ]
    ]
   }
  }
 ]
}
