{
 "type": "FeatureCollection",
 "crs": {
  "type": "name",
  "properties": {
   "name": "urn:ogc:def:crs:OGC:1.3:CRS84"
  }
 },
 "properties": {
  "title": "Sint Maarten mangrove and vegetated wetland",
  "source": "OpenStreetMap natural=wetland ways and relations, retrieved 2026-10-05 via Overpass.",
  "license": "Geometry (c) OpenStreetMap contributors, ODbL 1.0, https://www.openstreetmap.org/copyright",
  "method": "Kept: wetland=mangrove, swamp, marsh, saltmarsh, reedbed or wet_meadow. Left out: seagrass beds, tidal flats, salt pans and untagged wetland. The season runner buffers these polygons and removes them from the water side before classifying. Built by scripts/make_island_segments.py."
 },
 "features": [
  {
   "type": "Feature",
   "id": "way/322693675",
   "properties": {
    "wetland": "mangrove",
    "name": ""
   },
   "geometry": {
    "type": "Polygon",
    "coordinates": [
     [
      [
       -63.0259713,
       18.1058736
      ],
      [
       -63.0259406,
       18.1059206
      ],
      [
       -63.0257838,
       18.1059435
      ],
      [
       -63.0257,
       18.105884
      ],
      [
       -63.0256637,
       18.1058545
      ],
      [
       -63.0256988,
       18.1058079
      ],
      [
       -63.025761,
       18.1057819
      ],
      [
       -63.025812,
       18.1057878
      ],
      [
       -63.0258357,
       18.1058327
      ],
      [
       -63.0258805,
       18.1058339
      ],
      [
       -63.0259713,
       18.1058736
      ]
     ]
    ]
   }
  },
  {
   "type": "Feature",
   "id": "way/322693676",
   "properties": {
    "wetland": "mangrove",
    "name": ""
   },
   "geometry": {
    "type": "Polygon",
    "coordinates": [
     [
      [
       -63.0263835,
       18.1069781
      ],
      [
       -63.0263258,
       18.1069527
      ],
      [
       -63.0263034,
       18.106903
      ],
      [
       -63.0262474,
       18.1068982
      ],
      [
       -63.0261527,
       18.106903
      ],
      [
       -63.0261366,
       18.1068426
      ],
      [
       -63.0260532,
       18.1068722
      ],
      [
       -63.0259853,
       18.1068301
      ],
      [
       -63.0258673,
       18.1067632
      ],
      [
       -63.0257529,
       18.106718
      ],
      [
       -63.0256297,
       18.1067297
      ],
      [
       -63.0254642,
       18.1066829
      ],
      [
       -63.0252828,
       18.1066829
      ],
      [
       -63.0251649,
       18.1067096
      ],
      [
       -63.0250927,
       18.1066946
      ],
      [
       -63.0250576,
       18.1065645
      ],
      [
       -63.0251058,
       18.1065307
      ],
      [
       -63.025168,
       18.106529
      ],
      [
       -63.0252225,
       18.10657
      ],
      [
       -63.0253656,
       18.1065612
      ],
      [
       -63.0256497,
       18.1065034
      ],
      [
       -63.0258578,
       18.1064859
      ],
      [
       -63.0259576,
       18.1065309
      ],
      [
       -63.0260558,
       18.1065742
      ],
      [
       -63.0261147,
       18.1065658
      ],
      [
       -63.0261183,
       18.1065279
      ],
      [
       -63.0261149,
       18.1064904
      ],
      [
       -63.0260963,
       18.1064733
      ],
      [
       -63.0260506,
       18.1064717
      ],
      [
       -63.0260102,
       18.1064792
      ],
      [
       -63.0259896,
       18.1064585
      ],
      [
       -63.0259769,
       18.1064318
      ],
      [
       -63.0259668,
       18.1063425
      ],
      [
       -63.0260063,
       18.1062782
      ],
      [
       -63.0260514,
       18.1062308
      ],
      [
       -63.0260978,
       18.10617
      ],
      [
       -63.0262152,
       18.1061529
      ],
      [
       -63.0262282,
       18.1061926
      ],
      [
       -63.0262358,
       18.1062488
      ],
      [
       -63.0262592,
       18.1063019
      ],
      [
       -63.026277,
       18.1062776
      ],
      [
       -63.0262519,
       18.106219
      ],
      [
       -63.026292,
       18.10618
      ],
      [
       -63.0262704,
       18.1061183
      ],
      [
       -63.026303,
       18.1060902
      ],
      [
       -63.0263367,
       18.1061108
      ],
      [
       -63.0264305,
       18.1060867
      ],
      [
       -63.02653,
       18.1059802
      ],
      [
       -63.0265921,
       18.1058218
      ],
      [
       -63.0267227,
       18.1057599
      ],
      [
       -63.0267921,
       18.1057521
      ],
      [
       -63.0268504,
       18.105826
      ],
      [
       -63.0268607,
       18.105876
      ],
      [
       -63.0268338,
       18.1059197
      ],
      [
       -63.0267782,
       18.105933
      ],
      [
       -63.0268013,
       18.1059691
      ],
      [
       -63.0268097,
       18.1060317
      ],
      [
       -63.0268254,
       18.1060804
      ],
      [
       -63.02678,
       18.1061222
      ],
      [
       -63.0267029,
       18.10611
      ],
      [
       -63.0266932,
       18.1061384
      ],
      [
       -63.0266673,
       18.1061627
      ],
      [
       -63.0266049,
       18.106181
      ],
      [
       -63.0265596,
       18.1062203
      ],
      [
       -63.0265292,
       18.1062602
      ],
      [
       -63.0264663,
       18.1063014
      ],
      [
       -63.0264005,
       18.1063309
      ],
      [
       -63.026387,
       18.1063537
      ],
      [
       -63.0264771,
       18.1063643
      ],
      [
       -63.026499,
       18.10642
      ],
      [
       -63.0266037,
       18.1064402
      ],
      [
       -63.0266658,
       18.1064138
      ],
      [
       -63.026715,
       18.1063785
      ],
      [
       -63.0267438,
       18.1064081
      ],
      [
       -63.0268232,
       18.1064012
      ],
      [
       -63.0268176,
       18.1063564
      ],
      [
       -63.0268506,
       18.1063314
      ],
      [
       -63.0268459,
       18.1062912
      ],
      [
       -63.0268066,
       18.1063152
      ],
      [
       -63.0267688,
       18.106353
      ],
      [
       -63.0267063,
       18.1063484
      ],
      [
       -63.0266757,
       18.1063235
      ],
      [
       -63.0266321,
       18.1063202
      ],
      [
       -63.0266248,
       18.1062864
      ],
      [
       -63.026614,
       18.1062
      ],
      [
       -63.0267149,
       18.1061754
      ],
      [
       -63.0268283,
       18.1061649
      ],
      [
       -63.0268591,
       18.1060725
      ],
      [
       -63.0268246,
       18.1060071
      ],
      [
       -63.0268783,
       18.1059861
      ],
      [
       -63.0269337,
       18.1060256
      ],
      [
       -63.0269614,
       18.1060813
      ],
      [
       -63.0270249,
       18.1061521
      ],
      [
       -63.0269921,
       18.1062134
      ],
      [
       -63.0269902,
       18.1062647
      ],
      [
       -63.0269628,
       18.1063263
      ],
      [
       -63.0270335,
       18.1063711
      ],
      [
       -63.0271089,
       18.1064188
      ],
      [
       -63.0271023,
       18.1064826
      ],
      [
       -63.0270553,
       18.106538
      ],
      [
       -63.0271255,
       18.1065741
      ],
      [
       -63.0271242,
       18.1066359
      ],
      [
       -63.0271045,
       18.1066738
      ],
      [
       -63.0270286,
       18.1066862
      ],
      [
       -63.0268723,
       18.1067173
      ],
      [
       -63.0267537,
       18.1067245
      ],
      [
       -63.0266925,
       18.1067282
      ],
      [
       -63.0265757,
       18.1067537
      ],
      [
       -63.0264866,
       18.1067732
      ],
      [
       -63.0264207,
       18.1069038
      ],
      [
       -63.0263835,
       18.1069781
      ]
     ]
    ]
   }
  },
  {
   "type": "Feature",
   "id": "way/322693678",
   "properties": {
    "wetland": "mangrove",
    "name": ""
   },
   "geometry": {
    "type": "Polygon",
    "coordinates": [
     [
      [
       -63.0263835,
       18.1069781
      ],
      [
       -63.0263883,
       18.1070391
      ],
      [
       -63.0264359,
       18.1070316
      ],
      [
       -63.0264326,
       18.1071339
      ],
      [
       -63.0264835,
       18.1071626
      ],
      [
       -63.0265408,
       18.1071219
      ],
      [
       -63.0265056,
       18.107033
      ],
      [
       -63.0265741,
       18.1069288
      ],
      [
       -63.0266305,
       18.1068393
      ],
      [
       -63.0268329,
       18.1068179
      ],
      [
       -63.0269506,
       18.1067946
      ],
      [
       -63.0269985,
       18.1068444
      ],
      [
       -63.0270397,
       18.1068418
      ],
      [
       -63.0270861,
       18.1067883
      ],
      [
       -63.0271419,
       18.106768
      ],
      [
       -63.0271609,
       18.1068195
      ],
      [
       -63.0270851,
       18.1068618
      ],
      [
       -63.0271113,
       18.1069049
      ],
      [
       -63.0271605,
       18.1068881
      ],
      [
       -63.027221,
       18.1068473
      ],
      [
       -63.0272871,
       18.1068241
      ],
      [
       -63.0273532,
       18.1068551
      ],
      [
       -63.0274269,
       18.1068162
      ],
      [
       -63.0274259,
       18.1067527
      ],
      [
       -63.0274519,
       18.1066773
      ],
      [
       -63.0275247,
       18.1065645
      ],
      [
       -63.0275963,
       18.1064792
      ],
      [
       -63.0275984,
       18.10644
      ],
      [
       -63.0276896,
       18.1063379
      ],
      [
       -63.0278464,
       18.1062309
      ],
      [
       -63.0279658,
       18.1061701
      ],
      [
       -63.0280374,
       18.106132
      ],
      [
       -63.0281885,
       18.1060254
      ],
      [
       -63.0282725,
       18.1059666
      ],
      [
       -63.0282459,
       18.1058494
      ],
      [
       -63.0283497,
       18.105832
      ],
      [
       -63.0282399,
       18.1058265
      ],
      [
       -63.0281567,
       18.1057363
      ],
      [
       -63.0280861,
       18.1056874
      ],
      [
       -63.027963,
       18.1056641
      ],
      [
       -63.0278284,
       18.1056168
      ],
      [
       -63.0276823,
       18.1056397
      ],
      [
       -63.0275722,
       18.1056337
      ],
      [
       -63.0274999,
       18.1056252
      ],
      [
       -63.0274253,
       18.1056503
      ],
      [
       -63.027353,
       18.105706
      ],
      [
       -63.0272081,
       18.105769
      ],
      [
       -63.0270315,
       18.1058507
      ],
      [
       -63.0269115,
       18.1058487
      ],
      [
       -63.0268358,
       18.1057822
      ],
      [
       -63.026796,
       18.1057137
      ],
      [
       -63.0267186,
       18.1057195
      ],
      [
       -63.026587,
       18.1057578
      ],
      [
       -63.0265175,
       18.1058659
      ],
      [
       -63.0264221,
       18.1059876
      ],
      [
       -63.0263266,
       18.1060105
      ],
      [
       -63.0262702,
       18.1059419
      ],
      [
       -63.0261833,
       18.1059836
      ],
      [
       -63.0261055,
       18.10595
      ],
      [
       -63.0260736,
       18.1058772
      ],
      [
       -63.0259959,
       18.1058361
      ],
      [
       -63.0259971,
       18.1057912
      ],
      [
       -63.0259953,
       18.105736
      ],
      [
       -63.0260288,
       18.1056858
      ],
      [
       -63.0260165,
       18.1056306
      ],
      [
       -63.0260217,
       18.1055821
      ],
      [
       -63.0260781,
       18.1055821
      ],
      [
       -63.0260781,
       18.1055268
      ],
      [
       -63.0261626,
       18.1055302
      ],
      [
       -63.0263386,
       18.1055101
      ],
      [
       -63.0264724,
       18.1055118
      ],
      [
       -63.0264883,
       18.1055821
      ],
      [
       -63.0264777,
       18.1056707
      ],
      [
       -63.0265287,
       18.1056791
      ],
      [
       -63.0266537,
       18.1056523
      ],
      [
       -63.0268642,
       18.105647
      ],
      [
       -63.0269949,
       18.1056742
      ],
      [
       -63.0271144,
       18.1056978
      ],
      [
       -63.0272999,
       18.1056316
      ],
      [
       -63.0273957,
       18.1055925
      ],
      [
       -63.0274966,
       18.1055807
      ],
      [
       -63.0276036,
       18.1055878
      ],
      [
       -63.0277268,
       18.1055748
      ],
      [
       -63.027804,
       18.1055405
      ],
      [
       -63.0278762,
       18.105518
      ],
      [
       -63.0279198,
       18.105492
      ],
      [
       -63.0279858,
       18.1055156
      ],
      [
       -63.0280852,
       18.1055253
      ],
      [
       -63.028121,
       18.1055947
      ],
      [
       -63.0281651,
       18.1056022
      ],
      [
       -63.0282273,
       18.1056154
      ],
      [
       -63.0282858,
       18.1056813
      ],
      [
       -63.0283293,
       18.1057262
      ],
      [
       -63.0284202,
       18.1057582
      ],
      [
       -63.0285609,
       18.1057736
      ],
      [
       -63.028602,
       18.1057629
      ],
      [
       -63.0286766,
       18.1057298
      ],
      [
       -63.0287464,
       18.1057203
      ],
      [
       -63.0287974,
       18.1057392
      ],
      [
       -63.0288011,
       18.1058067
      ],
      [
       -63.0287389,
       18.1058599
      ],
      [
       -63.0286094,
       18.105925
      ],
      [
       -63.0285385,
       18.1059605
      ],
      [
       -63.0284563,
       18.1060268
      ],
      [
       -63.0283742,
       18.1061238
      ],
      [
       -63.028241,
       18.1061581
      ],
      [
       -63.0281463,
       18.1061723
      ],
      [
       -63.0280729,
       18.1061983
      ],
      [
       -63.0279447,
       18.1062516
      ],
      [
       -63.0278526,
       18.1063403
      ],
      [
       -63.0277654,
       18.1064444
      ],
      [
       -63.0276733,
       18.1065686
      ],
      [
       -63.0276111,
       18.1066822
      ],
      [
       -63.0275837,
       18.1067367
      ],
      [
       -63.0275439,
       18.1068088
      ],
      [
       -63.0275551,
       18.1068313
      ],
      [
       -63.0276372,
       18.1068846
      ],
      [
       -63.0277169,
       18.1069343
      ],
      [
       -63.027799,
       18.1070005
      ],
      [
       -63.027865,
       18.1070975
      ],
      [
       -63.0278588,
       18.1071307
      ],
      [
       -63.0278638,
       18.1071638
      ],
      [
       -63.0278488,
       18.1072052
      ],
      [
       -63.0278439,
       18.1072797
      ],
      [
       -63.0278277,
       18.1073543
      ],
      [
       -63.0277891,
       18.107404
      ],
      [
       -63.0277281,
       18.1074158
      ],
      [
       -63.0276447,
       18.107391
      ],
      [
       -63.0275588,
       18.1073827
      ],
      [
       -63.0274119,
       18.1073945
      ],
      [
       -63.0272775,
       18.1073992
      ],
      [
       -63.0272635,
       18.1074029
      ],
      [
       -63.0271866,
       18.1074229
      ],
      [
       -63.0271019,
       18.1074809
      ],
      [
       -63.0270335,
       18.1075341
      ],
      [
       -63.0269389,
       18.1075128
      ],
      [
       -63.0268891,
       18.1074643
      ],
      [
       -63.0268468,
       18.1074477
      ],
      [
       -63.0268418,
       18.1073815
      ],
      [
       -63.0268741,
       18.1073555
      ],
      [
       -63.0268941,
       18.1073152
      ],
      [
       -63.0269264,
       18.1072939
      ],
      [
       -63.0269837,
       18.1073342
      ],
      [
       -63.0270683,
       18.1072916
      ],
      [
       -63.0270634,
       18.1072466
      ],
      [
       -63.027143,
       18.1072419
      ],
      [
       -63.0271704,
       18.1072064
      ],
      [
       -63.0272327,
       18.1072135
      ],
      [
       -63.0273198,
       18.1071756
      ],
      [
       -63.0273771,
       18.107133
      ],
      [
       -63.0274019,
       18.1070857
      ],
      [
       -63.0274592,
       18.1070833
      ],
      [
       -63.027509,
       18.1070881
      ],
      [
       -63.0275314,
       18.1070171
      ],
      [
       -63.027514,
       18.1069461
      ],
      [
       -63.0274717,
       18.1068893
      ],
      [
       -63.0274368,
       18.1068822
      ],
      [
       -63.0274268,
       18.1069366
      ],
      [
       -63.0273808,
       18.1069875
      ],
      [
       -63.0272837,
       18.1070443
      ],
      [
       -63.0272712,
       18.1071212
      ],
      [
       -63.0270273,
       18.1071484
      ],
      [
       -63.0269476,
       18.1071614
      ],
      [
       -63.0268418,
       18.1071188
      ],
      [
       -63.0268119,
       18.1070514
      ],
      [
       -63.0267522,
       18.1069887
      ],
      [
       -63.0266999,
       18.1070194
      ],
      [
       -63.026665,
       18.1070786
      ],
      [
       -63.0266289,
       18.1071815
      ],
      [
       -63.0265492,
       18.1072348
      ],
      [
       -63.0265206,
       18.1072916
      ],
      [
       -63.0264895,
       18.1073555
      ],
      [
       -63.0264123,
       18.107346
      ],
      [
       -63.0263936,
       18.1073046
      ],
      [
       -63.026375,
       18.1072525
      ],
      [
       -63.026319,
       18.1071981
      ],
      [
       -63.0262704,
       18.1071981
      ],
      [
       -63.026248,
       18.107146
      ],
      [
       -63.0262617,
       18.1070798
      ],
      [
       -63.0263065,
       18.1070112
      ],
      [
       -63.0263258,
       18.1069527
      ],
      [
       -63.0263835,
       18.1069781
      ]
     ]
    ]
   }
  },
  {
   "type": "Feature",
   "id": "way/322693680",
   "properties": {
    "wetland": "mangrove",
    "name": ""
   },
   "geometry": {
    "type": "Polygon",
    "coordinates": [
     [
      [
       -63.025558,
       18.1058038
      ],
      [
       -63.0255512,
       18.1058238
      ],
      [
       -63.0255712,
       18.1058493
      ],
      [
       -63.0256381,
       18.1059082
      ],
      [
       -63.0257929,
       18.1060043
      ],
      [
       -63.0258427,
       18.1060355
      ],
      [
       -63.0258832,
       18.1060697
      ],
      [
       -63.025904,
       18.1061565
      ],
      [
       -63.0258934,
       18.1062027
      ],
      [
       -63.0258511,
       18.1062715
      ],
      [
       -63.0257458,
       18.1063453
      ],
      [
       -63.0256287,
       18.1063871
      ],
      [
       -63.0255261,
       18.1064106
      ],
      [
       -63.025323,
       18.1064881
      ],
      [
       -63.0252419,
       18.1065024
      ],
      [
       -63.0251759,
       18.106487
      ],
      [
       -63.0251647,
       18.1064468
      ],
      [
       -63.0251797,
       18.1063817
      ],
      [
       -63.0252033,
       18.1063545
      ],
      [
       -63.0252444,
       18.1063675
      ],
      [
       -63.0252768,
       18.1063451
      ],
      [
       -63.0253328,
       18.1063238
      ],
      [
       -63.0253629,
       18.1063071
      ],
      [
       -63.0253876,
       18.1062646
      ],
      [
       -63.0254,
       18.1062291
      ],
      [
       -63.0253614,
       18.1061948
      ],
      [
       -63.0253116,
       18.1061723
      ],
      [
       -63.0252556,
       18.1061853
      ],
      [
       -63.0252058,
       18.1062054
      ],
      [
       -63.0251697,
       18.1061711
      ],
      [
       -63.0251672,
       18.1061285
      ],
      [
       -63.0251871,
       18.1061013
      ],
      [
       -63.0252295,
       18.1060753
      ],
      [
       -63.0252544,
       18.1060623
      ],
      [
       -63.0252867,
       18.106028
      ],
      [
       -63.0252892,
       18.1059842
      ],
      [
       -63.0252643,
       18.1059558
      ],
      [
       -63.0252382,
       18.1059144
      ],
      [
       -63.0252344,
       18.1058789
      ],
      [
       -63.0252556,
       18.1058517
      ],
      [
       -63.0252892,
       18.1058706
      ],
      [
       -63.0253129,
       18.1058753
      ],
      [
       -63.025339,
       18.1058351
      ],
      [
       -63.0253701,
       18.1058138
      ],
      [
       -63.0254299,
       18.1058126
      ],
      [
       -63.0254585,
       18.1058505
      ],
      [
       -63.0255021,
       18.1058718
      ],
      [
       -63.0255145,
       18.1058588
      ],
      [
       -63.0255033,
       18.1058233
      ],
      [
       -63.0255183,
       18.1057937
      ],
      [
       -63.025558,
       18.1058038
      ]
     ]
    ]
   }
  },
  {
   "type": "Feature",
   "id": "way/329035713",
   "properties": {
    "wetland": "mangrove",
    "name": ""
   },
   "geometry": {
    "type": "Polygon",
    "coordinates": [
     [
      [
       -63.0139602,
       18.0631999
      ],
      [
       -63.0139458,
       18.0632334
      ],
      [
       -63.0137158,
       18.0632735
      ],
      [
       -63.0136219,
       18.0632624
      ],
      [
       -63.0135257,
       18.0632367
      ],
      [
       -63.0134705,
       18.0631865
      ],
      [
       -63.0134647,
       18.0631195
      ],
      [
       -63.0134904,
       18.0630735
      ],
      [
       -63.0135498,
       18.0631131
      ],
      [
       -63.0135787,
       18.0631316
      ],
      [
       -63.0136274,
       18.0631586
      ],
      [
       -63.0136821,
       18.0631775
      ],
      [
       -63.0138304,
       18.0632034
      ],
      [
       -63.0139602,
       18.0631999
      ]
     ]
    ]
   }
  },
  {
   "type": "Feature",
   "id": "way/356717103",
   "properties": {
    "wetland": "mangrove",
    "name": ""
   },
   "geometry": {
    "type": "Polygon",
    "coordinates": [
     [
      [
       -63.0321151,
       18.067326
      ],
      [
       -63.0321177,
       18.0674296
      ],
      [
       -63.0320588,
       18.0675216
      ],
      [
       -63.0319738,
       18.0676068
      ],
      [
       -63.0319196,
       18.0676718
      ],
      [
       -63.0319361,
       18.067757
      ],
      [
       -63.031922,
       18.0677839
      ],
      [
       -63.0318512,
       18.0678445
      ],
      [
       -63.0317356,
       18.0678916
      ],
      [
       -63.0316224,
       18.0680597
      ],
      [
       -63.0315493,
       18.0681808
      ],
      [
       -63.0315007,
       18.0681941
      ],
      [
       -63.031601,
       18.0680156
      ],
      [
       -63.0316907,
       18.0678861
      ],
      [
       -63.0317688,
       18.0677666
      ],
      [
       -63.0318504,
       18.0676435
      ],
      [
       -63.0319402,
       18.0675252
      ],
      [
       -63.0320424,
       18.0674301
      ],
      [
       -63.0321151,
       18.067326
      ]
     ]
    ]
   }
  },
  {
   "type": "Feature",
   "id": "way/386378969",
   "properties": {
    "wetland": "mangrove",
    "name": ""
   },
   "geometry": {
    "type": "Polygon",
    "coordinates": [
     [
      [
       -63.0143919,
       18.0627418
      ],
      [
       -63.0144335,
       18.0627333
      ],
      [
       -63.0144673,
       18.0627514
      ],
      [
       -63.0144185,
       18.0628941
      ],
      [
       -63.014263,
       18.063063
      ],
      [
       -63.0141552,
       18.0631411
      ],
      [
       -63.0141422,
       18.0631188
      ],
      [
       -63.014161,
       18.0630963
      ],
      [
       -63.0141928,
       18.0630482
      ],
      [
       -63.0142524,
       18.0629931
      ],
      [
       -63.0142785,
       18.0629497
      ],
      [
       -63.0143111,
       18.0628931
      ],
      [
       -63.0143544,
       18.0628326
      ],
      [
       -63.0143715,
       18.0627891
      ],
      [
       -63.0143919,
       18.0627418
      ]
     ]
    ]
   }
  },
  {
   "type": "Feature",
   "id": "way/386378973",
   "properties": {
    "wetland": "mangrove",
    "name": ""
   },
   "geometry": {
    "type": "Polygon",
    "coordinates": [
     [
      [
       -63.0144703,
       18.0626945
      ],
      [
       -63.0144323,
       18.0626791
      ],
      [
       -63.0144565,
       18.0626429
      ],
      [
       -63.0145384,
       18.0626221
      ],
      [
       -63.0145846,
       18.0626056
      ],
      [
       -63.014685,
       18.0625727
      ],
      [
       -63.0147646,
       18.0625727
      ],
      [
       -63.0148546,
       18.0625936
      ],
      [
       -63.0149215,
       18.0626012
      ],
      [
       -63.0150162,
       18.0626638
      ],
      [
       -63.0150473,
       18.0627099
      ],
      [
       -63.0151789,
       18.062723
      ],
      [
       -63.0153185,
       18.0626978
      ],
      [
       -63.0154223,
       18.0626989
      ],
      [
       -63.015457,
       18.0627609
      ],
      [
       -63.0153682,
       18.0627457
      ],
      [
       -63.0152277,
       18.0627664
      ],
      [
       -63.0151745,
       18.0628007
      ],
      [
       -63.0150938,
       18.0628012
      ],
      [
       -63.0150144,
       18.0627705
      ],
      [
       -63.0148917,
       18.0626494
      ],
      [
       -63.0147522,
       18.0626346
      ],
      [
       -63.0146269,
       18.0626555
      ],
      [
       -63.0145059,
       18.0627282
      ],
      [
       -63.0144703,
       18.0626945
      ]
     ]
    ]
   }
  },
  {
   "type": "Feature",
   "id": "way/386378975",
   "properties": {
    "wetland": "mangrove",
    "name": ""
   },
   "geometry": {
    "type": "Polygon",
    "coordinates": [
     [
      [
       -63.015457,
       18.0627609
      ],
      [
       -63.0155786,
       18.0627516
      ],
      [
       -63.0157352,
       18.0627144
      ],
      [
       -63.0158658,
       18.0626865
      ],
      [
       -63.0159588,
       18.0627035
      ],
      [
       -63.0159621,
       18.0627532
      ],
      [
       -63.0158886,
       18.0628354
      ],
      [
       -63.0157891,
       18.0628959
      ],
      [
       -63.0157222,
       18.0629611
      ],
      [
       -63.0157026,
       18.0630356
      ],
      [
       -63.0156602,
       18.0630992
      ],
      [
       -63.0155769,
       18.0631535
      ],
      [
       -63.0153615,
       18.0632559
      ],
      [
       -63.0152473,
       18.0632729
      ],
      [
       -63.0151478,
       18.0633148
      ],
      [
       -63.0150694,
       18.0633148
      ],
      [
       -63.0150286,
       18.0633365
      ],
      [
       -63.0149666,
       18.0634033
      ],
      [
       -63.0149062,
       18.0634405
      ],
      [
       -63.0148393,
       18.0633986
      ],
      [
       -63.0148067,
       18.0633055
      ],
      [
       -63.0147528,
       18.063245
      ],
      [
       -63.0146223,
       18.0632093
      ],
      [
       -63.0145407,
       18.0631721
      ],
      [
       -63.0144526,
       18.0631892
      ],
      [
       -63.0143399,
       18.0632341
      ],
      [
       -63.0142551,
       18.063259
      ],
      [
       -63.0141751,
       18.0632636
      ],
      [
       -63.0141474,
       18.0632388
      ],
      [
       -63.014175,
       18.0631788
      ],
      [
       -63.014215,
       18.0631673
      ],
      [
       -63.0142632,
       18.0631775
      ],
      [
       -63.0142974,
       18.0631675
      ],
      [
       -63.0143246,
       18.0631506
      ],
      [
       -63.0143733,
       18.0631336
      ],
      [
       -63.0144183,
       18.0631015
      ],
      [
       -63.0145012,
       18.0630973
      ],
      [
       -63.0145851,
       18.0631102
      ],
      [
       -63.0146726,
       18.0631484
      ],
      [
       -63.0147145,
       18.0631715
      ],
      [
       -63.0147876,
       18.0631948
      ],
      [
       -63.0149015,
       18.0632369
      ],
      [
       -63.015008,
       18.0632246
      ],
      [
       -63.0151262,
       18.0631949
      ],
      [
       -63.0152018,
       18.0631803
      ],
      [
       -63.0152993,
       18.0631405
      ],
      [
       -63.0153978,
       18.0631087
      ],
      [
       -63.0154798,
       18.0630436
      ],
      [
       -63.0155256,
       18.0629771
      ],
      [
       -63.0155439,
       18.0629175
      ],
      [
       -63.0155084,
       18.0628116
      ],
      [
       -63.015457,
       18.0627609
      ]
     ]
    ]
   }
  },
  {
   "type": "Feature",
   "id": "way/386579761",
   "properties": {
    "wetland": "mangrove",
    "name": ""
   },
   "geometry": {
    "type": "Polygon",
    "coordinates": [
     [
      [
       -63.0260245,
       18.1074077
      ],
      [
       -63.025933,
       18.1074387
      ],
      [
       -63.0258055,
       18.1074356
      ],
      [
       -63.0257597,
       18.107389
      ],
      [
       -63.0256878,
       18.107389
      ],
      [
       -63.0256388,
       18.1073579
      ],
      [
       -63.0255963,
       18.107302
      ],
      [
       -63.0256584,
       18.1072337
      ],
      [
       -63.025714,
       18.1071933
      ],
      [
       -63.0258251,
       18.1071032
      ],
      [
       -63.0259755,
       18.1070814
      ],
      [
       -63.0260507,
       18.1071715
      ],
      [
       -63.0260605,
       18.1072492
      ],
      [
       -63.0260735,
       18.1073269
      ],
      [
       -63.0260245,
       18.1074077
      ]
     ]
    ]
   }
  },
  {
   "type": "Feature",
   "id": "way/386579765",
   "properties": {
    "wetland": "mangrove",
    "name": ""
   },
   "geometry": {
    "type": "Polygon",
    "coordinates": [
     [
      [
       -63.0249295,
       18.1075444
      ],
      [
       -63.0248798,
       18.1075235
      ],
      [
       -63.0248614,
       18.1074862
      ],
      [
       -63.0248359,
       18.1074598
      ],
      [
       -63.0247735,
       18.1074906
      ],
      [
       -63.0247042,
       18.1075103
      ],
      [
       -63.0246557,
       18.1075543
      ],
      [
       -63.0245794,
       18.1075938
      ],
      [
       -63.0245216,
       18.1076334
      ],
      [
       -63.0244361,
       18.1077037
      ],
      [
       -63.024376,
       18.1077476
      ],
      [
       -63.0243367,
       18.1077805
      ],
      [
       -63.0242869,
       18.1078229
      ],
      [
       -63.0242396,
       18.1078816
      ],
      [
       -63.0241888,
       18.1079387
      ],
      [
       -63.0241218,
       18.1079936
      ],
      [
       -63.0240316,
       18.1080661
      ],
      [
       -63.0239762,
       18.1081167
      ],
      [
       -63.0239345,
       18.1081496
      ],
      [
       -63.0238779,
       18.1081987
      ],
      [
       -63.023748,
       18.1081811
      ],
      [
       -63.0236678,
       18.108197
      ],
      [
       -63.0237034,
       18.1081386
      ],
      [
       -63.0237473,
       18.1080903
      ],
      [
       -63.0238097,
       18.108053
      ],
      [
       -63.0238883,
       18.107998
      ],
      [
       -63.0239091,
       18.1079497
      ],
      [
       -63.0239299,
       18.1079102
      ],
      [
       -63.0239785,
       18.1078684
      ],
      [
       -63.0240455,
       18.1078113
      ],
      [
       -63.0240807,
       18.1077375
      ],
      [
       -63.0241335,
       18.107679
      ],
      [
       -63.0241389,
       18.107673
      ],
      [
       -63.0242094,
       18.10759
      ],
      [
       -63.0242494,
       18.1075256
      ],
      [
       -63.0243174,
       18.1074719
      ],
      [
       -63.0243614,
       18.1074741
      ],
      [
       -63.0243974,
       18.10743
      ],
      [
       -63.0244341,
       18.1073782
      ],
      [
       -63.0244705,
       18.1073177
      ],
      [
       -63.0244727,
       18.1073141
      ],
      [
       -63.0245184,
       18.107306
      ],
      [
       -63.0245961,
       18.1073051
      ],
      [
       -63.0246288,
       18.1072989
      ],
      [
       -63.0246713,
       18.1073082
      ],
      [
       -63.024704,
       18.1073548
      ],
      [
       -63.0247694,
       18.1073673
      ],
      [
       -63.0248151,
       18.1073859
      ],
      [
       -63.0248315,
       18.1073455
      ],
      [
       -63.0248445,
       18.1072927
      ],
      [
       -63.0248576,
       18.1072616
      ],
      [
       -63.0249197,
       18.1072275
      ],
      [
       -63.0249687,
       18.1072585
      ],
      [
       -63.0250014,
       18.1073051
      ],
      [
       -63.0250341,
       18.1073113
      ],
      [
       -63.0250897,
       18.1073082
      ],
      [
       -63.0251256,
       18.10733
      ],
      [
       -63.0251256,
       18.1073642
      ],
      [
       -63.0251093,
       18.107417
      ],
      [
       -63.025057,
       18.1074449
      ],
      [
       -63.0249949,
       18.1074543
      ],
      [
       -63.0249753,
       18.1074978
      ],
      [
       -63.0249295,
       18.1075444
      ]
     ]
    ]
   }
  },
  {
   "type": "Feature",
   "id": "relation/9560274",
   "properties": {
    "wetland": "mangrove",
    "name": ""
   },
   "geometry": {
    "type": "Polygon",
    "coordinates": [
     [
      [
       -63.0201752,
       18.0668153
      ],
      [
       -63.0202033,
       18.0668927
      ],
      [
       -63.0201986,
       18.0669316
      ],
      [
       -63.0201598,
       18.0669826
      ],
      [
       -63.0200987,
       18.0670655
      ],
      [
       -63.020035,
       18.0670757
      ],
      [
       -63.0200156,
       18.0670948
      ],
      [
       -63.0199378,
       18.0671101
      ],
      [
       -63.0198795,
       18.0671088
      ],
      [
       -63.0198754,
       18.0671394
      ],
      [
       -63.0198768,
       18.0671822
      ],
      [
       -63.0198942,
       18.0672542
      ],
      [
       -63.0199304,
       18.0673345
      ],
      [
       -63.0199324,
       18.0673658
      ],
      [
       -63.0198868,
       18.0673696
      ],
      [
       -63.0198567,
       18.0673498
      ],
      [
       -63.0198265,
       18.0673626
      ],
      [
       -63.0197199,
       18.0673651
      ],
      [
       -63.0196816,
       18.0673689
      ],
      [
       -63.0195643,
       18.0673466
      ],
      [
       -63.0195187,
       18.0673364
      ],
      [
       -63.0194892,
       18.0673224
      ],
      [
       -63.019451,
       18.0672606
      ],
      [
       -63.0194242,
       18.0672453
      ],
      [
       -63.0193987,
       18.0672198
      ],
      [
       -63.0193799,
       18.067193
      ],
      [
       -63.0193517,
       18.0671955
      ],
      [
       -63.0193169,
       18.0671924
      ],
      [
       -63.019288,
       18.0672083
      ],
      [
       -63.0192612,
       18.0672057
      ],
      [
       -63.019217,
       18.067214
      ],
      [
       -63.0191995,
       18.0672013
      ],
      [
       -63.0191794,
       18.0672013
      ],
      [
       -63.01917,
       18.0672179
      ],
      [
       -63.0191546,
       18.0672344
      ],
      [
       -63.0191338,
       18.0672389
      ],
      [
       -63.0190862,
       18.0672351
      ],
      [
       -63.01905,
       18.0672249
      ],
      [
       -63.0190205,
       18.0672045
      ],
      [
       -63.0189776,
       18.0671885
      ],
      [
       -63.0189467,
       18.067163
      ],
      [
       -63.0189293,
       18.0671382
      ],
      [
       -63.0188904,
       18.0670757
      ],
      [
       -63.0188803,
       18.0670394
      ],
      [
       -63.0188696,
       18.0670126
      ],
      [
       -63.0188622,
       18.0669903
      ],
      [
       -63.0188455,
       18.0669788
      ],
      [
       -63.0188233,
       18.0669539
      ],
      [
       -63.0188046,
       18.066945
      ],
      [
       -63.0187751,
       18.0669214
      ],
      [
       -63.0187429,
       18.0669138
      ],
      [
       -63.0187409,
       18.0669029
      ],
      [
       -63.0187167,
       18.0668966
      ],
      [
       -63.0186772,
       18.0668991
      ],
      [
       -63.0186456,
       18.0668883
      ],
      [
       -63.0185987,
       18.0668902
      ],
      [
       -63.0185726,
       18.0668953
      ],
      [
       -63.0185457,
       18.0669048
      ],
      [
       -63.0185042,
       18.0669119
      ],
      [
       -63.0184773,
       18.0669131
      ],
      [
       -63.0184458,
       18.0669252
      ],
      [
       -63.0183989,
       18.0669303
      ],
      [
       -63.0183466,
       18.0669252
      ],
      [
       -63.018317,
       18.0669456
      ],
      [
       -63.0182567,
       18.0668819
      ],
      [
       -63.0182353,
       18.0668194
      ],
      [
       -63.0182527,
       18.0667519
      ],
      [
       -63.0183131,
       18.0666473
      ],
      [
       -63.0183167,
       18.0665963
      ],
      [
       -63.018297,
       18.0665389
      ],
      [
       -63.0182567,
       18.0665134
      ],
      [
       -63.0181897,
       18.066502
      ],
      [
       -63.0181105,
       18.0664421
      ],
      [
       -63.0180609,
       18.0663477
      ],
      [
       -63.0180475,
       18.0662635
      ],
      [
       -63.0180006,
       18.0661947
      ],
      [
       -63.0179711,
       18.0661246
      ],
      [
       -63.0179241,
       18.0659627
      ],
      [
       -63.0179402,
       18.0659206
      ],
      [
       -63.0179577,
       18.0659002
      ],
      [
       -63.0179892,
       18.0659418
      ],
      [
       -63.0180462,
       18.0660162
      ],
      [
       -63.0180941,
       18.0660504
      ],
      [
       -63.0182474,
       18.0661057
      ],
      [
       -63.018419,
       18.0661513
      ],
      [
       -63.0184959,
       18.066178
      ],
      [
       -63.0186949,
       18.0662309
      ],
      [
       -63.0188991,
       18.0662546
      ],
      [
       -63.0190332,
       18.0662839
      ],
      [
       -63.0191401,
       18.0663365
      ],
      [
       -63.0191861,
       18.0664191
      ],
      [
       -63.0191794,
       18.0664867
      ],
      [
       -63.0191781,
       18.0666001
      ],
      [
       -63.0192491,
       18.0666091
      ],
      [
       -63.0194158,
       18.0665754
      ],
      [
       -63.0195107,
       18.066588
      ],
      [
       -63.0195375,
       18.0666358
      ],
      [
       -63.0195335,
       18.0666932
      ],
      [
       -63.0195013,
       18.0667423
      ],
      [
       -63.0195254,
       18.0667773
      ],
      [
       -63.019574,
       18.0668049
      ],
      [
       -63.0196448,
       18.0667831
      ],
      [
       -63.0196944,
       18.0667761
      ],
      [
       -63.0197614,
       18.0667875
      ],
      [
       -63.0198667,
       18.0667678
      ],
      [
       -63.0199063,
       18.0667799
      ],
      [
       -63.0199559,
       18.0668143
      ],
      [
       -63.0200049,
       18.0668213
      ],
      [
       -63.0200667,
       18.0668043
      ],
      [
       -63.0201752,
       18.0668153
      ]
     ]
    ]
   }
  },
  {
   "type": "Feature",
   "id": "relation/9561101",
   "properties": {
    "wetland": "mangrove",
    "name": ""
   },
   "geometry": {
    "type": "Polygon",
    "coordinates": [
     [
      [
       -63.0231001,
       18.0764816
      ],
      [
       -63.0230974,
       18.0765192
      ],
      [
       -63.0230659,
       18.076553
      ],
      [
       -63.0230536,
       18.0765827
      ],
      [
       -63.0230472,
       18.0766505
      ],
      [
       -63.0230373,
       18.0766758
      ],
      [
       -63.0230093,
       18.076714
      ],
      [
       -63.0229945,
       18.0767474
      ],
      [
       -63.0229908,
       18.0767822
      ],
      [
       -63.0229834,
       18.0768032
      ],
      [
       -63.0229551,
       18.0768471
      ],
      [
       -63.0229566,
       18.0768972
      ],
      [
       -63.0229452,
       18.076931
      ],
      [
       -63.022937,
       18.0769904
      ],
      [
       -63.0229788,
       18.0770598
      ],
      [
       -63.0230156,
       18.0771285
      ],
      [
       -63.0230545,
       18.0771468
      ],
      [
       -63.0231097,
       18.0771634
      ],
      [
       -63.0231752,
       18.0771898
      ],
      [
       -63.0232202,
       18.0771933
      ],
      [
       -63.023248,
       18.0771997
      ],
      [
       -63.0232735,
       18.0772351
      ],
      [
       -63.0232644,
       18.0772676
      ],
      [
       -63.0232094,
       18.0773173
      ],
      [
       -63.023129,
       18.0773301
      ],
      [
       -63.0230284,
       18.0773313
      ],
      [
       -63.0229265,
       18.077325
      ],
      [
       -63.022837,
       18.0772996
      ],
      [
       -63.0227762,
       18.0772526
      ],
      [
       -63.0227993,
       18.0773323
      ],
      [
       -63.0228064,
       18.0773721
      ],
      [
       -63.0228021,
       18.0774126
      ],
      [
       -63.0228379,
       18.0774423
      ],
      [
       -63.0228279,
       18.0774768
      ],
      [
       -63.0228845,
       18.0775047
      ],
      [
       -63.0229221,
       18.0775404
      ],
      [
       -63.0228701,
       18.0776067
      ],
      [
       -63.0228326,
       18.077637
      ],
      [
       -63.0228301,
       18.0776939
      ],
      [
       -63.0228232,
       18.0777489
      ],
      [
       -63.022797,
       18.0777903
      ],
      [
       -63.0227669,
       18.0778515
      ],
      [
       -63.0227213,
       18.077921
      ],
      [
       -63.0226792,
       18.0779732
      ],
      [
       -63.0226694,
       18.078029
      ],
      [
       -63.0226167,
       18.0780944
      ],
      [
       -63.0225711,
       18.0781224
      ],
      [
       -63.0225222,
       18.0781305
      ],
      [
       -63.0224698,
       18.0781556
      ],
      [
       -63.0224226,
       18.0781906
      ],
      [
       -63.0223948,
       18.0782419
      ],
      [
       -63.0224108,
       18.0782716
      ],
      [
       -63.0224027,
       18.0783136
      ],
      [
       -63.0223867,
       18.0783557
      ],
      [
       -63.022335,
       18.0783481
      ],
      [
       -63.0223069,
       18.0783627
      ],
      [
       -63.0222875,
       18.0783913
      ],
      [
       -63.0222432,
       18.0784297
      ],
      [
       -63.0221903,
       18.078513
      ],
      [
       -63.0221761,
       18.0785425
      ],
      [
       -63.0221204,
       18.0785776
      ],
      [
       -63.0220923,
       18.0785839
      ],
      [
       -63.0220199,
       18.0785667
      ],
      [
       -63.0219817,
       18.0785746
      ],
      [
       -63.0219588,
       18.0786088
      ],
      [
       -63.021926,
       18.0786241
      ],
      [
       -63.0218509,
       18.078619
      ],
      [
       -63.0217974,
       18.0786408
      ],
      [
       -63.0217389,
       18.0786534
      ],
      [
       -63.0216739,
       18.0786572
      ],
      [
       -63.0215971,
       18.0786618
      ],
      [
       -63.0214915,
       18.0786955
      ],
      [
       -63.0213736,
       18.0787095
      ],
      [
       -63.0213084,
       18.0786923
      ],
      [
       -63.0212876,
       18.0786687
      ],
      [
       -63.0212595,
       18.07867
      ],
      [
       -63.0212259,
       18.0787121
      ],
      [
       -63.0211642,
       18.0787261
      ],
      [
       -63.0210953,
       18.0787253
      ],
      [
       -63.021006,
       18.0787248
      ],
      [
       -63.0209168,
       18.0787376
      ],
      [
       -63.0208033,
       18.078745
      ],
      [
       -63.0207398,
       18.0787637
      ],
      [
       -63.0206593,
       18.0787643
      ],
      [
       -63.0205604,
       18.0787632
      ],
      [
       -63.020485,
       18.078772
      ],
      [
       -63.0204112,
       18.0788014
      ],
      [
       -63.0203475,
       18.0788064
      ],
      [
       -63.0202811,
       18.0787943
      ],
      [
       -63.0202362,
       18.0788038
      ],
      [
       -63.0202013,
       18.0788023
      ],
      [
       -63.0201148,
       18.0788045
      ],
      [
       -63.0200551,
       18.0787968
      ],
      [
       -63.0199786,
       18.0788001
      ],
      [
       -63.0199224,
       18.0788077
      ],
      [
       -63.0198848,
       18.0788013
      ],
      [
       -63.0198164,
       18.0788223
      ],
      [
       -63.0197446,
       18.0788215
      ],
      [
       -63.0197192,
       18.078837
      ],
      [
       -63.0196763,
       18.0788523
      ],
      [
       -63.0196481,
       18.0788754
      ],
      [
       -63.0195992,
       18.0788969
      ],
      [
       -63.0195609,
       18.0789103
      ],
      [
       -63.019518,
       18.0789326
      ],
      [
       -63.0194691,
       18.0789377
      ],
      [
       -63.0194175,
       18.0789186
      ],
      [
       -63.0193779,
       18.0788714
      ],
      [
       -63.0193411,
       18.078815
      ],
      [
       -63.0192713,
       18.0787317
      ],
      [
       -63.019225,
       18.0786802
      ],
      [
       -63.0191851,
       18.0786264
      ],
      [
       -63.0191097,
       18.0785246
      ],
      [
       -63.0190741,
       18.0784724
      ],
      [
       -63.0190688,
       18.0784207
      ],
      [
       -63.0190517,
       18.0784029
      ],
      [
       -63.0190275,
       18.0784038
      ],
      [
       -63.0190151,
       18.0783991
      ],
      [
       -63.0190128,
       18.0783876
      ],
      [
       -63.0190231,
       18.0783646
      ],
      [
       -63.0190319,
       18.0783484
      ],
      [
       -63.0190489,
       18.0783287
      ],
      [
       -63.0190736,
       18.0782804
      ],
      [
       -63.0191142,
       18.0782366
      ],
      [
       -63.0191573,
       18.0782136
      ],
      [
       -63.0192894,
       18.0782199
      ],
      [
       -63.0194885,
       18.0782174
      ],
      [
       -63.0195328,
       18.078204
      ],
      [
       -63.0195911,
       18.0781701
      ],
      [
       -63.0196272,
       18.0781494
      ],
      [
       -63.0196535,
       18.0781154
      ],
      [
       -63.0196827,
       18.0780775
      ],
      [
       -63.0197058,
       18.078058
      ],
      [
       -63.0197407,
       18.078016
      ],
      [
       -63.019778,
       18.077978
      ],
      [
       -63.0199202,
       18.0778766
      ],
      [
       -63.0199794,
       18.0777907
      ],
      [
       -63.0200458,
       18.0777144
      ],
      [
       -63.0201719,
       18.0775747
      ],
      [
       -63.0201799,
       18.0775009
      ],
      [
       -63.0201638,
       18.077441
      ],
      [
       -63.0201329,
       18.0773989
      ],
      [
       -63.0201423,
       18.0773441
      ],
      [
       -63.0201061,
       18.0772842
      ],
      [
       -63.0200766,
       18.0772497
      ],
      [
       -63.0200672,
       18.0771924
      ],
      [
       -63.020035,
       18.0771439
      ],
      [
       -63.0200538,
       18.0771172
      ],
      [
       -63.0200216,
       18.077056
      ],
      [
       -63.0200189,
       18.0770228
      ],
      [
       -63.0200551,
       18.0770139
      ],
      [
       -63.0201034,
       18.0770062
      ],
      [
       -63.0201155,
       18.0769833
      ],
      [
       -63.020094,
       18.0769259
      ],
      [
       -63.0200484,
       18.0768685
      ],
      [
       -63.0200243,
       18.0768175
      ],
      [
       -63.0200216,
       18.0767207
      ],
      [
       -63.0200323,
       18.0766416
      ],
      [
       -63.0200793,
       18.07656
      ],
      [
       -63.0201316,
       18.0764963
      ],
      [
       -63.0202147,
       18.0764631
      ],
      [
       -63.0203055,
       18.0764644
      ],
      [
       -63.0204423,
       18.0763403
      ],
      [
       -63.0206058,
       18.0760583
      ],
      [
       -63.0206472,
       18.0758964
      ],
      [
       -63.020638,
       18.075685
      ],
      [
       -63.0205778,
       18.0755635
      ],
      [
       -63.0208106,
       18.0754754
      ],
      [
       -63.0208256,
       18.0755133
      ],
      [
       -63.0208437,
       18.0755331
      ],
      [
       -63.0208457,
       18.0755681
      ],
      [
       -63.0208638,
       18.075593
      ],
      [
       -63.0208662,
       18.0756234
      ],
      [
       -63.0208685,
       18.0756446
      ],
      [
       -63.020843,
       18.0756886
      ],
      [
       -63.0208732,
       18.0757147
      ],
      [
       -63.0208632,
       18.0757285
      ],
      [
       -63.0208729,
       18.0757457
      ],
      [
       -63.0208789,
       18.075761
      ],
      [
       -63.0208953,
       18.0757689
      ],
      [
       -63.0208974,
       18.0757976
      ],
      [
       -63.0209128,
       18.0758247
      ],
      [
       -63.0209128,
       18.0758728
      ],
      [
       -63.0209135,
       18.0759092
      ],
      [
       -63.0209469,
       18.0759205
      ],
      [
       -63.0209617,
       18.0759659
      ],
      [
       -63.0209477,
       18.0759847
      ],
      [
       -63.0209577,
       18.0760067
      ],
      [
       -63.0209644,
       18.0760405
      ],
      [
       -63.0209624,
       18.0760743
      ],
      [
       -63.020943,
       18.0760953
      ],
      [
       -63.0209389,
       18.0761176
      ],
      [
       -63.0209483,
       18.0761444
      ],
      [
       -63.0209275,
       18.0761667
      ],
      [
       -63.0209266,
       18.0761947
      ],
      [
       -63.0209084,
       18.0762075
      ],
      [
       -63.0209024,
       18.0762279
      ],
      [
       -63.0208833,
       18.0762445
      ],
      [
       -63.0208719,
       18.0762604
      ],
      [
       -63.0208732,
       18.0762789
      ],
      [
       -63.0208565,
       18.0762942
      ],
      [
       -63.020839,
       18.076321
      ],
      [
       -63.0208082,
       18.0763337
      ],
      [
       -63.0207807,
       18.076363
      ],
      [
       -63.020774,
       18.0763885
      ],
      [
       -63.0207512,
       18.0764026
      ],
      [
       -63.0207364,
       18.0764313
      ],
      [
       -63.0207113,
       18.0764504
      ],
      [
       -63.0206868,
       18.0764542
      ],
      [
       -63.0206721,
       18.0764778
      ],
      [
       -63.0206429,
       18.076487
      ],
      [
       -63.02063,
       18.076505
      ],
      [
       -63.0206296,
       18.0765219
      ],
      [
       -63.0206345,
       18.0765422
      ],
      [
       -63.0206258,
       18.0765804
      ],
      [
       -63.020607,
       18.0766346
      ],
      [
       -63.0205762,
       18.0766391
      ],
      [
       -63.0205634,
       18.0766569
      ],
      [
       -63.0205728,
       18.0766837
      ],
      [
       -63.0205635,
       18.0767092
      ],
      [
       -63.0205889,
       18.0767309
      ],
      [
       -63.0206278,
       18.0767653
      ],
      [
       -63.0206365,
       18.0767921
      ],
      [
       -63.0206586,
       18.0768016
      ],
      [
       -63.020705,
       18.0768638
      ],
      [
       -63.0207116,
       18.0768787
      ],
      [
       -63.0207116,
       18.0768985
      ],
      [
       -63.0207223,
       18.0769374
      ],
      [
       -63.0207244,
       18.0769552
      ],
      [
       -63.0207405,
       18.0769725
      ],
      [
       -63.0207874,
       18.0769877
      ],
      [
       -63.0208015,
       18.0770075
      ],
      [
       -63.0208243,
       18.0770387
      ],
      [
       -63.0208314,
       18.0770685
      ],
      [
       -63.020833,
       18.0770974
      ],
      [
       -63.0208055,
       18.0771414
      ],
      [
       -63.020786,
       18.0771579
      ],
      [
       -63.0207673,
       18.077172
      ],
      [
       -63.0207659,
       18.0771917
      ],
      [
       -63.0207792,
       18.0772103
      ],
      [
       -63.0207673,
       18.077267
      ],
      [
       -63.0207612,
       18.0772988
      ],
      [
       -63.0207451,
       18.0773256
      ],
      [
       -63.0207136,
       18.0773352
      ],
      [
       -63.0206976,
       18.0773589
      ],
      [
       -63.0206741,
       18.0773658
      ],
      [
       -63.0206747,
       18.0773964
      ],
      [
       -63.0206506,
       18.0774104
      ],
      [
       -63.0206399,
       18.0774378
      ],
      [
       -63.0206265,
       18.0774486
      ],
      [
       -63.0206023,
       18.0774493
      ],
      [
       -63.0206016,
       18.077476
      ],
      [
       -63.0206244,
       18.0775009
      ],
      [
       -63.0206198,
       18.0775372
      ],
      [
       -63.0205795,
       18.0775685
      ],
      [
       -63.0205701,
       18.0775927
      ],
      [
       -63.0205379,
       18.0775946
      ],
      [
       -63.0205151,
       18.0776118
      ],
      [
       -63.0205118,
       18.0776329
      ],
      [
       -63.0204758,
       18.0776908
      ],
      [
       -63.0204353,
       18.0776998
      ],
      [
       -63.0203991,
       18.0777023
      ],
      [
       -63.0204079,
       18.0777246
      ],
      [
       -63.0204025,
       18.0777438
      ],
      [
       -63.0204139,
       18.0777795
      ],
      [
       -63.0204065,
       18.0778094
      ],
      [
       -63.0203944,
       18.0778394
      ],
      [
       -63.0203699,
       18.0778566
      ],
      [
       -63.0203307,
       18.0778713
      ],
      [
       -63.0202831,
       18.0778732
      ],
      [
       -63.0202395,
       18.0778815
      ],
      [
       -63.0201795,
       18.0778792
      ],
      [
       -63.0202107,
       18.0779312
      ],
      [
       -63.0202114,
       18.0779605
      ],
      [
       -63.0202235,
       18.0779892
      ],
      [
       -63.0202288,
       18.0780153
      ],
      [
       -63.0202429,
       18.0780357
      ],
      [
       -63.0202436,
       18.078052
      ],
      [
       -63.0202261,
       18.0780778
      ],
      [
       -63.020202,
       18.0780944
      ],
      [
       -63.0201765,
       18.0781231
      ],
      [
       -63.0201746,
       18.0781506
      ],
      [
       -63.0201544,
       18.078176
      ],
      [
       -63.020145,
       18.0782053
      ],
      [
       -63.0201168,
       18.0782282
      ],
      [
       -63.0201012,
       18.0782635
      ],
      [
       -63.0200739,
       18.0782729
      ],
      [
       -63.0200417,
       18.0782869
      ],
      [
       -63.0200283,
       18.0783092
      ],
      [
       -63.0200104,
       18.0783258
      ],
      [
       -63.0199955,
       18.0783544
      ],
      [
       -63.0199532,
       18.0783621
      ],
      [
       -63.0199352,
       18.0783771
      ],
      [
       -63.0199271,
       18.078403
      ],
      [
       -63.019919,
       18.0784399
      ],
      [
       -63.0199076,
       18.0784513
      ],
      [
       -63.0199177,
       18.0784979
      ],
      [
       -63.0199365,
       18.0785068
      ],
      [
       -63.0199425,
       18.0785304
      ],
      [
       -63.0199579,
       18.0785489
      ],
      [
       -63.0199873,
       18.0785815
      ],
      [
       -63.0200136,
       18.0785559
      ],
      [
       -63.0200226,
       18.0785342
      ],
      [
       -63.0200458,
       18.0785202
      ],
      [
       -63.0200788,
       18.0785128
      ],
      [
       -63.0200887,
       18.0785208
      ],
      [
       -63.0201068,
       18.0785364
      ],
      [
       -63.0201286,
       18.0785412
      ],
      [
       -63.020143,
       18.0785466
      ],
      [
       -63.0201665,
       18.0785447
      ],
      [
       -63.0201879,
       18.0785463
      ],
      [
       -63.0202084,
       18.0785549
      ],
      [
       -63.0202255,
       18.0785425
      ],
      [
       -63.0202308,
       18.0785227
      ],
      [
       -63.0202489,
       18.0785062
      ],
      [
       -63.020284,
       18.0784877
      ],
      [
       -63.0203286,
       18.0784809
      ],
      [
       -63.0203474,
       18.0785001
      ],
      [
       -63.0203582,
       18.0785224
      ],
      [
       -63.0203673,
       18.0785275
      ],
      [
       -63.020381,
       18.0785281
      ],
      [
       -63.0203965,
       18.0785339
      ],
      [
       -63.0204186,
       18.0785305
      ],
      [
       -63.0204508,
       18.0785164
      ],
      [
       -63.0204689,
       18.0785074
      ],
      [
       -63.0204877,
       18.078503
      ],
      [
       -63.0205004,
       18.0785078
      ],
      [
       -63.0205182,
       18.0785224
      ],
      [
       -63.0205406,
       18.0785116
      ],
      [
       -63.0205691,
       18.0785237
      ],
      [
       -63.0205876,
       18.0785352
      ],
      [
       -63.020604,
       18.0785313
      ],
      [
       -63.0206171,
       18.0785312
      ],
      [
       -63.0206348,
       18.0785386
      ],
      [
       -63.0206613,
       18.0785253
      ],
      [
       -63.0207066,
       18.0785103
      ],
      [
       -63.0207354,
       18.0785167
      ],
      [
       -63.0207508,
       18.0785304
      ],
      [
       -63.0207616,
       18.0785084
      ],
      [
       -63.0207864,
       18.078495
      ],
      [
       -63.0208319,
       18.0784839
      ],
      [
       -63.0208451,
       18.0784842
      ],
      [
       -63.0208541,
       18.0784909
      ],
      [
       -63.0208742,
       18.0784874
      ],
      [
       -63.0208826,
       18.0784791
      ],
      [
       -63.0209047,
       18.0784813
      ],
      [
       -63.0209121,
       18.0784708
      ],
      [
       -63.020942,
       18.0784689
      ],
      [
       -63.0209703,
       18.0784611
      ],
      [
       -63.0209902,
       18.0784638
      ],
      [
       -63.0210184,
       18.0784631
      ],
      [
       -63.0210388,
       18.0784647
      ],
      [
       -63.0210593,
       18.0784599
      ],
      [
       -63.0210868,
       18.0784631
      ],
      [
       -63.0211009,
       18.0784612
      ],
      [
       -63.021126,
       18.078459
      ],
      [
       -63.0211485,
       18.0784663
      ],
      [
       -63.021173,
       18.0784666
      ],
      [
       -63.0211954,
       18.0784609
      ],
      [
       -63.0212165,
       18.0784536
      ],
      [
       -63.0212367,
       18.0784603
      ],
      [
       -63.0212507,
       18.0784622
      ],
      [
       -63.0212625,
       18.0784552
      ],
      [
       -63.0212736,
       18.0784453
      ],
      [
       -63.0213004,
       18.0784494
      ],
      [
       -63.0213091,
       18.0784599
      ],
      [
       -63.0213228,
       18.0784654
      ],
      [
       -63.0213426,
       18.0784698
      ],
      [
       -63.021359,
       18.0784663
      ],
      [
       -63.0213741,
       18.0784532
      ],
      [
       -63.0213882,
       18.078445
      ],
      [
       -63.0214196,
       18.0784466
      ],
      [
       -63.0214408,
       18.0784395
      ],
      [
       -63.02147,
       18.0784278
      ],
      [
       -63.0214828,
       18.0784278
      ],
      [
       -63.0215123,
       18.0784299
      ],
      [
       -63.0215454,
       18.0784459
      ],
      [
       -63.0215734,
       18.0784403
      ],
      [
       -63.0215944,
       18.0784628
      ],
      [
       -63.0216058,
       18.0784842
      ],
      [
       -63.0216205,
       18.0784982
      ],
      [
       -63.0216343,
       18.0784899
      ],
      [
       -63.0216497,
       18.078488
      ],
      [
       -63.0216568,
       18.0784772
      ],
      [
       -63.0216678,
       18.0784748
      ],
      [
       -63.0216879,
       18.0784937
      ],
      [
       -63.0217037,
       18.0784979
      ],
      [
       -63.0217282,
       18.0784717
      ],
      [
       -63.0217842,
       18.0784405
      ],
      [
       -63.0218096,
       18.0784277
      ],
      [
       -63.0218294,
       18.078422
      ],
      [
       -63.0218606,
       18.0784125
      ],
      [
       -63.0218814,
       18.0783908
      ],
      [
       -63.0219123,
       18.0783732
      ],
      [
       -63.0219317,
       18.0783471
      ],
      [
       -63.0219434,
       18.0783391
      ],
      [
       -63.0219461,
       18.0783207
      ],
      [
       -63.0219538,
       18.0782968
      ],
      [
       -63.0219649,
       18.0782843
      ],
      [
       -63.0219689,
       18.0782697
      ],
      [
       -63.0219699,
       18.0782566
      ],
      [
       -63.0219759,
       18.0782477
      ],
      [
       -63.0219894,
       18.0782376
      ],
      [
       -63.0219813,
       18.0782155
      ],
      [
       -63.0220054,
       18.0781951
      ],
      [
       -63.0220252,
       18.0781935
      ],
      [
       -63.0220536,
       18.0781972
      ],
      [
       -63.0220762,
       18.0782031
      ],
      [
       -63.0221241,
       18.0782155
      ],
      [
       -63.0221342,
       18.0782101
      ],
      [
       -63.022151,
       18.078204
      ],
      [
       -63.0221595,
       18.0781942
      ],
      [
       -63.0221852,
       18.0781925
      ],
      [
       -63.0221982,
       18.0781779
      ],
      [
       -63.0222207,
       18.0781696
      ],
      [
       -63.022258,
       18.0781696
      ],
      [
       -63.0222324,
       18.0781438
      ],
      [
       -63.0222251,
       18.0781288
      ],
      [
       -63.02222,
       18.0781132
      ],
      [
       -63.0222199,
       18.0780972
      ],
      [
       -63.0222123,
       18.0780848
      ],
      [
       -63.0222187,
       18.0780577
      ],
      [
       -63.022224,
       18.0780392
      ],
      [
       -63.0222371,
       18.0780144
      ],
      [
       -63.022253,
       18.0779982
      ],
      [
       -63.0223022,
       18.0779777
      ],
      [
       -63.0223561,
       18.0779661
      ],
      [
       -63.0223525,
       18.0779481
      ],
      [
       -63.0223612,
       18.0779363
      ],
      [
       -63.0223954,
       18.0779286
      ],
      [
       -63.0224269,
       18.0779114
      ],
      [
       -63.0224592,
       18.0779029
      ],
      [
       -63.0224363,
       18.0778808
      ],
      [
       -63.0224269,
       18.0778658
      ],
      [
       -63.0224276,
       18.077854
      ],
      [
       -63.0224462,
       18.0778344
      ],
      [
       -63.0224279,
       18.0778359
      ],
      [
       -63.0224074,
       18.0778343
      ],
      [
       -63.0223799,
       18.0778389
      ],
      [
       -63.0223575,
       18.0778349
      ],
      [
       -63.0223196,
       18.0778305
      ],
      [
       -63.0223035,
       18.0778164
      ],
      [
       -63.0222917,
       18.077801
      ],
      [
       -63.0222864,
       18.0777836
      ],
      [
       -63.0222854,
       18.0777635
      ],
      [
       -63.0222894,
       18.077738
      ],
      [
       -63.0222968,
       18.0777256
      ],
      [
       -63.0223099,
       18.0777125
      ],
      [
       -63.022332,
       18.0777052
      ],
      [
       -63.0223481,
       18.0776864
      ],
      [
       -63.0223686,
       18.0776692
      ],
      [
       -63.0223893,
       18.0776523
      ],
      [
       -63.0224116,
       18.0776434
      ],
      [
       -63.0224353,
       18.0776284
      ],
      [
       -63.0224584,
       18.0776182
      ],
      [
       -63.0224628,
       18.077601
      ],
      [
       -63.0224732,
       18.0775761
      ],
      [
       -63.0224993,
       18.0775532
      ],
      [
       -63.0225385,
       18.0775398
      ],
      [
       -63.0225551,
       18.0775241
      ],
      [
       -63.0225486,
       18.0775041
      ],
      [
       -63.0225395,
       18.077469
      ],
      [
       -63.0225308,
       18.077441
      ],
      [
       -63.0225409,
       18.0774024
      ],
      [
       -63.0225523,
       18.0773858
      ],
      [
       -63.0225697,
       18.0773533
      ],
      [
       -63.0225684,
       18.0773326
      ],
      [
       -63.0225821,
       18.0773266
      ],
      [
       -63.0226294,
       18.0773125
      ],
      [
       -63.0226502,
       18.0773007
      ],
      [
       -63.0226482,
       18.0772714
      ],
      [
       -63.0226341,
       18.0772367
      ],
      [
       -63.0226425,
       18.0772134
      ],
      [
       -63.0226304,
       18.0772007
      ],
      [
       -63.022622,
       18.0771847
      ],
      [
       -63.0226197,
       18.0771637
      ],
      [
       -63.0226264,
       18.0771407
      ],
      [
       -63.022622,
       18.0771213
      ],
      [
       -63.0226291,
       18.0771028
      ],
      [
       -63.0226418,
       18.0770878
      ],
      [
       -63.02262,
       18.0770611
      ],
      [
       -63.0226059,
       18.0770356
      ],
      [
       -63.0226012,
       18.077003
      ],
      [
       -63.0226257,
       18.0769667
      ],
      [
       -63.0226703,
       18.0769285
      ],
      [
       -63.0226565,
       18.0769029
      ],
      [
       -63.0226525,
       18.076881
      ],
      [
       -63.0226596,
       18.0768571
      ],
      [
       -63.02268,
       18.07683
      ],
      [
       -63.0227079,
       18.0768003
      ],
      [
       -63.0227434,
       18.076765
      ],
      [
       -63.0227625,
       18.0767334
      ],
      [
       -63.0227903,
       18.0767012
      ],
      [
       -63.0228326,
       18.0766758
      ],
      [
       -63.0228272,
       18.0766566
      ],
      [
       -63.0228379,
       18.0766187
      ],
      [
       -63.0228544,
       18.0765935
      ],
      [
       -63.0228782,
       18.0765756
      ],
      [
       -63.0229087,
       18.0765718
      ],
      [
       -63.0229305,
       18.0765728
      ],
      [
       -63.0229385,
       18.076553
      ],
      [
       -63.0229529,
       18.0765412
      ],
      [
       -63.0229667,
       18.0765339
      ],
      [
       -63.0229861,
       18.0765046
      ],
      [
       -63.0229985,
       18.07648
      ],
      [
       -63.0230106,
       18.0764599
      ],
      [
       -63.023025,
       18.0764401
      ],
      [
       -63.0230907,
       18.0764395
      ],
      [
       -63.0231001,
       18.0764816
      ]
     ],
     [
      [
       -63.0203529,
       18.0773109
      ],
      [
       -63.0203911,
       18.0772886
      ],
      [
       -63.0204139,
       18.0772421
      ],
      [
       -63.020434,
       18.0772281
      ],
      [
       -63.0204729,
       18.0772211
      ],
      [
       -63.0204977,
       18.0771688
      ],
      [
       -63.0204561,
       18.0771624
      ],
      [
       -63.020432,
       18.0771477
      ],
      [
       -63.0204313,
       18.0771178
      ],
      [
       -63.0204702,
       18.0770894
      ],
      [
       -63.0204528,
       18.0770585
      ],
      [
       -63.0204298,
       18.0769711
      ],
      [
       -63.0204005,
       18.0769654
      ],
      [
       -63.0203502,
       18.076924
      ],
      [
       -63.0203223,
       18.0768813
      ],
      [
       -63.0202878,
       18.0768641
      ],
      [
       -63.020267,
       18.0768475
      ],
      [
       -63.0202577,
       18.0768163
      ],
      [
       -63.0202691,
       18.0767831
      ],
      [
       -63.0202476,
       18.0767621
      ],
      [
       -63.0202563,
       18.0767213
      ],
      [
       -63.0202469,
       18.0766824
      ],
      [
       -63.020263,
       18.0766677
      ],
      [
       -63.0202503,
       18.0766371
      ],
      [
       -63.0202509,
       18.0766136
      ],
      [
       -63.0202324,
       18.0765732
      ],
      [
       -63.0202687,
       18.0765194
      ],
      [
       -63.0202214,
       18.0765128
      ],
      [
       -63.0201866,
       18.0765218
      ],
      [
       -63.0201678,
       18.0765434
      ],
      [
       -63.0201437,
       18.07656
      ],
      [
       -63.0201262,
       18.0765817
      ],
      [
       -63.0201235,
       18.0766187
      ],
      [
       -63.0201302,
       18.0766429
      ],
      [
       -63.0201182,
       18.0766684
      ],
      [
       -63.0201316,
       18.0767015
      ],
      [
       -63.0201209,
       18.0767194
      ],
      [
       -63.0201142,
       18.0767487
      ],
      [
       -63.0201088,
       18.0767882
      ],
      [
       -63.020137,
       18.0768405
      ],
      [
       -63.0201732,
       18.0769017
      ],
      [
       -63.0201651,
       18.0769285
      ],
      [
       -63.0201879,
       18.0769565
      ],
      [
       -63.0202134,
       18.0770126
      ],
      [
       -63.0202214,
       18.0770662
      ],
      [
       -63.0202188,
       18.0771299
      ],
      [
       -63.0202067,
       18.0771936
      ],
      [
       -63.0202201,
       18.0772306
      ],
      [
       -63.0202214,
       18.0773097
      ],
      [
       -63.0202496,
       18.0773441
      ],
      [
       -63.0203303,
       18.0773597
      ],
      [
       -63.0203529,
       18.0773109
      ]
     ]
    ]
   }
  },
  {
   "type": "Feature",
   "id": "relation/9561372",
   "properties": {
    "wetland": "mangrove",
    "name": ""
   },
   "geometry": {
    "type": "Polygon",
    "coordinates": [
     [
      [
       -63.0490813,
       18.0988249
      ],
      [
       -63.0490914,
       18.0988542
      ],
      [
       -63.0491276,
       18.0988893
      ],
      [
       -63.0490673,
       18.0988772
      ],
      [
       -63.049019,
       18.0988695
      ],
      [
       -63.048964,
       18.0988836
      ],
      [
       -63.0488869,
       18.0988938
      ],
      [
       -63.0488373,
       18.0988906
      ],
      [
       -63.0487943,
       18.098895
      ],
      [
       -63.0487809,
       18.0989103
      ],
      [
       -63.0488044,
       18.0989307
      ],
      [
       -63.0488446,
       18.0989613
      ],
      [
       -63.0488969,
       18.0989754
      ],
      [
       -63.0489499,
       18.0990053
      ],
      [
       -63.0489868,
       18.0990429
      ],
      [
       -63.0490056,
       18.0990697
      ],
      [
       -63.0490337,
       18.0991385
      ],
      [
       -63.0490364,
       18.0992112
      ],
      [
       -63.0489975,
       18.0992583
      ],
      [
       -63.0489573,
       18.0992826
      ],
      [
       -63.048913,
       18.0992851
      ],
      [
       -63.0489026,
       18.0993172
      ],
      [
       -63.0489063,
       18.0993387
      ],
      [
       -63.0489358,
       18.0993782
      ],
      [
       -63.0488715,
       18.0993998
      ],
      [
       -63.0488648,
       18.0994343
      ],
      [
       -63.0489144,
       18.0994712
      ],
      [
       -63.0489466,
       18.0994967
      ],
      [
       -63.0489331,
       18.099526
      ],
      [
       -63.0488876,
       18.0995477
      ],
      [
       -63.048846,
       18.0995923
      ],
      [
       -63.0488299,
       18.0996459
      ],
      [
       -63.0488554,
       18.0997147
      ],
      [
       -63.0487632,
       18.0996882
      ],
      [
       -63.0486421,
       18.0996765
      ],
      [
       -63.0485523,
       18.0996573
      ],
      [
       -63.0484638,
       18.0996369
      ],
      [
       -63.0483498,
       18.0995834
      ],
      [
       -63.0480942,
       18.0995144
      ],
      [
       -63.0478603,
       18.0994547
      ],
      [
       -63.0478214,
       18.0994279
      ],
      [
       -63.0477839,
       18.0993764
      ],
      [
       -63.0476694,
       18.0992995
      ],
      [
       -63.047645,
       18.0992807
      ],
      [
       -63.047637,
       18.0992628
      ],
      [
       -63.0476139,
       18.0992564
      ],
      [
       -63.0475538,
       18.0992883
      ],
      [
       -63.0474895,
       18.0992972
      ],
      [
       -63.0474485,
       18.0992934
      ],
      [
       -63.0473962,
       18.0992787
      ],
      [
       -63.0473366,
       18.0992756
      ],
      [
       -63.0472621,
       18.0992583
      ],
      [
       -63.0471716,
       18.0992354
      ],
      [
       -63.0470663,
       18.099208
      ],
      [
       -63.0470261,
       18.0992035
      ],
      [
       -63.047006,
       18.0991914
      ],
      [
       -63.0469081,
       18.0991799
      ],
      [
       -63.0468558,
       18.0991627
      ],
      [
       -63.046829,
       18.0991462
      ],
      [
       -63.0469067,
       18.099113
      ],
      [
       -63.0470127,
       18.0990952
      ],
      [
       -63.0470851,
       18.0990952
      ],
      [
       -63.0471783,
       18.0990739
      ],
      [
       -63.0472595,
       18.0990582
      ],
      [
       -63.0473922,
       18.0990314
      ],
      [
       -63.047584,
       18.0989957
      ],
      [
       -63.0479684,
       18.0989341
      ],
      [
       -63.0481015,
       18.0989043
      ],
      [
       -63.0484283,
       18.0988603
      ],
      [
       -63.0486636,
       18.0988517
      ],
      [
       -63.0487394,
       18.0988562
      ],
      [
       -63.0488634,
       18.0988466
      ],
      [
       -63.0490069,
       18.0988319
      ],
      [
       -63.0490813,
       18.0988249
      ]
     ]
    ]
   }
  },
  {
   "type": "Feature",
   "id": "relation/9561410",
   "properties": {
    "wetland": "mangrove",
    "name": ""
   },
   "geometry": {
    "type": "Polygon",
    "coordinates": [
     [
      [
       -63.0267788,
       18.0953287
      ],
      [
       -63.0267671,
       18.095355
      ],
      [
       -63.0267498,
       18.0953747
      ],
      [
       -63.0267049,
       18.0953954
      ],
      [
       -63.0266394,
       18.0954151
      ],
      [
       -63.0265583,
       18.0954386
      ],
      [
       -63.0264404,
       18.0954753
      ],
      [
       -63.0263363,
       18.0955146
      ],
      [
       -63.0261811,
       18.0955737
      ],
      [
       -63.0261178,
       18.0955983
      ],
      [
       -63.0259873,
       18.0956425
      ],
      [
       -63.0259067,
       18.095683
      ],
      [
       -63.0258636,
       18.0957207
      ],
      [
       -63.0258291,
       18.0957475
      ],
      [
       -63.0257897,
       18.0957661
      ],
      [
       -63.0257471,
       18.0957708
      ],
      [
       -63.0256911,
       18.0957705
      ],
      [
       -63.0256543,
       18.0957642
      ],
      [
       -63.0255943,
       18.0957354
      ],
      [
       -63.0254734,
       18.0957039
      ],
      [
       -63.0253787,
       18.0956935
      ],
      [
       -63.0252926,
       18.0956766
      ],
      [
       -63.025205,
       18.0956603
      ],
      [
       -63.0251365,
       18.0956461
      ],
      [
       -63.0250899,
       18.0956373
      ],
      [
       -63.0249895,
       18.0956348
      ],
      [
       -63.0249207,
       18.0956387
      ],
      [
       -63.0248483,
       18.0956495
      ],
      [
       -63.0248059,
       18.0956518
      ],
      [
       -63.0247451,
       18.0956621
      ],
      [
       -63.0247254,
       18.0956469
      ],
      [
       -63.0247272,
       18.0956147
      ],
      [
       -63.0247363,
       18.0956016
      ],
      [
       -63.0247624,
       18.0955982
      ],
      [
       -63.024797,
       18.0955926
      ],
      [
       -63.0248409,
       18.0955963
      ],
      [
       -63.0248757,
       18.0955889
      ],
      [
       -63.0249024,
       18.095594
      ],
      [
       -63.0249425,
       18.0955775
      ],
      [
       -63.0249921,
       18.0955698
      ],
      [
       -63.0250276,
       18.0955773
      ],
      [
       -63.02509,
       18.0955874
      ],
      [
       -63.0251198,
       18.0956065
      ],
      [
       -63.0251973,
       18.0956242
      ],
      [
       -63.0252561,
       18.0956434
      ],
      [
       -63.0253252,
       18.0956536
      ],
      [
       -63.0253927,
       18.0956508
      ],
      [
       -63.0254531,
       18.0956597
      ],
      [
       -63.0255066,
       18.0956563
      ],
      [
       -63.0255295,
       18.0956419
      ],
      [
       -63.0255772,
       18.0956417
      ],
      [
       -63.0256825,
       18.0956227
      ],
      [
       -63.0257212,
       18.0956168
      ],
      [
       -63.0257575,
       18.0955679
      ],
      [
       -63.0258056,
       18.095519
      ],
      [
       -63.0258789,
       18.0954895
      ],
      [
       -63.0259178,
       18.0954978
      ],
      [
       -63.0259421,
       18.0955246
      ],
      [
       -63.02596,
       18.0954959
      ],
      [
       -63.0259661,
       18.095471
      ],
      [
       -63.0260224,
       18.0954768
      ],
      [
       -63.0260972,
       18.0954225
      ],
      [
       -63.0261049,
       18.0953601
      ],
      [
       -63.026186,
       18.0953423
      ],
      [
       -63.0262624,
       18.0952909
      ],
      [
       -63.0263201,
       18.0952779
      ],
      [
       -63.02635,
       18.0952821
      ],
      [
       -63.0263798,
       18.095297
      ],
      [
       -63.0264232,
       18.0952968
      ],
      [
       -63.0264623,
       18.0953098
      ],
      [
       -63.0264884,
       18.0952996
      ],
      [
       -63.0265085,
       18.0953072
      ],
      [
       -63.0265413,
       18.0953035
      ],
      [
       -63.026583,
       18.0953187
      ],
      [
       -63.0266603,
       18.0953219
      ],
      [
       -63.0266862,
       18.0953289
      ],
      [
       -63.0267184,
       18.0953251
      ],
      [
       -63.0267385,
       18.095326
      ],
      [
       -63.0267593,
       18.0953318
      ],
      [
       -63.0267788,
       18.0953287
      ]
     ]
    ]
   }
  },
  {
   "type": "Feature",
   "id": "relation/9561412",
   "properties": {
    "wetland": "mangrove",
    "name": ""
   },
   "geometry": {
    "type": "Polygon",
    "coordinates": [
     [
      [
       -63.0295608,
       18.0966053
      ],
      [
       -63.0295545,
       18.096638
      ],
      [
       -63.0295411,
       18.0966756
      ],
      [
       -63.0294248,
       18.0966929
      ],
      [
       -63.0292979,
       18.0966879
      ],
      [
       -63.029223,
       18.0966597
      ],
      [
       -63.0291806,
       18.0966313
      ],
      [
       -63.0291203,
       18.0966094
      ],
      [
       -63.029069,
       18.0965972
      ],
      [
       -63.0290058,
       18.0965869
      ],
      [
       -63.0289534,
       18.0965712
      ],
      [
       -63.0288256,
       18.0965367
      ],
      [
       -63.0287364,
       18.0965048
      ],
      [
       -63.0285893,
       18.0964921
      ],
      [
       -63.0284896,
       18.0964631
      ],
      [
       -63.0284069,
       18.0964769
      ],
      [
       -63.028319,
       18.0964848
      ],
      [
       -63.0282781,
       18.0965017
      ],
      [
       -63.0282493,
       18.0965272
      ],
      [
       -63.0282117,
       18.0965418
      ],
      [
       -63.0281309,
       18.0965543
      ],
      [
       -63.0280864,
       18.0965654
      ],
      [
       -63.0280023,
       18.0965677
      ],
      [
       -63.0279315,
       18.096568
      ],
      [
       -63.0278802,
       18.0965705
      ],
      [
       -63.0277733,
       18.0965575
      ],
      [
       -63.0276527,
       18.0965584
      ],
      [
       -63.0274855,
       18.0965769
      ],
      [
       -63.0273946,
       18.0965953
      ],
      [
       -63.0272609,
       18.096605
      ],
      [
       -63.0271811,
       18.0966196
      ],
      [
       -63.027053,
       18.0966253
      ],
      [
       -63.0269918,
       18.096602
      ],
      [
       -63.0269321,
       18.0965723
      ],
      [
       -63.0269022,
       18.0965387
      ],
      [
       -63.0268782,
       18.0965307
      ],
      [
       -63.0268478,
       18.0965673
      ],
      [
       -63.0267796,
       18.0966014
      ],
      [
       -63.0267546,
       18.0966241
      ],
      [
       -63.0267278,
       18.096647
      ],
      [
       -63.0266661,
       18.0966935
      ],
      [
       -63.026648,
       18.0967101
      ],
      [
       -63.0266011,
       18.0967184
      ],
      [
       -63.0265689,
       18.0967203
      ],
      [
       -63.0265248,
       18.0967191
      ],
      [
       -63.0264857,
       18.0966534
      ],
      [
       -63.0264891,
       18.0965858
      ],
      [
       -63.0264616,
       18.0965412
      ],
      [
       -63.0264314,
       18.0965323
      ],
      [
       -63.026414,
       18.0965132
      ],
      [
       -63.0264247,
       18.096494
      ],
      [
       -63.0264502,
       18.096473
      ],
      [
       -63.0264971,
       18.096443
      ],
      [
       -63.0265326,
       18.096425
      ],
      [
       -63.0265696,
       18.0964093
      ],
      [
       -63.0266822,
       18.0963946
      ],
      [
       -63.0267406,
       18.0963825
      ],
      [
       -63.0267736,
       18.0963718
      ],
      [
       -63.0268197,
       18.0963519
      ],
      [
       -63.0268576,
       18.0963049
      ],
      [
       -63.0268722,
       18.0962563
      ],
      [
       -63.02687,
       18.0961913
      ],
      [
       -63.0268722,
       18.0961204
      ],
      [
       -63.0268655,
       18.0959987
      ],
      [
       -63.0268523,
       18.0958567
      ],
      [
       -63.0268348,
       18.0957723
      ],
      [
       -63.0268075,
       18.0956791
      ],
      [
       -63.0268166,
       18.0955858
      ],
      [
       -63.0268167,
       18.0955089
      ],
      [
       -63.0267962,
       18.0954615
      ],
      [
       -63.0267868,
       18.0954376
      ],
      [
       -63.0267882,
       18.0953924
      ],
      [
       -63.0267954,
       18.0953608
      ],
      [
       -63.0268007,
       18.0953345
      ],
      [
       -63.0268079,
       18.0953512
      ],
      [
       -63.026821,
       18.0953541
      ],
      [
       -63.0268385,
       18.0953655
      ],
      [
       -63.0268574,
       18.0953695
      ],
      [
       -63.026871,
       18.0953984
      ],
      [
       -63.0268827,
       18.09542
      ],
      [
       -63.0268847,
       18.0954487
      ],
      [
       -63.0268901,
       18.095464
      ],
      [
       -63.026899,
       18.0954758
      ],
      [
       -63.0269042,
       18.0955341
      ],
      [
       -63.026929,
       18.095566
      ],
      [
       -63.026927,
       18.0955823
      ],
      [
       -63.026927,
       18.0956093
      ],
      [
       -63.0269337,
       18.0956291
      ],
      [
       -63.0269199,
       18.095645
      ],
      [
       -63.0269115,
       18.0956635
      ],
      [
       -63.0269062,
       18.0956922
      ],
      [
       -63.0269082,
       18.0957228
      ],
      [
       -63.0269351,
       18.0957627
      ],
      [
       -63.0269598,
       18.0958152
      ],
      [
       -63.0269598,
       18.0958388
      ],
      [
       -63.0269545,
       18.0958541
      ],
      [
       -63.0269548,
       18.0958798
      ],
      [
       -63.0269538,
       18.0959223
      ],
      [
       -63.0269451,
       18.0959548
      ],
      [
       -63.0269397,
       18.0959975
      ],
      [
       -63.0269444,
       18.0960338
      ],
      [
       -63.0269697,
       18.0960788
      ],
      [
       -63.0269739,
       18.096132
      ],
      [
       -63.0269679,
       18.0961639
      ],
      [
       -63.0269766,
       18.0962002
      ],
      [
       -63.0269699,
       18.0962238
      ],
      [
       -63.026978,
       18.0962509
      ],
      [
       -63.0269742,
       18.0962649
      ],
      [
       -63.0269578,
       18.096269
      ],
      [
       -63.0269618,
       18.096299
      ],
      [
       -63.0269518,
       18.0963175
      ],
      [
       -63.0269337,
       18.0963242
      ],
      [
       -63.0269223,
       18.0963353
      ],
      [
       -63.0268961,
       18.0963427
      ],
      [
       -63.0268914,
       18.0963621
      ],
      [
       -63.0268965,
       18.0963793
      ],
      [
       -63.0268981,
       18.096394
      ],
      [
       -63.0268904,
       18.0964007
      ],
      [
       -63.0268706,
       18.0964
      ],
      [
       -63.0268592,
       18.0964112
      ],
      [
       -63.0268458,
       18.0964373
      ],
      [
       -63.026825,
       18.0964332
      ],
      [
       -63.0267959,
       18.096458
      ],
      [
       -63.02681,
       18.0964685
      ],
      [
       -63.0268414,
       18.0964714
      ],
      [
       -63.0268633,
       18.0964829
      ],
      [
       -63.0269015,
       18.0964768
      ],
      [
       -63.0269518,
       18.09648
      ],
      [
       -63.0269722,
       18.0964893
      ],
      [
       -63.0269866,
       18.0964864
      ],
      [
       -63.0270145,
       18.0965042
      ],
      [
       -63.0270326,
       18.0965097
      ],
      [
       -63.027056,
       18.0965087
      ],
      [
       -63.027078,
       18.0965124
      ],
      [
       -63.0270926,
       18.0965167
      ],
      [
       -63.0271042,
       18.0965235
      ],
      [
       -63.0271186,
       18.0965253
      ],
      [
       -63.0271311,
       18.0965243
      ],
      [
       -63.027157,
       18.0965221
      ],
      [
       -63.0271764,
       18.0965265
      ],
      [
       -63.0272041,
       18.0965229
      ],
      [
       -63.0272311,
       18.0965243
      ],
      [
       -63.0272465,
       18.096517
      ],
      [
       -63.0272629,
       18.0965132
      ],
      [
       -63.027281,
       18.0965176
      ],
      [
       -63.0273011,
       18.0965195
      ],
      [
       -63.0273212,
       18.0965234
      ],
      [
       -63.0273427,
       18.0965176
      ],
      [
       -63.0273806,
       18.096524
      ],
      [
       -63.0273997,
       18.0965281
      ],
      [
       -63.0274391,
       18.0964923
      ],
      [
       -63.0274654,
       18.0964902
      ],
      [
       -63.0274909,
       18.0965036
      ],
      [
       -63.0275251,
       18.0965036
      ],
      [
       -63.0275466,
       18.0964921
      ],
      [
       -63.0275707,
       18.0964998
      ],
      [
       -63.0276275,
       18.096477
      ],
      [
       -63.0276867,
       18.0964724
      ],
      [
       -63.0277421,
       18.0964853
      ],
      [
       -63.0278188,
       18.0964991
      ],
      [
       -63.0278617,
       18.0965074
      ],
      [
       -63.0279201,
       18.0964991
      ],
      [
       -63.0279651,
       18.0965073
      ],
      [
       -63.0280032,
       18.0964889
      ],
      [
       -63.028083,
       18.096466
      ],
      [
       -63.0281611,
       18.0964514
      ],
      [
       -63.0282587,
       18.0964348
      ],
      [
       -63.0283066,
       18.0964377
      ],
      [
       -63.0283499,
       18.0964258
      ],
      [
       -63.0284183,
       18.0964067
      ],
      [
       -63.0284659,
       18.0963991
      ],
      [
       -63.0285209,
       18.0964258
      ],
      [
       -63.0286543,
       18.096436
      ],
      [
       -63.0287554,
       18.0964484
      ],
      [
       -63.0288581,
       18.0964924
      ],
      [
       -63.02897,
       18.0965473
      ],
      [
       -63.0290798,
       18.0965596
      ],
      [
       -63.029134,
       18.0965916
      ],
      [
       -63.0291686,
       18.0965896
      ],
      [
       -63.0292135,
       18.0965865
      ],
      [
       -63.029298,
       18.0966075
      ],
      [
       -63.0293167,
       18.0966272
      ],
      [
       -63.0293658,
       18.0966457
      ],
      [
       -63.0294087,
       18.0966536
      ],
      [
       -63.0295608,
       18.0966053
      ]
     ]
    ]
   }
  },
  {
   "type": "Feature",
   "id": "relation/9561424",
   "properties": {
    "wetland": "mangrove",
    "name": ""
   },
   "geometry": {
    "type": "Polygon",
    "coordinates": [
     [
      [
       -63.0250384,
       18.093088
      ],
      [
       -63.0250273,
       18.0931028
      ],
      [
       -63.025002,
       18.0931095
      ],
      [
       -63.0249643,
       18.0930779
      ],
      [
       -63.0249458,
       18.0930467
      ],
      [
       -63.0249083,
       18.0930486
      ],
      [
       -63.0249058,
       18.093059
      ],
      [
       -63.0249222,
       18.0931057
      ],
      [
       -63.0249378,
       18.0931093
      ],
      [
       -63.0249451,
       18.0931248
      ],
      [
       -63.0249914,
       18.0931707
      ],
      [
       -63.0250058,
       18.0932383
      ],
      [
       -63.0249911,
       18.093309
      ],
      [
       -63.0249626,
       18.0933664
      ],
      [
       -63.0249653,
       18.0933896
      ],
      [
       -63.0249814,
       18.0933992
      ],
      [
       -63.0249844,
       18.0934179
      ],
      [
       -63.0249485,
       18.0934728
      ],
      [
       -63.0249274,
       18.0934824
      ],
      [
       -63.0249019,
       18.0935158
      ],
      [
       -63.0249099,
       18.093533
      ],
      [
       -63.0249073,
       18.0935541
      ],
      [
       -63.0248939,
       18.0935656
      ],
      [
       -63.0248927,
       18.0935835
      ],
      [
       -63.0248774,
       18.0935879
      ],
      [
       -63.0248687,
       18.0936032
      ],
      [
       -63.0248563,
       18.0936076
      ],
      [
       -63.0248523,
       18.0936204
      ],
      [
       -63.0248627,
       18.0936344
      ],
      [
       -63.0248704,
       18.0936679
      ],
      [
       -63.0248613,
       18.0937239
      ],
      [
       -63.0248982,
       18.0937565
      ],
      [
       -63.024913,
       18.093796
      ],
      [
       -63.0249568,
       18.0937995
      ],
      [
       -63.02497,
       18.0938148
      ],
      [
       -63.0249814,
       18.0938452
      ],
      [
       -63.02498,
       18.0938792
      ],
      [
       -63.0250073,
       18.0939901
      ],
      [
       -63.025039,
       18.0940165
      ],
      [
       -63.0250657,
       18.0940629
      ],
      [
       -63.0250558,
       18.0941147
      ],
      [
       -63.025067,
       18.0941259
      ],
      [
       -63.0250833,
       18.0941916
      ],
      [
       -63.0250544,
       18.0942294
      ],
      [
       -63.0250508,
       18.0942864
      ],
      [
       -63.0250347,
       18.0943056
      ],
      [
       -63.02504,
       18.0943304
      ],
      [
       -63.0250692,
       18.0943489
      ],
      [
       -63.0250692,
       18.0943655
      ],
      [
       -63.0250813,
       18.0943824
      ],
      [
       -63.0250796,
       18.09442
      ],
      [
       -63.0250384,
       18.0944824
      ],
      [
       -63.0250337,
       18.0945592
      ],
      [
       -63.0250253,
       18.0945838
      ],
      [
       -63.0249958,
       18.0946112
      ],
      [
       -63.0250176,
       18.094644
      ],
      [
       -63.0250435,
       18.0946562
      ],
      [
       -63.0250444,
       18.0946842
      ],
      [
       -63.0250971,
       18.0947657
      ],
      [
       -63.0251111,
       18.0948072
      ],
      [
       -63.0251383,
       18.0948502
      ],
      [
       -63.0251708,
       18.0948633
      ],
      [
       -63.0251745,
       18.0948901
      ],
      [
       -63.025202,
       18.0949458
      ],
      [
       -63.0252154,
       18.095
      ],
      [
       -63.0252201,
       18.095079
      ],
      [
       -63.0252418,
       18.0951018
      ],
      [
       -63.025314,
       18.095124
      ],
      [
       -63.025376,
       18.0951125
      ],
      [
       -63.0254212,
       18.0950928
      ],
      [
       -63.0254447,
       18.095102
      ],
      [
       -63.0255202,
       18.095084
      ],
      [
       -63.0255704,
       18.0950902
      ],
      [
       -63.0255968,
       18.0950643
      ],
      [
       -63.0256429,
       18.0950803
      ],
      [
       -63.025672,
       18.0950733
      ],
      [
       -63.0257045,
       18.0950478
      ],
      [
       -63.025824,
       18.0950153
      ],
      [
       -63.0259111,
       18.0950191
      ],
      [
       -63.0259428,
       18.0950291
      ],
      [
       -63.0259659,
       18.0950569
      ],
      [
       -63.0259344,
       18.0950832
      ],
      [
       -63.0259532,
       18.0950989
      ],
      [
       -63.0259496,
       18.0951469
      ],
      [
       -63.0259325,
       18.0951925
      ],
      [
       -63.0258983,
       18.0952113
      ],
      [
       -63.0259,
       18.095239
      ],
      [
       -63.0258889,
       18.0952521
      ],
      [
       -63.0258665,
       18.0952572
      ],
      [
       -63.0258484,
       18.0953166
      ],
      [
       -63.0258373,
       18.0953248
      ],
      [
       -63.0258224,
       18.0953645
      ],
      [
       -63.0258021,
       18.0953815
      ],
      [
       -63.0258063,
       18.0954108
      ],
      [
       -63.0258008,
       18.0954213
      ],
      [
       -63.0257833,
       18.0954251
      ],
      [
       -63.0257709,
       18.0954468
      ],
      [
       -63.0257344,
       18.0954694
      ],
      [
       -63.0257349,
       18.0954832
      ],
      [
       -63.0257113,
       18.0955335
      ],
      [
       -63.0256851,
       18.0955434
      ],
      [
       -63.0256717,
       18.0955587
      ],
      [
       -63.0256745,
       18.0955798
      ],
      [
       -63.0256274,
       18.0956081
      ],
      [
       -63.0255404,
       18.0956175
      ],
      [
       -63.0254288,
       18.0955999
      ],
      [
       -63.0253914,
       18.0956138
      ],
      [
       -63.0253203,
       18.095624
      ],
      [
       -63.0252899,
       18.095593
      ],
      [
       -63.0252238,
       18.0955826
      ],
      [
       -63.0251644,
       18.0955432
      ],
      [
       -63.0250769,
       18.0955462
      ],
      [
       -63.0250117,
       18.0955364
      ],
      [
       -63.0249458,
       18.0955555
      ],
      [
       -63.0247579,
       18.0955796
      ],
      [
       -63.0247406,
       18.0955768
      ],
      [
       -63.0247168,
       18.0955921
      ],
      [
       -63.0247094,
       18.0956062
      ],
      [
       -63.0246863,
       18.0956039
      ],
      [
       -63.0246501,
       18.0955765
      ],
      [
       -63.0246712,
       18.0955587
      ],
      [
       -63.0247024,
       18.0955539
      ],
      [
       -63.0247367,
       18.0955369
      ],
      [
       -63.0247949,
       18.0955115
      ],
      [
       -63.0248608,
       18.0955001
      ],
      [
       -63.0249316,
       18.0955045
      ],
      [
       -63.0249847,
       18.0954895
      ],
      [
       -63.0250371,
       18.0954971
      ],
      [
       -63.025156,
       18.0954848
      ],
      [
       -63.0252347,
       18.0955116
      ],
      [
       -63.0252653,
       18.0955558
      ],
      [
       -63.0253049,
       18.0955571
      ],
      [
       -63.0253384,
       18.0955838
      ],
      [
       -63.0253773,
       18.0955864
      ],
      [
       -63.0253904,
       18.0955679
      ],
      [
       -63.0253713,
       18.0955169
      ],
      [
       -63.0253396,
       18.09548
      ],
      [
       -63.0253044,
       18.0954551
      ],
      [
       -63.0252548,
       18.0954597
      ],
      [
       -63.0252227,
       18.0954609
      ],
      [
       -63.0251534,
       18.0954647
      ],
      [
       -63.0250899,
       18.0954505
      ],
      [
       -63.0250464,
       18.0954494
      ],
      [
       -63.0249874,
       18.0954264
      ],
      [
       -63.0249104,
       18.0954058
      ],
      [
       -63.0248818,
       18.0953499
      ],
      [
       -63.0248576,
       18.0952326
      ],
      [
       -63.0249018,
       18.0950925
      ],
      [
       -63.0248856,
       18.0950214
      ],
      [
       -63.0248328,
       18.0949686
      ],
      [
       -63.0247785,
       18.0947635
      ],
      [
       -63.0247799,
       18.0946475
      ],
      [
       -63.0247852,
       18.0945978
      ],
      [
       -63.0247604,
       18.0945578
      ],
      [
       -63.0247262,
       18.0944895
      ],
      [
       -63.0246326,
       18.0943608
      ],
      [
       -63.0246913,
       18.0943429
      ],
      [
       -63.0247571,
       18.0943203
      ],
      [
       -63.0248536,
       18.0942931
      ],
      [
       -63.0248193,
       18.0942626
      ],
      [
       -63.0247732,
       18.0942383
      ],
      [
       -63.0247168,
       18.0942192
      ],
      [
       -63.0245908,
       18.0942116
      ],
      [
       -63.0245626,
       18.0941159
      ],
      [
       -63.0245331,
       18.0940407
      ],
      [
       -63.0244567,
       18.0939489
      ],
      [
       -63.0245264,
       18.0938929
      ],
      [
       -63.0245854,
       18.0939617
      ],
      [
       -63.0246616,
       18.0939842
      ],
      [
       -63.0247217,
       18.0939641
      ],
      [
       -63.024749,
       18.0939209
      ],
      [
       -63.0247965,
       18.0938899
      ],
      [
       -63.0248053,
       18.0938559
      ],
      [
       -63.0247705,
       18.0938011
      ],
      [
       -63.0246927,
       18.0937826
      ],
      [
       -63.0247316,
       18.0936596
      ],
      [
       -63.0247016,
       18.0935699
      ],
      [
       -63.0246685,
       18.0935015
      ],
      [
       -63.0247255,
       18.093404
      ],
      [
       -63.0247006,
       18.0933532
      ],
      [
       -63.0246412,
       18.0932801
      ],
      [
       -63.0246498,
       18.0932376
      ],
      [
       -63.0246121,
       18.0932049
      ],
      [
       -63.0245572,
       18.0931739
      ],
      [
       -63.0244924,
       18.0931056
      ],
      [
       -63.024558,
       18.0930364
      ],
      [
       -63.0246726,
       18.0930005
      ],
      [
       -63.024841,
       18.0929425
      ],
      [
       -63.0248865,
       18.0929384
      ],
      [
       -63.0249611,
       18.0929819
      ],
      [
       -63.0250384,
       18.093088
      ]
     ]
    ]
   }
  },
  {
   "type": "Feature",
   "id": "relation/9561434",
   "properties": {
    "wetland": "mangrove",
    "name": ""
   },
   "geometry": {
    "type": "Polygon",
    "coordinates": [
     [
      [
       -63.030096,
       18.0936583
      ],
      [
       -63.0300504,
       18.0936274
      ],
      [
       -63.030047,
       18.0936006
      ],
      [
       -63.029988,
       18.0935589
      ],
      [
       -63.0299619,
       18.0935117
      ],
      [
       -63.0299659,
       18.0934814
      ],
      [
       -63.029978,
       18.0934741
      ],
      [
       -63.0299636,
       18.093462
      ],
      [
       -63.0299649,
       18.093454
      ],
      [
       -63.0299817,
       18.0934457
      ],
      [
       -63.0299821,
       18.0934335
      ],
      [
       -63.0299528,
       18.0934269
      ],
      [
       -63.0299535,
       18.0934132
      ],
      [
       -63.0299002,
       18.0933708
      ],
      [
       -63.0299002,
       18.0933549
      ],
      [
       -63.0298761,
       18.0933218
      ],
      [
       -63.0298573,
       18.093316
      ],
      [
       -63.0298398,
       18.0932988
      ],
      [
       -63.0298264,
       18.0933004
      ],
      [
       -63.029806,
       18.0932896
      ],
      [
       -63.0297973,
       18.0932746
      ],
      [
       -63.0297851,
       18.0932713
      ],
      [
       -63.0297792,
       18.093251
      ],
      [
       -63.0297956,
       18.093237
      ],
      [
       -63.0297869,
       18.0932204
      ],
      [
       -63.0297604,
       18.0932057
      ],
      [
       -63.0297486,
       18.0931841
      ],
      [
       -63.0297513,
       18.0931592
      ],
      [
       -63.0297202,
       18.0931516
      ],
      [
       -63.0297158,
       18.0931407
      ],
      [
       -63.0297302,
       18.0931308
      ],
      [
       -63.0297279,
       18.0931213
      ],
      [
       -63.0296756,
       18.0930617
      ],
      [
       -63.0296551,
       18.0930097
      ],
      [
       -63.0296283,
       18.0929935
      ],
      [
       -63.0296068,
       18.0929396
      ],
      [
       -63.029585,
       18.0929387
      ],
      [
       -63.0295783,
       18.092932
      ],
      [
       -63.0295783,
       18.0929176
      ],
      [
       -63.0295626,
       18.0929084
      ],
      [
       -63.0295556,
       18.0928824
      ],
      [
       -63.0295327,
       18.0928686
      ],
      [
       -63.0295119,
       18.0928443
      ],
      [
       -63.0295126,
       18.0928297
      ],
      [
       -63.0294831,
       18.0928144
      ],
      [
       -63.0294499,
       18.0927487
      ],
      [
       -63.0294328,
       18.092749
      ],
      [
       -63.0294181,
       18.0927749
      ],
      [
       -63.0293822,
       18.0927459
      ],
      [
       -63.0293795,
       18.0927395
      ],
      [
       -63.0293949,
       18.0927325
      ],
      [
       -63.0293758,
       18.0926831
      ],
      [
       -63.029355,
       18.0926716
      ],
      [
       -63.0293441,
       18.0926531
      ],
      [
       -63.0293495,
       18.0926192
      ],
      [
       -63.0293309,
       18.0926031
      ],
      [
       -63.0293018,
       18.0925939
      ],
      [
       -63.0292581,
       18.0926126
      ],
      [
       -63.0292171,
       18.0926078
      ],
      [
       -63.0292045,
       18.0926176
      ],
      [
       -63.0291669,
       18.0926168
      ],
      [
       -63.0291304,
       18.0926742
      ],
      [
       -63.0291083,
       18.0926914
      ],
      [
       -63.0290902,
       18.0926958
      ],
      [
       -63.0290769,
       18.0927183
      ],
      [
       -63.0290825,
       18.0927475
      ],
      [
       -63.0290768,
       18.0927583
      ],
      [
       -63.0290935,
       18.0927921
      ],
      [
       -63.0291425,
       18.0928539
      ],
      [
       -63.0291361,
       18.0928708
      ],
      [
       -63.0291441,
       18.0928855
      ],
      [
       -63.0291374,
       18.0928921
      ],
      [
       -63.0291747,
       18.0929282
      ],
      [
       -63.0291975,
       18.0929623
      ],
      [
       -63.0291693,
       18.0929737
      ],
      [
       -63.0291539,
       18.0929581
      ],
      [
       -63.0291351,
       18.0929524
      ],
      [
       -63.0291203,
       18.09291
      ],
      [
       -63.0290892,
       18.0928727
      ],
      [
       -63.0290633,
       18.0928692
      ],
      [
       -63.0290245,
       18.0928259
      ],
      [
       -63.0289869,
       18.0928233
      ],
      [
       -63.0289688,
       18.0928035
      ],
      [
       -63.0289641,
       18.0927774
      ],
      [
       -63.0289225,
       18.0927506
      ],
      [
       -63.0288823,
       18.0927392
      ],
      [
       -63.0288662,
       18.0927242
      ],
      [
       -63.0288523,
       18.0927214
      ],
      [
       -63.0288179,
       18.0927357
      ],
      [
       -63.0287876,
       18.0927287
      ],
      [
       -63.028781,
       18.0927503
      ],
      [
       -63.0287589,
       18.0927672
      ],
      [
       -63.0287133,
       18.0927768
      ],
      [
       -63.0286986,
       18.0927889
      ],
      [
       -63.0286691,
       18.0927857
      ],
      [
       -63.0286516,
       18.0927946
      ],
      [
       -63.0286349,
       18.0927921
      ],
      [
       -63.0286342,
       18.0927443
      ],
      [
       -63.0286154,
       18.0926933
      ],
      [
       -63.0286275,
       18.0926499
      ],
      [
       -63.0286798,
       18.0926232
      ],
      [
       -63.028767,
       18.0926168
      ],
      [
       -63.0288166,
       18.0926142
      ],
      [
       -63.0288327,
       18.0925747
      ],
      [
       -63.0287965,
       18.0924817
      ],
      [
       -63.0288139,
       18.092409
      ],
      [
       -63.0288863,
       18.0923402
      ],
      [
       -63.0290003,
       18.0922344
      ],
      [
       -63.0291572,
       18.0920737
      ],
      [
       -63.0292042,
       18.0921222
      ],
      [
       -63.029286,
       18.092163
      ],
      [
       -63.0293866,
       18.0921591
      ],
      [
       -63.029514,
       18.0921375
      ],
      [
       -63.0295609,
       18.0921846
      ],
      [
       -63.0296212,
       18.0922445
      ],
      [
       -63.0295971,
       18.0922943
      ],
      [
       -63.0295542,
       18.0923924
      ],
      [
       -63.0295448,
       18.0924625
      ],
      [
       -63.0295368,
       18.0925097
      ],
      [
       -63.0295689,
       18.0925352
      ],
      [
       -63.0296266,
       18.092525
      ],
      [
       -63.029644,
       18.0925645
      ],
      [
       -63.0296266,
       18.0926321
      ],
      [
       -63.029581,
       18.0926767
      ],
      [
       -63.0295502,
       18.0927404
      ],
      [
       -63.0296119,
       18.0927672
      ],
      [
       -63.0296521,
       18.0927787
      ],
      [
       -63.0296266,
       18.0928029
      ],
      [
       -63.0296078,
       18.0928386
      ],
      [
       -63.0296021,
       18.0928727
      ],
      [
       -63.0296504,
       18.092925
      ],
      [
       -63.0296943,
       18.0929489
      ],
      [
       -63.0297399,
       18.0930011
      ],
      [
       -63.0297909,
       18.0930649
      ],
      [
       -63.0298083,
       18.0931184
      ],
      [
       -63.0298164,
       18.0931758
      ],
      [
       -63.0298727,
       18.0932121
      ],
      [
       -63.0298962,
       18.093265
      ],
      [
       -63.0299485,
       18.0933479
      ],
      [
       -63.0299914,
       18.093388
      ],
      [
       -63.0300082,
       18.0934639
      ],
      [
       -63.0300417,
       18.0935162
      ],
      [
       -63.0300779,
       18.0935652
      ],
      [
       -63.0301094,
       18.0935958
      ],
      [
       -63.030096,
       18.0936583
      ]
     ]
    ]
   }
  },
  {
   "type": "Feature",
   "id": "relation/9561633",
   "properties": {
    "wetland": "mangrove",
    "name": ""
   },
   "geometry": {
    "type": "Polygon",
    "coordinates": [
     [
      [
       -63.0341535,
       18.0974514
      ],
      [
       -63.0334537,
       18.0975929
      ],
      [
       -63.033402,
       18.0974357
      ],
      [
       -63.0331399,
       18.0973979
      ],
      [
       -63.032652,
       18.0975361
      ],
      [
       -63.0326877,
       18.0976445
      ],
      [
       -63.0324825,
       18.0976853
      ],
      [
       -63.032346,
       18.0977299
      ],
      [
       -63.0321619,
       18.0975511
      ],
      [
       -63.032103,
       18.0976726
      ],
      [
       -63.0320849,
       18.0976362
      ],
      [
       -63.0320776,
       18.0975739
      ],
      [
       -63.0320621,
       18.0974845
      ],
      [
       -63.0320198,
       18.097394
      ],
      [
       -63.0319259,
       18.0973392
      ],
      [
       -63.0318589,
       18.0972576
      ],
      [
       -63.0318005,
       18.0972646
      ],
      [
       -63.0317566,
       18.0972622
      ],
      [
       -63.0317999,
       18.0971327
      ],
      [
       -63.0318227,
       18.097046
      ],
      [
       -63.0318388,
       18.0969569
      ],
      [
       -63.0316859,
       18.0969631
      ],
      [
       -63.0315323,
       18.0970065
      ],
      [
       -63.0315337,
       18.0971442
      ],
      [
       -63.0314807,
       18.0971512
      ],
      [
       -63.0314297,
       18.097169
      ],
      [
       -63.0313928,
       18.0971231
      ],
      [
       -63.0313995,
       18.097076
      ],
      [
       -63.0313982,
       18.097009
      ],
      [
       -63.03137,
       18.0968975
      ],
      [
       -63.0313493,
       18.0967362
      ],
      [
       -63.0313466,
       18.0966802
      ],
      [
       -63.0313536,
       18.096634
      ],
      [
       -63.0314175,
       18.0966504
      ],
      [
       -63.0314586,
       18.0966323
      ],
      [
       -63.0315113,
       18.0966159
      ],
      [
       -63.0315377,
       18.0966935
      ],
      [
       -63.0315781,
       18.096725
      ],
      [
       -63.0316159,
       18.0967352
      ],
      [
       -63.0316363,
       18.0967166
      ],
      [
       -63.031674,
       18.0967298
      ],
      [
       -63.0317146,
       18.0967216
      ],
      [
       -63.0317355,
       18.0967343
      ],
      [
       -63.0317434,
       18.0967528
      ],
      [
       -63.0317576,
       18.0967662
      ],
      [
       -63.0317778,
       18.0967729
      ],
      [
       -63.0317856,
       18.0967652
      ],
      [
       -63.0317973,
       18.0967482
      ],
      [
       -63.0318041,
       18.0967262
      ],
      [
       -63.0318096,
       18.0967177
      ],
      [
       -63.0318332,
       18.0967166
      ],
      [
       -63.0318604,
       18.0967261
      ],
      [
       -63.0319072,
       18.0967178
      ],
      [
       -63.0319608,
       18.0967005
      ],
      [
       -63.032003,
       18.0967082
      ],
      [
       -63.03202,
       18.0967256
      ],
      [
       -63.0320446,
       18.0967101
      ],
      [
       -63.0320802,
       18.0966814
      ],
      [
       -63.0321177,
       18.0966846
      ],
      [
       -63.0321405,
       18.0966827
      ],
      [
       -63.0321606,
       18.0966629
      ],
      [
       -63.0322002,
       18.0966585
      ],
      [
       -63.0322099,
       18.096633
      ],
      [
       -63.0322253,
       18.0966185
      ],
      [
       -63.0322627,
       18.0966181
      ],
      [
       -63.0322981,
       18.0966244
      ],
      [
       -63.0323102,
       18.0966314
      ],
      [
       -63.0323229,
       18.0966233
      ],
      [
       -63.032335,
       18.0966206
      ],
      [
       -63.0323467,
       18.0966288
      ],
      [
       -63.0323838,
       18.0966187
      ],
      [
       -63.0324115,
       18.0965932
      ],
      [
       -63.0324442,
       18.0965805
      ],
      [
       -63.0324617,
       18.0965884
      ],
      [
       -63.0324754,
       18.0965982
      ],
      [
       -63.032508,
       18.0966011
      ],
      [
       -63.0325395,
       18.0966005
      ],
      [
       -63.0325775,
       18.096607
      ],
      [
       -63.0325888,
       18.0966145
      ],
      [
       -63.0326079,
       18.0966091
      ],
      [
       -63.0326367,
       18.0966014
      ],
      [
       -63.0326575,
       18.0965992
      ],
      [
       -63.0326823,
       18.0966148
      ],
      [
       -63.0327054,
       18.0966139
      ],
      [
       -63.0327195,
       18.0966173
      ],
      [
       -63.0327272,
       18.0966295
      ],
      [
       -63.032722,
       18.096654
      ],
      [
       -63.0327299,
       18.0966802
      ],
      [
       -63.032745,
       18.0967016
      ],
      [
       -63.0327601,
       18.0967232
      ],
      [
       -63.0327693,
       18.0967321
      ],
      [
       -63.0327722,
       18.0967493
      ],
      [
       -63.0327768,
       18.0967581
      ],
      [
       -63.0327769,
       18.0967828
      ],
      [
       -63.0327822,
       18.0967911
      ],
      [
       -63.0328127,
       18.0968105
      ],
      [
       -63.0328359,
       18.0968181
      ],
      [
       -63.0328664,
       18.0968395
      ],
      [
       -63.0328836,
       18.096869
      ],
      [
       -63.0328962,
       18.0968937
      ],
      [
       -63.0329256,
       18.0969111
      ],
      [
       -63.0329559,
       18.0968886
      ],
      [
       -63.0329346,
       18.0968665
      ],
      [
       -63.0329358,
       18.0968478
      ],
      [
       -63.0329442,
       18.0968227
      ],
      [
       -63.0329297,
       18.0968019
      ],
      [
       -63.0329101,
       18.0967701
      ],
      [
       -63.0328899,
       18.0967649
      ],
      [
       -63.0328915,
       18.0967541
      ],
      [
       -63.0328942,
       18.0967407
      ],
      [
       -63.0329093,
       18.0967343
      ],
      [
       -63.0329411,
       18.0967445
      ],
      [
       -63.0329613,
       18.0967413
      ],
      [
       -63.0329784,
       18.0967455
      ],
      [
       -63.0329871,
       18.096719
      ],
      [
       -63.0329656,
       18.0966948
      ],
      [
       -63.0329613,
       18.0966843
      ],
      [
       -63.0329425,
       18.0966789
      ],
      [
       -63.0329408,
       18.0966451
      ],
      [
       -63.0329157,
       18.0966483
      ],
      [
       -63.0329048,
       18.0966425
      ],
      [
       -63.0328999,
       18.0966269
      ],
      [
       -63.0328909,
       18.0966167
      ],
      [
       -63.0328905,
       18.0965916
      ],
      [
       -63.0328962,
       18.0965585
      ],
      [
       -63.0328838,
       18.0965447
      ],
      [
       -63.0328724,
       18.09651
      ],
      [
       -63.0328761,
       18.0964864
      ],
      [
       -63.0328949,
       18.0964606
      ],
      [
       -63.0328878,
       18.0964265
      ],
      [
       -63.0328647,
       18.096423
      ],
      [
       -63.0328536,
       18.0963905
      ],
      [
       -63.0328312,
       18.0963895
      ],
      [
       -63.0328178,
       18.0963838
      ],
      [
       -63.0328158,
       18.0963417
      ],
      [
       -63.0327943,
       18.0963341
      ],
      [
       -63.0327809,
       18.096313
      ],
      [
       -63.0327876,
       18.0962894
      ],
      [
       -63.0327836,
       18.096271
      ],
      [
       -63.0328227,
       18.096244
      ],
      [
       -63.032866,
       18.096271
      ],
      [
       -63.0329204,
       18.0962901
      ],
      [
       -63.0329689,
       18.0962957
      ],
      [
       -63.032988,
       18.0963373
      ],
      [
       -63.0330766,
       18.0962805
      ],
      [
       -63.0332094,
       18.0961983
      ],
      [
       -63.0332779,
       18.0961673
      ],
      [
       -63.0333566,
       18.0962477
      ],
      [
       -63.0334541,
       18.0963748
      ],
      [
       -63.0335551,
       18.0965277
      ],
      [
       -63.0334427,
       18.0966081
      ],
      [
       -63.0333374,
       18.0966872
      ],
      [
       -63.033273,
       18.0967357
      ],
      [
       -63.0332992,
       18.0967834
      ],
      [
       -63.0333321,
       18.0968083
      ],
      [
       -63.0333562,
       18.0968312
      ],
      [
       -63.0333763,
       18.0968784
      ],
      [
       -63.033383,
       18.0969345
      ],
      [
       -63.0333703,
       18.0969912
      ],
      [
       -63.0333535,
       18.097125
      ],
      [
       -63.0333361,
       18.0972302
      ],
      [
       -63.033333,
       18.0973036
      ],
      [
       -63.0334007,
       18.0973617
      ],
      [
       -63.033495,
       18.0973424
      ],
      [
       -63.033721,
       18.0972627
      ],
      [
       -63.03389,
       18.097206
      ],
      [
       -63.0340261,
       18.0971773
      ],
      [
       -63.0341119,
       18.097315
      ],
      [
       -63.0341535,
       18.0974514
      ]
     ]
    ]
   }
  },
  {
   "type": "Feature",
   "id": "relation/9563495",
   "properties": {
    "wetland": "mangrove",
    "name": ""
   },
   "geometry": {
    "type": "Polygon",
    "coordinates": [
     [
      [
       -63.0259899,
       18.1051114
      ],
      [
       -63.0258722,
       18.1051215
      ],
      [
       -63.0257656,
       18.1050252
      ],
      [
       -63.0256745,
       18.1048599
      ],
      [
       -63.0255764,
       18.1048061
      ],
      [
       -63.0255242,
       18.1047371
      ],
      [
       -63.0255709,
       18.1046612
      ],
      [
       -63.0255034,
       18.1046125
      ],
      [
       -63.0254252,
       18.1045681
      ],
      [
       -63.0253136,
       18.1045408
      ],
      [
       -63.0252662,
       18.1046243
      ],
      [
       -63.0252466,
       18.1046657
      ],
      [
       -63.0251824,
       18.1046525
      ],
      [
       -63.0251407,
       18.1047169
      ],
      [
       -63.0250883,
       18.1046683
      ],
      [
       -63.0250669,
       18.1046351
      ],
      [
       -63.0250172,
       18.1044388
      ],
      [
       -63.0250226,
       18.1043713
      ],
      [
       -63.0250436,
       18.1043099
      ],
      [
       -63.0249676,
       18.1042183
      ],
      [
       -63.0248899,
       18.1041624
      ],
      [
       -63.02487,
       18.1041569
      ],
      [
       -63.0247919,
       18.1040551
      ],
      [
       -63.0246944,
       18.1039545
      ],
      [
       -63.0248332,
       18.1038
      ],
      [
       -63.0249779,
       18.1038304
      ],
      [
       -63.0250886,
       18.1038158
      ],
      [
       -63.0252147,
       18.1038288
      ],
      [
       -63.0253288,
       18.1038272
      ],
      [
       -63.0254362,
       18.1037802
      ],
      [
       -63.025627,
       18.1037365
      ],
      [
       -63.0256611,
       18.1037251
      ],
      [
       -63.0256764,
       18.1037753
      ],
      [
       -63.0257463,
       18.1038693
      ],
      [
       -63.0258195,
       18.1039438
      ],
      [
       -63.0258366,
       18.1040069
      ],
      [
       -63.0258263,
       18.1040944
      ],
      [
       -63.0258502,
       18.1041381
      ],
      [
       -63.0258706,
       18.1041737
      ],
      [
       -63.025903,
       18.1041915
      ],
      [
       -63.0259729,
       18.1041867
      ],
      [
       -63.0261302,
       18.1041826
      ],
      [
       -63.0261948,
       18.1044146
      ],
      [
       -63.0258917,
       18.1044597
      ],
      [
       -63.0259989,
       18.1049653
      ],
      [
       -63.0260138,
       18.1050369
      ],
      [
       -63.0259899,
       18.1051114
      ]
     ]
    ]
   }
  },
  {
   "type": "Feature",
   "id": "relation/9565605",
   "properties": {
    "wetland": "mangrove",
    "name": ""
   },
   "geometry": {
    "type": "Polygon",
    "coordinates": [
     [
      [
       -63.0662892,
       18.0979126
      ],
      [
       -63.0663005,
       18.0981417
      ],
      [
       -63.0663742,
       18.0982156
      ],
      [
       -63.0664949,
       18.0982487
      ],
      [
       -63.0665955,
       18.0982781
      ],
      [
       -63.0666438,
       18.0983711
      ],
      [
       -63.066739,
       18.098417
      ],
      [
       -63.0667886,
       18.0984667
      ],
      [
       -63.0668221,
       18.0985407
      ],
      [
       -63.0668208,
       18.0985802
      ],
      [
       -63.0667913,
       18.0986108
      ],
      [
       -63.0667068,
       18.0986069
      ],
      [
       -63.0666089,
       18.0985738
      ],
      [
       -63.066503,
       18.0985674
      ],
      [
       -63.066456,
       18.0985776
      ],
      [
       -63.0664037,
       18.0985585
      ],
      [
       -63.0663903,
       18.0985101
      ],
      [
       -63.0663233,
       18.0985075
      ],
      [
       -63.0662629,
       18.0985152
      ],
      [
       -63.066216,
       18.0985266
      ],
      [
       -63.0662374,
       18.0985802
      ],
      [
       -63.0662254,
       18.0986299
      ],
      [
       -63.0661368,
       18.0986541
      ],
      [
       -63.0660778,
       18.098672
      ],
      [
       -63.066047,
       18.0987191
      ],
      [
       -63.066043,
       18.098779
      ],
      [
       -63.0661087,
       18.0988109
      ],
      [
       -63.0661771,
       18.0988186
      ],
      [
       -63.066224,
       18.0988173
      ],
      [
       -63.0662951,
       18.0988644
      ],
      [
       -63.0664037,
       18.0989868
      ],
      [
       -63.066397,
       18.0990557
      ],
      [
       -63.0663836,
       18.0991168
      ],
      [
       -63.0663595,
       18.0992214
      ],
      [
       -63.0662924,
       18.0992418
      ],
      [
       -63.0662012,
       18.0992571
      ],
      [
       -63.0661234,
       18.0992227
      ],
      [
       -63.0661288,
       18.0992647
      ],
      [
       -63.0661824,
       18.0993616
      ],
      [
       -63.0660751,
       18.0994126
      ],
      [
       -63.0660302,
       18.0993399
      ],
      [
       -63.0660068,
       18.0992763
      ],
      [
       -63.0659799,
       18.0992137
      ],
      [
       -63.0658742,
       18.0991151
      ],
      [
       -63.0658519,
       18.0990506
      ],
      [
       -63.0658619,
       18.099013
      ],
      [
       -63.0658391,
       18.0989766
      ],
      [
       -63.0658418,
       18.0989304
      ],
      [
       -63.0658925,
       18.0988426
      ],
      [
       -63.0658565,
       18.0988141
      ],
      [
       -63.0658532,
       18.0987708
      ],
      [
       -63.0658405,
       18.0987395
      ],
      [
       -63.0658651,
       18.0986675
      ],
      [
       -63.0658854,
       18.0986439
      ],
      [
       -63.0658934,
       18.0986184
      ],
      [
       -63.0658418,
       18.0986057
      ],
      [
       -63.0658029,
       18.0986127
      ],
      [
       -63.0657747,
       18.0985711
      ],
      [
       -63.0657244,
       18.0986012
      ],
      [
       -63.06565,
       18.098628
      ],
      [
       -63.0655997,
       18.0986324
      ],
      [
       -63.0655465,
       18.0986495
      ],
      [
       -63.0655293,
       18.0986688
      ],
      [
       -63.0655213,
       18.0986911
      ],
      [
       -63.0655018,
       18.0987032
      ],
      [
       -63.0654737,
       18.0987077
      ],
      [
       -63.0654522,
       18.0987255
      ],
      [
       -63.0654415,
       18.0987491
      ],
      [
       -63.0654133,
       18.0987555
      ],
      [
       -63.0654069,
       18.0987901
      ],
      [
       -63.0653644,
       18.0988084
      ],
      [
       -63.0653172,
       18.0988227
      ],
      [
       -63.0652993,
       18.0988115
      ],
      [
       -63.0652767,
       18.0988119
      ],
      [
       -63.0652403,
       18.0988421
      ],
      [
       -63.0652291,
       18.0988632
      ],
      [
       -63.0652309,
       18.098895
      ],
      [
       -63.0651987,
       18.0989116
      ],
      [
       -63.0651563,
       18.0989248
      ],
      [
       -63.065129,
       18.0989091
      ],
      [
       -63.0650968,
       18.0989052
      ],
      [
       -63.0650762,
       18.0988979
      ],
      [
       -63.0650579,
       18.0989091
      ],
      [
       -63.0649881,
       18.0989082
      ],
      [
       -63.0651715,
       18.0988175
      ],
      [
       -63.0653006,
       18.0987527
      ],
      [
       -63.0654575,
       18.098629
      ],
      [
       -63.0657124,
       18.0984403
      ],
      [
       -63.0654882,
       18.098041
      ],
      [
       -63.0656634,
       18.09788
      ],
      [
       -63.065723,
       18.0978315
      ],
      [
       -63.065878,
       18.0978561
      ],
      [
       -63.0662892,
       18.0979126
      ]
     ]
    ]
   }
  }
 ]
}
