segment_id,name,observed_on,observability,cloud_fraction,coverage,detected_area_m2,affected_front_m,front_length_m,detection_count,scene_id,platform,tile_cloud_pct,water_side_pixels,scl_cloud_fraction,not_water_fraction,usable_pixels,sargassum_pixels,uncertain_pixels,max_probability,zone_cloud_fraction
willemstoren_sorobon,Willemstoren to Sorobon,2025-01-01,observed,0.1292,0.0,0.0,0.0,8744.1,0,S2B_MSIL2A_20250101T150719_R082_T19PEP_20250101T184446,Sentinel-2B,14.37,45443,0.1292,0.0455,39523,2,12,1.0,0.2047
lac_bay,Lac Bay,2025-01-01,partial,0.232,0.002226,18331.8,5983.5,8366.5,14,S2B_MSIL2A_20250101T150719_R082_T19PEP_20250101T184446,Sentinel-2B,14.37,39336,0.232,0.2011,30131,192,2299,1.0,0.2047
cai_washikemba,Cai to Boka Washikemba,2025-01-01,observed,0.1422,0.000142,1500.0,552.8,9927.8,1,S2B_MSIL2A_20250101T150719_R082_T19PEP_20250101T184446,Sentinel-2B,14.37,56022,0.1422,0.0605,48033,26,307,1.0,0.2047
washikemba_spelonk,Boka Washikemba to Spelonk,2025-01-01,observed,0.1949,8.7e-05,600.0,1115.0,7367.7,1,S2B_MSIL2A_20250101T150719_R082_T19PEP_20250101T184446,Sentinel-2B,14.37,27588,0.1949,0.0877,22192,4,69,1.0,0.2047
spelonk_onima,Spelonk to Boka Onima,2025-01-01,partial,0.3443,0.0,0.0,0.0,15482.3,0,S2B_MSIL2A_20250101T150719_R082_T19PEP_20250101T184446,Sentinel-2B,14.37,75758,0.3443,0.1187,49550,0,128,0.4471,0.2047
onima_chikitu,Boka Onima to Playa Chikitu,2025-01-01,observed,0.1686,0.0,0.0,0.0,5415.7,0,S2B_MSIL2A_20250101T150719_R082_T19PEP_20250101T184446,Sentinel-2B,14.37,27137,0.1686,0.0267,22516,0,103,0.1165,0.2047
chikitu_kokolishi,Playa Chikitu to Boka Kokolishi,2025-01-01,observed,0.131,0.0,0.0,0.0,4357.9,0,S2B_MSIL2A_20250101T150719_R082_T19PEP_20250101T184446,Sentinel-2B,14.37,22273,0.131,0.0288,19343,0,3,0.0562,0.2047
kralendijk,Kralendijk waterfront,2025-01-01,observed,0.1481,0.0,0.0,0.0,4588.0,0,S2B_MSIL2A_20250101T150719_R082_T19PEP_20250101T184446,Sentinel-2B,14.37,17593,0.1481,0.0951,15016,0,94,0.1935,0.2047
willemstoren_sorobon,Willemstoren to Sorobon,2025-01-06,partial,0.2124,0.0,0.0,0.0,8744.1,0,S2A_MSIL2A_20250106T150721_R082_T19PEP_20250106T181449,Sentinel-2A,27.62,45443,0.2124,0.1078,35669,0,420,0.1165,0.2236
lac_bay,Lac Bay,2025-01-06,partial,0.4764,0.000672,5532.5,1518.7,8366.5,6,S2A_MSIL2A_20250106T150721_R082_T19PEP_20250106T181449,Sentinel-2A,27.62,39336,0.4764,0.0586,20439,53,286,1.0,0.2236
cai_washikemba,Cai to Boka Washikemba,2025-01-06,partial,0.2067,0.0,0.0,0.0,9927.8,0,S2A_MSIL2A_20250106T150721_R082_T19PEP_20250106T181449,Sentinel-2A,27.62,56022,0.2067,0.1119,44388,1,47,0.9,0.2236
washikemba_spelonk,Boka Washikemba to Spelonk,2025-01-06,observed,0.0953,0.0,0.0,0.0,7367.7,0,S2A_MSIL2A_20250106T150721_R082_T19PEP_20250106T181449,Sentinel-2A,27.62,27588,0.0953,0.1215,24930,0,8,0.0562,0.2236
spelonk_onima,Spelonk to Boka Onima,2025-01-06,observed,0.0801,0.0,0.0,0.0,15482.3,0,S2A_MSIL2A_20250106T150721_R082_T19PEP_20250106T181449,Sentinel-2A,27.62,75758,0.0801,0.0707,69603,0,33,0.1053,0.2236
onima_chikitu,Boka Onima to Playa Chikitu,2025-01-06,partial,0.2465,0.0,0.0,0.0,5415.7,0,S2A_MSIL2A_20250106T150721_R082_T19PEP_20250106T181449,Sentinel-2A,27.62,27137,0.2465,0.0697,20375,0,63,0.0562,0.2236
chikitu_kokolishi,Playa Chikitu to Boka Kokolishi,2025-01-06,partial,0.4119,0.0,0.0,0.0,4357.9,0,S2A_MSIL2A_20250106T150721_R082_T19PEP_20250106T181449,Sentinel-2A,27.62,22273,0.4119,0.0494,13088,0,27,0.0562,0.2236
kralendijk,Kralendijk waterfront,2025-01-06,partial,0.2867,0.0,0.0,0.0,4588.0,0,S2A_MSIL2A_20250106T150721_R082_T19PEP_20250106T181449,Sentinel-2A,27.62,17593,0.2867,0.1658,12548,0,9,0.1165,0.2236
willemstoren_sorobon,Willemstoren to Sorobon,2025-01-11,observed,0.0975,0.0,0.0,0.0,8744.1,0,S2B_MSIL2A_20250111T150719_R082_T19PEP_20250111T183922,Sentinel-2B,9.22,45443,0.0975,0.0058,41010,0,7,0.4471,0.0813
lac_bay,Lac Bay,2025-01-11,observed,0.025,0.003514,28938.8,5116.0,8366.5,28,S2B_MSIL2A_20250111T150719_R082_T19PEP_20250111T183922,Sentinel-2B,9.22,39336,0.025,0.2651,38341,410,4956,1.0,0.0813
cai_washikemba,Cai to Boka Washikemba,2025-01-11,observed,0.0046,0.000159,1677.8,508.3,9927.8,3,S2B_MSIL2A_20250111T150719_R082_T19PEP_20250111T183922,Sentinel-2B,9.22,56022,0.0046,0.0315,55758,58,516,1.0,0.0813
washikemba_spelonk,Boka Washikemba to Spelonk,2025-01-11,observed,0.0336,0.0,0.0,0.0,7367.7,0,S2B_MSIL2A_20250111T150719_R082_T19PEP_20250111T183922,Sentinel-2B,9.22,27588,0.0336,0.0407,26648,0,4,0.4471,0.0813
spelonk_onima,Spelonk to Boka Onima,2025-01-11,observed,0.0994,0.0,0.0,0.0,15482.3,0,S2B_MSIL2A_20250111T150719_R082_T19PEP_20250111T183922,Sentinel-2B,9.22,75758,0.0994,0.0142,68125,0,331,0.4471,0.0813
onima_chikitu,Boka Onima to Playa Chikitu,2025-01-11,observed,0.0269,0.0,0.0,0.0,5415.7,0,S2B_MSIL2A_20250111T150719_R082_T19PEP_20250111T183922,Sentinel-2B,9.22,27137,0.0269,0.0033,26400,0,16,0.0562,0.0813
chikitu_kokolishi,Playa Chikitu to Boka Kokolishi,2025-01-11,observed,0.0017,0.0,0.0,0.0,4357.9,0,S2B_MSIL2A_20250111T150719_R082_T19PEP_20250111T183922,Sentinel-2B,9.22,22273,0.0017,0.0028,22236,0,10,0.0562,0.0813
kralendijk,Kralendijk waterfront,2025-01-11,partial,0.5041,0.0,0.0,0.0,4588.0,0,S2B_MSIL2A_20250111T150719_R082_T19PEP_20250111T183922,Sentinel-2B,9.22,17593,0.5041,0.0351,8693,0,26,0.119,0.0813
willemstoren_sorobon,Willemstoren to Sorobon,2025-01-16,observed,0.1104,0.0,0.0,0.0,8744.1,0,S2A_MSIL2A_20250116T150721_R082_T19PEP_20250116T180950,Sentinel-2A,13.44,45443,0.1104,0.0066,40416,0,87,0.4471,0.0367
lac_bay,Lac Bay,2025-01-16,observed,0.0644,0.009525,78438.8,7552.0,8366.5,36,S2A_MSIL2A_20250116T150721_R082_T19PEP_20250116T180950,Sentinel-2A,13.44,39336,0.0644,0.2734,36798,557,5147,1.0,0.0367
cai_washikemba,Cai to Boka Washikemba,2025-01-16,observed,0.0118,0.001836,19354.5,1902.0,9927.8,3,S2A_MSIL2A_20250116T150721_R082_T19PEP_20250116T180950,Sentinel-2A,13.44,56022,0.0118,0.0319,55381,123,633,1.0,0.0367
washikemba_spelonk,Boka Washikemba to Spelonk,2025-01-16,observed,0.0155,9.6e-05,662.7,1178.1,7367.7,2,S2A_MSIL2A_20250116T150721_R082_T19PEP_20250116T180950,Sentinel-2A,13.44,27588,0.0155,0.0164,27155,10,93,1.0,0.0367
spelonk_onima,Spelonk to Boka Onima,2025-01-16,observed,0.0148,0.0,0.0,0.0,15482.3,0,S2A_MSIL2A_20250116T150721_R082_T19PEP_20250116T180950,Sentinel-2A,13.44,75758,0.0148,0.0091,74622,0,152,0.1765,0.0367
onima_chikitu,Boka Onima to Playa Chikitu,2025-01-16,observed,0.0031,0.0,0.0,0.0,5415.7,0,S2A_MSIL2A_20250116T150721_R082_T19PEP_20250116T180950,Sentinel-2A,13.44,27137,0.0031,0.0033,27052,0,60,0.119,0.0367
chikitu_kokolishi,Playa Chikitu to Boka Kokolishi,2025-01-16,observed,0.003,0.0,0.0,0.0,4357.9,0,S2A_MSIL2A_20250116T150721_R082_T19PEP_20250116T180950,Sentinel-2A,13.44,22273,0.003,0.0031,22204,0,99,0.1165,0.0367
kralendijk,Kralendijk waterfront,2025-01-16,observed,0.1357,0.0,0.0,0.0,4588.0,0,S2A_MSIL2A_20250116T150721_R082_T19PEP_20250116T180950,Sentinel-2A,13.44,17593,0.1357,0.0203,15185,0,254,0.1935,0.0367
willemstoren_sorobon,Willemstoren to Sorobon,2025-01-21,partial,0.6632,0.0,0.0,0.0,8744.1,0,S2B_MSIL2A_20250121T150719_R082_T19PEP_20250121T203217,Sentinel-2B,31.98,45443,0.6632,0.0017,15246,0,0,0.0002,0.2868
lac_bay,Lac Bay,2025-01-21,blind,0.7796,0.001967,16200.0,2990.3,8366.5,3,S2B_MSIL2A_20250121T150719_R082_T19PEP_20250121T203217,Sentinel-2B,31.98,39336,0.7796,0.186,8689,88,708,1.0,0.2868
cai_washikemba,Cai to Boka Washikemba,2025-01-21,partial,0.441,0.0,0.0,0.0,9927.8,0,S2B_MSIL2A_20250121T150719_R082_T19PEP_20250121T203217,Sentinel-2B,31.98,56022,0.441,0.0401,31325,0,40,0.0562,0.2868
washikemba_spelonk,Boka Washikemba to Spelonk,2025-01-21,observed,0.094,0.0,0.0,0.0,7367.7,0,S2B_MSIL2A_20250121T150719_R082_T19PEP_20250121T203217,Sentinel-2B,31.98,27588,0.094,0.0376,24958,0,56,0.4737,0.2868
spelonk_onima,Spelonk to Boka Onima,2025-01-21,observed,0.0074,0.0,0.0,0.0,15482.3,0,S2B_MSIL2A_20250121T150719_R082_T19PEP_20250121T203217,Sentinel-2B,31.98,75758,0.0074,0.0044,75192,0,42,0.1165,0.2868
onima_chikitu,Boka Onima to Playa Chikitu,2025-01-21,observed,0.0098,0.0,0.0,0.0,5415.7,0,S2B_MSIL2A_20250121T150719_R082_T19PEP_20250121T203217,Sentinel-2B,31.98,27137,0.0098,0.0028,26866,0,41,0.0562,0.2868
chikitu_kokolishi,Playa Chikitu to Boka Kokolishi,2025-01-21,observed,0.0099,0.0,0.0,0.0,4357.9,0,S2B_MSIL2A_20250121T150719_R082_T19PEP_20250121T203217,Sentinel-2B,31.98,22273,0.0099,0.0036,22050,5,45,1.0,0.2868
kralendijk,Kralendijk waterfront,2025-01-21,partial,0.3367,0.0,0.0,0.0,4588.0,0,S2B_MSIL2A_20250121T150719_R082_T19PEP_20250121T203217,Sentinel-2B,31.98,17593,0.3367,0.0432,11682,0,1,0.0562,0.2868
willemstoren_sorobon,Willemstoren to Sorobon,2025-01-26,observed,0.041,0.0,0.0,0.0,8744.1,0,S2C_MSIL2A_20250126T150751_R082_T19PEP_20250126T181511,Sentinel-2C,8.15,45443,0.041,0.0136,43552,0,80,0.1935,0.0391
lac_bay,Lac Bay,2025-01-26,observed,0.0143,0.002761,22738.8,6194.6,8366.5,14,S2C_MSIL2A_20250126T150751_R082_T19PEP_20250126T181511,Sentinel-2C,8.15,39336,0.0143,0.2667,38778,315,4584,1.0,0.0391
cai_washikemba,Cai to Boka Washikemba,2025-01-26,observed,0.034,3.8e-05,400.0,508.3,9927.8,1,S2C_MSIL2A_20250126T150751_R082_T19PEP_20250126T181511,Sentinel-2C,8.15,56022,0.034,0.038,54125,44,467,1.0,0.0391
washikemba_spelonk,Boka Washikemba to Spelonk,2025-01-26,observed,0.0481,0.0,0.0,0.0,7367.7,0,S2C_MSIL2A_20250126T150751_R082_T19PEP_20250126T181511,Sentinel-2C,8.15,27588,0.0481,0.0663,26242,0,14,0.0562,0.0391
spelonk_onima,Spelonk to Boka Onima,2025-01-26,observed,0.0333,0.0,0.0,0.0,15482.3,0,S2C_MSIL2A_20250126T150751_R082_T19PEP_20250126T181511,Sentinel-2C,8.15,75758,0.0333,0.0141,73209,0,12,0.0562,0.0391
onima_chikitu,Boka Onima to Playa Chikitu,2025-01-26,observed,0.0036,0.0,0.0,0.0,5415.7,0,S2C_MSIL2A_20250126T150751_R082_T19PEP_20250126T181511,Sentinel-2C,8.15,27137,0.0036,0.0103,27037,0,7,0.0562,0.0391
chikitu_kokolishi,Playa Chikitu to Boka Kokolishi,2025-01-26,observed,0.1481,0.0,0.0,0.0,4357.9,0,S2C_MSIL2A_20250126T150751_R082_T19PEP_20250126T181511,Sentinel-2C,8.15,22273,0.1481,0.0185,18947,0,5,0.0562,0.0391
kralendijk,Kralendijk waterfront,2025-01-26,observed,0.0036,0.0,0.0,0.0,4588.0,0,S2C_MSIL2A_20250126T150751_R082_T19PEP_20250126T181511,Sentinel-2C,8.15,17593,0.0036,0.0349,17529,0,5,0.0562,0.0391
willemstoren_sorobon,Willemstoren to Sorobon,2025-01-31,partial,0.2677,0.0,0.0,0.0,8744.1,0,S2B_MSIL2A_20250131T150729_R082_T19PEP_20250131T203125,Sentinel-2B,20.89,45443,0.2677,0.0021,33256,0,3,0.0562,0.1904
lac_bay,Lac Bay,2025-01-31,partial,0.2047,0.0017,14000.0,5760.7,8366.5,10,S2B_MSIL2A_20250131T150729_R082_T19PEP_20250131T203125,Sentinel-2B,20.89,39336,0.2047,0.2756,31228,115,3210,1.0,0.1904
cai_washikemba,Cai to Boka Washikemba,2025-01-31,observed,0.195,0.000721,7602.9,810.7,9927.8,2,S2B_MSIL2A_20250131T150729_R082_T19PEP_20250131T203125,Sentinel-2B,20.89,56022,0.195,0.0596,45036,37,344,1.0,0.1904
washikemba_spelonk,Boka Washikemba to Spelonk,2025-01-31,observed,0.0083,0.0,0.0,0.0,7367.7,0,S2B_MSIL2A_20250131T150729_R082_T19PEP_20250131T203125,Sentinel-2B,20.89,27588,0.0083,0.0778,27355,0,10,0.1935,0.1904
spelonk_onima,Spelonk to Boka Onima,2025-01-31,observed,0.0908,0.0,0.0,0.0,15482.3,0,S2B_MSIL2A_20250131T150729_R082_T19PEP_20250131T203125,Sentinel-2B,20.89,75758,0.0908,0.0232,68867,0,12,0.0562,0.1904
onima_chikitu,Boka Onima to Playa Chikitu,2025-01-31,observed,0.003,0.0,0.0,0.0,5415.7,0,S2B_MSIL2A_20250131T150729_R082_T19PEP_20250131T203125,Sentinel-2B,20.89,27137,0.003,0.0064,27055,0,15,0.0562,0.1904
chikitu_kokolishi,Playa Chikitu to Boka Kokolishi,2025-01-31,observed,0.135,0.0,0.0,0.0,4357.9,0,S2B_MSIL2A_20250131T150729_R082_T19PEP_20250131T203125,Sentinel-2B,20.89,22273,0.135,0.0206,19293,0,11,0.0562,0.1904
kralendijk,Kralendijk waterfront,2025-01-31,blind,0.9989,0.0,0.0,0.0,4588.0,0,S2B_MSIL2A_20250131T150729_R082_T19PEP_20250131T203125,Sentinel-2B,20.89,17593,0.9989,0.75,20,0,0,0.0,0.1904
willemstoren_sorobon,Willemstoren to Sorobon,2025-02-05,observed,0.0201,0.0,0.0,0.0,8744.1,0,S2C_MSIL2A_20250205T150751_R082_T19PEP_20250205T181611,Sentinel-2C,29.82,45443,0.0201,0.0526,44522,0,215,0.7,0.1013
lac_bay,Lac Bay,2025-02-05,observed,0.1212,0.000874,7200.0,2853.8,8366.5,4,S2C_MSIL2A_20250205T150751_R082_T19PEP_20250205T181611,Sentinel-2C,29.82,39336,0.1212,0.2314,34512,138,3315,1.0,0.1013
cai_washikemba,Cai to Boka Washikemba,2025-02-05,observed,0.0476,0.0,0.0,0.0,9927.8,0,S2C_MSIL2A_20250205T150751_R082_T19PEP_20250205T181611,Sentinel-2C,29.82,56022,0.0476,0.056,53335,24,217,1.0,0.1013
washikemba_spelonk,Boka Washikemba to Spelonk,2025-02-05,observed,0.0902,0.0,0.0,0.0,7367.7,0,S2C_MSIL2A_20250205T150751_R082_T19PEP_20250205T181611,Sentinel-2C,29.82,27588,0.0902,0.1399,25073,1,18,0.9,0.1013
spelonk_onima,Spelonk to Boka Onima,2025-02-05,observed,0.0938,0.0,0.0,0.0,15482.3,0,S2C_MSIL2A_20250205T150751_R082_T19PEP_20250205T181611,Sentinel-2C,29.82,75758,0.0938,0.0861,68580,0,22,0.1165,0.1013
onima_chikitu,Boka Onima to Playa Chikitu,2025-02-05,observed,0.0923,0.0,0.0,0.0,5415.7,0,S2C_MSIL2A_20250205T150751_R082_T19PEP_20250205T181611,Sentinel-2C,29.82,27137,0.0923,0.0072,24592,0,8,0.0562,0.1013
chikitu_kokolishi,Playa Chikitu to Boka Kokolishi,2025-02-05,observed,0.0856,0.0,0.0,0.0,4357.9,0,S2C_MSIL2A_20250205T150751_R082_T19PEP_20250205T181611,Sentinel-2C,29.82,22273,0.0856,0.0662,20360,0,4,0.0562,0.1013
kralendijk,Kralendijk waterfront,2025-02-05,partial,0.4726,0.0,0.0,0.0,4588.0,0,S2C_MSIL2A_20250205T150751_R082_T19PEP_20250205T181611,Sentinel-2C,29.82,17593,0.4726,0.3765,9259,0,105,0.119,0.1013
willemstoren_sorobon,Willemstoren to Sorobon,2025-02-15,observed,0.1521,0.0,0.0,0.0,8744.1,0,S2C_MSIL2A_20250215T150741_R082_T19PEP_20250215T183054,Sentinel-2C,43.18,45443,0.1521,0.0012,38487,0,3,0.1765,0.1235
lac_bay,Lac Bay,2025-02-15,partial,0.2445,0.003513,28931.6,2689.4,8366.5,5,S2C_MSIL2A_20250215T150741_R082_T19PEP_20250215T183054,Sentinel-2C,43.18,39336,0.2445,0.1317,29612,160,1260,1.0,0.1235
cai_washikemba,Cai to Boka Washikemba,2025-02-15,observed,0.0518,0.0,0.0,0.0,9927.8,0,S2C_MSIL2A_20250215T150741_R082_T19PEP_20250215T183054,Sentinel-2C,43.18,56022,0.0518,0.013,53092,14,100,1.0,0.1235
washikemba_spelonk,Boka Washikemba to Spelonk,2025-02-15,observed,0.0098,0.0,0.0,0.0,7367.7,0,S2C_MSIL2A_20250215T150741_R082_T19PEP_20250215T183054,Sentinel-2C,43.18,27588,0.0098,0.0323,27315,0,11,0.1071,0.1235
spelonk_onima,Spelonk to Boka Onima,2025-02-15,observed,0.0295,0.0,0.0,0.0,15482.3,0,S2C_MSIL2A_20250215T150741_R082_T19PEP_20250215T183054,Sentinel-2C,43.18,75758,0.0295,0.0369,73490,0,74,0.0562,0.1235
onima_chikitu,Boka Onima to Playa Chikitu,2025-02-15,observed,0.0053,0.0,0.0,0.0,5415.7,0,S2C_MSIL2A_20250215T150741_R082_T19PEP_20250215T183054,Sentinel-2C,43.18,27137,0.0053,0.003,26991,0,64,0.1071,0.1235
chikitu_kokolishi,Playa Chikitu to Boka Kokolishi,2025-02-15,observed,0.0048,0.0,0.0,0.0,4357.9,0,S2C_MSIL2A_20250215T150741_R082_T19PEP_20250215T183054,Sentinel-2C,43.18,22273,0.0048,0.004,22165,0,32,0.0562,0.1235
kralendijk,Kralendijk waterfront,2025-02-15,blind,0.8459,0.0,0.0,0.0,4588.0,0,S2C_MSIL2A_20250215T150741_R082_T19PEP_20250215T183054,Sentinel-2C,43.18,17593,0.8459,0.0339,2682,0,0,0.0036,0.1235
willemstoren_sorobon,Willemstoren to Sorobon,2025-02-20,observed,0.0232,0.0,0.0,0.0,8744.1,0,S2B_MSIL2A_20250220T150729_R082_T19PEP_20250220T184649,Sentinel-2B,1.26,45443,0.0232,0.0024,44371,0,31,0.8658,0.0348
lac_bay,Lac Bay,2025-02-20,observed,0.0715,0.001656,13638.8,5185.8,8366.5,9,S2B_MSIL2A_20250220T150729_R082_T19PEP_20250220T184649,Sentinel-2B,1.26,39336,0.0715,0.2493,36493,195,4985,1.0,0.0348
cai_washikemba,Cai to Boka Washikemba,2025-02-20,observed,0.0275,1.8e-05,184.6,21.3,9927.8,1,S2B_MSIL2A_20250220T150729_R082_T19PEP_20250220T184649,Sentinel-2B,1.26,56022,0.0275,0.0229,54474,29,435,1.0,0.0348
washikemba_spelonk,Boka Washikemba to Spelonk,2025-02-20,observed,0.0089,0.0,0.0,0.0,7367.7,0,S2B_MSIL2A_20250220T150729_R082_T19PEP_20250220T184649,Sentinel-2B,1.26,27588,0.0089,0.0189,27340,0,36,0.4471,0.0348
spelonk_onima,Spelonk to Boka Onima,2025-02-20,observed,0.0349,0.0,0.0,0.0,15482.3,0,S2B_MSIL2A_20250220T150729_R082_T19PEP_20250220T184649,Sentinel-2B,1.26,75758,0.0349,0.0064,73076,0,1,0.0562,0.0348
onima_chikitu,Boka Onima to Playa Chikitu,2025-02-20,observed,0.0396,0.0,0.0,0.0,5415.7,0,S2B_MSIL2A_20250220T150729_R082_T19PEP_20250220T184649,Sentinel-2B,1.26,27137,0.0396,0.0046,26045,0,2,0.0562,0.0348
chikitu_kokolishi,Playa Chikitu to Boka Kokolishi,2025-02-20,observed,0.0127,0.0,0.0,0.0,4357.9,0,S2B_MSIL2A_20250220T150729_R082_T19PEP_20250220T184649,Sentinel-2B,1.26,22273,0.0127,0.0122,21985,0,1,0.0562,0.0348
kralendijk,Kralendijk waterfront,2025-02-20,observed,0.0613,0.0,0.0,0.0,4588.0,0,S2B_MSIL2A_20250220T150729_R082_T19PEP_20250220T184649,Sentinel-2B,1.26,17593,0.0613,0.0179,16504,0,6,0.1935,0.0348
willemstoren_sorobon,Willemstoren to Sorobon,2025-02-25,observed,0.0667,0.0,0.0,0.0,8744.1,0,S2C_MSIL2A_20250225T150741_R082_T19PEP_20250225T181412,Sentinel-2C,14.2,45443,0.0667,0.0118,42369,0,0,0.0039,0.0821
lac_bay,Lac Bay,2025-02-25,observed,0.1068,0.0006,4939.5,2440.5,8366.5,4,S2C_MSIL2A_20250225T150741_R082_T19PEP_20250225T181412,Sentinel-2C,14.2,39336,0.1068,0.2629,35099,75,3916,1.0,0.0821
cai_washikemba,Cai to Boka Washikemba,2025-02-25,observed,0.0102,5.7e-05,600.0,423.9,9927.8,1,S2C_MSIL2A_20250225T150741_R082_T19PEP_20250225T181412,Sentinel-2C,14.2,56022,0.0102,0.0729,55441,19,467,1.0,0.0821
washikemba_spelonk,Boka Washikemba to Spelonk,2025-02-25,observed,0.0145,0.0,0.0,0.0,7367.7,0,S2C_MSIL2A_20250225T150741_R082_T19PEP_20250225T181412,Sentinel-2C,14.2,27588,0.0145,0.1614,27182,0,27,0.1165,0.0821
spelonk_onima,Spelonk to Boka Onima,2025-02-25,observed,0.1186,0.0,0.0,0.0,15482.3,0,S2C_MSIL2A_20250225T150741_R082_T19PEP_20250225T181412,Sentinel-2C,14.2,75758,0.1186,0.1041,66660,0,200,0.1071,0.0821
onima_chikitu,Boka Onima to Playa Chikitu,2025-02-25,observed,0.0736,0.0,0.0,0.0,5415.7,0,S2C_MSIL2A_20250225T150741_R082_T19PEP_20250225T181412,Sentinel-2C,14.2,27137,0.0736,0.0284,25113,0,6,0.0562,0.0821
chikitu_kokolishi,Playa Chikitu to Boka Kokolishi,2025-02-25,observed,0.0768,0.0,0.0,0.0,4357.9,0,S2C_MSIL2A_20250225T150741_R082_T19PEP_20250225T181412,Sentinel-2C,14.2,22273,0.0768,0.1107,20534,0,15,0.0562,0.0821
kralendijk,Kralendijk waterfront,2025-02-25,partial,0.2711,0.0,0.0,0.0,4588.0,0,S2C_MSIL2A_20250225T150741_R082_T19PEP_20250225T181412,Sentinel-2C,14.2,17593,0.2711,0.2168,12824,0,62,0.1071,0.0821
willemstoren_sorobon,Willemstoren to Sorobon,2025-03-02,observed,0.0324,0.0,0.0,0.0,8744.1,0,S2B_MSIL2A_20250302T150729_R082_T19PEP_20250302T183833,Sentinel-2B,5.37,45443,0.0324,0.0421,43949,0,8,0.119,0.0511
lac_bay,Lac Bay,2025-03-02,observed,0.0456,0.001037,8539.5,5192.2,8366.5,10,S2B_MSIL2A_20250302T150729_R082_T19PEP_20250302T183833,Sentinel-2B,5.37,39336,0.0456,0.2523,37525,124,5050,1.0,0.0511
cai_washikemba,Cai to Boka Washikemba,2025-03-02,observed,0.0144,0.0,0.0,0.0,9927.8,0,S2B_MSIL2A_20250302T150729_R082_T19PEP_20250302T183833,Sentinel-2B,5.37,56022,0.0144,0.0602,55204,18,537,1.0,0.0511
washikemba_spelonk,Boka Washikemba to Spelonk,2025-03-02,observed,0.0135,0.0,0.0,0.0,7367.7,0,S2B_MSIL2A_20250302T150729_R082_T19PEP_20250302T183833,Sentinel-2B,5.37,27588,0.0135,0.1604,27211,0,53,0.7,0.0511
spelonk_onima,Spelonk to Boka Onima,2025-03-02,observed,0.0823,0.0,0.0,0.0,15482.3,0,S2B_MSIL2A_20250302T150729_R082_T19PEP_20250302T183833,Sentinel-2B,5.37,75758,0.0823,0.078,69446,0,29,0.0562,0.0511
onima_chikitu,Boka Onima to Playa Chikitu,2025-03-02,observed,0.0016,0.0,0.0,0.0,5415.7,0,S2B_MSIL2A_20250302T150729_R082_T19PEP_20250302T183833,Sentinel-2B,5.37,27137,0.0016,0.0115,27094,0,9,0.0562,0.0511
chikitu_kokolishi,Playa Chikitu to Boka Kokolishi,2025-03-02,observed,0.0012,0.0,0.0,0.0,4357.9,0,S2B_MSIL2A_20250302T150729_R082_T19PEP_20250302T183833,Sentinel-2B,5.37,22273,0.0012,0.0071,22245,0,2,0.0562,0.0511
kralendijk,Kralendijk waterfront,2025-03-02,partial,0.2201,0.0,0.0,0.0,4588.0,0,S2B_MSIL2A_20250302T150729_R082_T19PEP_20250302T183833,Sentinel-2B,5.37,17593,0.2201,0.0929,13751,0,27,0.0562,0.0511
willemstoren_sorobon,Willemstoren to Sorobon,2025-03-07,partial,0.2127,0.0,0.0,0.0,8744.1,0,S2C_MSIL2A_20250307T150751_R082_T19PEP_20250307T202213,Sentinel-2C,22.28,45443,0.2127,0.0094,35776,0,1,0.0562,0.2852
lac_bay,Lac Bay,2025-03-07,partial,0.2847,0.000114,939.5,366.0,8366.5,1,S2C_MSIL2A_20250307T150751_R082_T19PEP_20250307T202213,Sentinel-2C,22.28,39336,0.2847,0.2727,28081,32,1553,1.0,0.2852
cai_washikemba,Cai to Boka Washikemba,2025-03-07,partial,0.3118,0.0,0.0,0.0,9927.8,0,S2C_MSIL2A_20250307T150751_R082_T19PEP_20250307T202213,Sentinel-2C,22.28,56022,0.3118,0.3432,38586,5,991,1.0,0.2852
washikemba_spelonk,Boka Washikemba to Spelonk,2025-03-07,partial,0.5673,0.0,0.0,0.0,7367.7,0,S2C_MSIL2A_20250307T150751_R082_T19PEP_20250307T202213,Sentinel-2C,22.28,27588,0.5673,0.5691,11901,0,208,0.0562,0.2852
spelonk_onima,Spelonk to Boka Onima,2025-03-07,partial,0.2558,0.0,0.0,0.0,15482.3,0,S2C_MSIL2A_20250307T150751_R082_T19PEP_20250307T202213,Sentinel-2C,22.28,75758,0.2558,0.2327,56327,0,219,0.1935,0.2852
onima_chikitu,Boka Onima to Playa Chikitu,2025-03-07,observed,0.0709,0.0,0.0,0.0,5415.7,0,S2C_MSIL2A_20250307T150751_R082_T19PEP_20250307T202213,Sentinel-2C,22.28,27137,0.0709,0.0062,25182,1,13,1.0,0.2852
chikitu_kokolishi,Playa Chikitu to Boka Kokolishi,2025-03-07,observed,0.0057,0.0,0.0,0.0,4357.9,0,S2C_MSIL2A_20250307T150751_R082_T19PEP_20250307T202213,Sentinel-2C,22.28,22273,0.0057,0.012,22144,0,3,0.0562,0.2852
kralendijk,Kralendijk waterfront,2025-03-07,blind,0.9067,0.0,0.0,0.0,4588.0,0,S2C_MSIL2A_20250307T150751_R082_T19PEP_20250307T202213,Sentinel-2C,22.28,17593,0.9067,0.0529,1665,0,0,0.0002,0.2852
willemstoren_sorobon,Willemstoren to Sorobon,2025-03-12,observed,0.0433,0.0,0.0,0.0,8744.1,0,S2B_MSIL2A_20250312T150719_R082_T19PEP_20250312T202222,Sentinel-2B,1.68,45443,0.0433,0.0884,43460,0,2,0.6364,0.0369
lac_bay,Lac Bay,2025-03-12,observed,0.167,0.001596,13138.8,4167.2,8366.5,9,S2B_MSIL2A_20250312T150719_R082_T19PEP_20250312T202222,Sentinel-2B,1.68,39336,0.167,0.2689,32702,149,3882,1.0,0.0369
cai_washikemba,Cai to Boka Washikemba,2025-03-12,observed,0.0313,3.8e-05,400.0,508.3,9927.8,1,S2B_MSIL2A_20250312T150719_R082_T19PEP_20250312T202222,Sentinel-2B,1.68,56022,0.0313,0.0901,54275,21,300,1.0,0.0369
washikemba_spelonk,Boka Washikemba to Spelonk,2025-03-12,observed,0.0064,0.0,0.0,0.0,7367.7,0,S2B_MSIL2A_20250312T150719_R082_T19PEP_20250312T202222,Sentinel-2B,1.68,27588,0.0064,0.119,27410,0,76,0.4471,0.0369
spelonk_onima,Spelonk to Boka Onima,2025-03-12,observed,0.0238,0.0,0.0,0.0,15482.3,0,S2B_MSIL2A_20250312T150719_R082_T19PEP_20250312T202222,Sentinel-2B,1.68,75758,0.0238,0.0542,73930,0,8,0.4447,0.0369
onima_chikitu,Boka Onima to Playa Chikitu,2025-03-12,observed,0.0045,0.0,0.0,0.0,5415.7,0,S2B_MSIL2A_20250312T150719_R082_T19PEP_20250312T202222,Sentinel-2B,1.68,27137,0.0045,0.0115,27014,0,10,0.1165,0.0369
chikitu_kokolishi,Playa Chikitu to Boka Kokolishi,2025-03-12,observed,0.0027,0.0,0.0,0.0,4357.9,0,S2B_MSIL2A_20250312T150719_R082_T19PEP_20250312T202222,Sentinel-2B,1.68,22273,0.0027,0.0255,22211,0,4,0.1165,0.0369
kralendijk,Kralendijk waterfront,2025-03-12,observed,0.065,0.0,0.0,0.0,4588.0,0,S2B_MSIL2A_20250312T150719_R082_T19PEP_20250312T202222,Sentinel-2B,1.68,17593,0.065,0.0361,16434,0,3,0.1165,0.0369
willemstoren_sorobon,Willemstoren to Sorobon,2025-03-17,blind,0.9477,0.0,0.0,0.0,8744.1,0,S2C_MSIL2A_20250317T150741_R082_T19PEP_20250317T193358,Sentinel-2C,20.26,45443,0.9477,0.0205,2347,0,8,0.1165,0.2031
lac_bay,Lac Bay,2025-03-17,partial,0.2625,0.001486,12238.8,3890.1,8366.5,9,S2C_MSIL2A_20250317T150741_R082_T19PEP_20250317T193358,Sentinel-2C,20.26,39336,0.2625,0.3417,28991,120,4369,1.0,0.2031
cai_washikemba,Cai to Boka Washikemba,2025-03-17,observed,0.0322,0.0,0.0,0.0,9927.8,0,S2C_MSIL2A_20250317T150741_R082_T19PEP_20250317T193358,Sentinel-2C,20.26,56022,0.0322,0.0421,54235,9,435,1.0,0.2031
washikemba_spelonk,Boka Washikemba to Spelonk,2025-03-17,observed,0.0029,0.0,0.0,0.0,7367.7,0,S2C_MSIL2A_20250317T150741_R082_T19PEP_20250317T193358,Sentinel-2C,20.26,27588,0.0029,0.0598,27509,0,61,0.4471,0.2031
spelonk_onima,Spelonk to Boka Onima,2025-03-17,observed,0.002,0.0,0.0,0.0,15482.3,0,S2C_MSIL2A_20250317T150741_R082_T19PEP_20250317T193358,Sentinel-2C,20.26,75758,0.002,0.0204,75603,0,3,0.119,0.2031
onima_chikitu,Boka Onima to Playa Chikitu,2025-03-17,observed,0.004,0.0,0.0,0.0,5415.7,0,S2C_MSIL2A_20250317T150741_R082_T19PEP_20250317T193358,Sentinel-2C,20.26,27137,0.004,0.0085,27026,0,3,0.0562,0.2031
chikitu_kokolishi,Playa Chikitu to Boka Kokolishi,2025-03-17,observed,0.0042,0.0,0.0,0.0,4357.9,0,S2C_MSIL2A_20250317T150741_R082_T19PEP_20250317T193358,Sentinel-2C,20.26,22273,0.0042,0.0079,22179,0,1,0.0562,0.2031
kralendijk,Kralendijk waterfront,2025-03-17,partial,0.3368,0.0,0.0,0.0,4588.0,0,S2C_MSIL2A_20250317T150741_R082_T19PEP_20250317T193358,Sentinel-2C,20.26,17593,0.3368,0.0175,11672,0,2,0.119,0.2031
willemstoren_sorobon,Willemstoren to Sorobon,2025-03-19,observed,0.1977,0.0,0.0,0.0,8744.1,0,S2A_MSIL2A_20250319T150931_R082_T19PEP_20250319T202213,Sentinel-2A,69.24,45443,0.1977,0.0027,36489,0,9,0.1935,0.4573
lac_bay,Lac Bay,2025-03-19,partial,0.5623,0.0,0.0,0.0,8366.5,0,S2A_MSIL2A_20250319T150931_R082_T19PEP_20250319T202213,Sentinel-2A,69.24,39336,0.5623,0.0372,17051,0,263,0.4737,0.4573
cai_washikemba,Cai to Boka Washikemba,2025-03-19,partial,0.4647,0.0,0.0,0.0,9927.8,0,S2A_MSIL2A_20250319T150931_R082_T19PEP_20250319T202213,Sentinel-2A,69.24,56022,0.4647,0.1394,29937,0,192,0.4737,0.4573
washikemba_spelonk,Boka Washikemba to Spelonk,2025-03-19,partial,0.5698,0.0,0.0,0.0,7367.7,0,S2A_MSIL2A_20250319T150931_R082_T19PEP_20250319T202213,Sentinel-2A,69.24,27588,0.5698,0.4291,11852,10,283,1.0,0.4573
spelonk_onima,Spelonk to Boka Onima,2025-03-19,partial,0.323,5.8e-05,900.0,1120.7,15482.3,1,S2A_MSIL2A_20250319T150931_R082_T19PEP_20250319T202213,Sentinel-2A,69.24,75758,0.323,0.179,51168,10,64,1.0,0.4573
onima_chikitu,Boka Onima to Playa Chikitu,2025-03-19,partial,0.5688,0.0,0.0,0.0,5415.7,0,S2A_MSIL2A_20250319T150931_R082_T19PEP_20250319T202213,Sentinel-2A,69.24,27137,0.5688,0.1455,11650,0,13,0.0562,0.4573
chikitu_kokolishi,Playa Chikitu to Boka Kokolishi,2025-03-19,blind,0.9503,0.0,0.0,0.0,4357.9,0,S2A_MSIL2A_20250319T150931_R082_T19PEP_20250319T202213,Sentinel-2A,69.24,22273,0.9503,0.068,1118,0,0,0.0002,0.4573
kralendijk,Kralendijk waterfront,2025-03-19,partial,0.5213,0.0,0.0,0.0,4588.0,0,S2A_MSIL2A_20250319T150931_R082_T19PEP_20250319T202213,Sentinel-2A,69.24,17593,0.5213,0.0798,8421,0,0,0.0001,0.4573
willemstoren_sorobon,Willemstoren to Sorobon,2025-03-22,blind,0.9998,0.0,0.0,0.0,8744.1,0,S2B_MSIL2A_20250322T150729_R082_T19PEP_20250322T203640,Sentinel-2B,40.91,45443,0.9998,0.0,8,0,0,0.0,0.8877
lac_bay,Lac Bay,2025-03-22,blind,1.0,0.0,0.0,0.0,8366.5,0,S2B_MSIL2A_20250322T150729_R082_T19PEP_20250322T203640,Sentinel-2B,40.91,39336,1.0,,0,0,0,,0.8877
cai_washikemba,Cai to Boka Washikemba,2025-03-22,blind,1.0,0.0,0.0,0.0,9927.8,0,S2B_MSIL2A_20250322T150729_R082_T19PEP_20250322T203640,Sentinel-2B,40.91,56022,1.0,,0,0,0,,0.8877
washikemba_spelonk,Boka Washikemba to Spelonk,2025-03-22,blind,0.9972,0.0,0.0,0.0,7367.7,0,S2B_MSIL2A_20250322T150729_R082_T19PEP_20250322T203640,Sentinel-2B,40.91,27588,0.9972,0.0253,79,0,0,0.0004,0.8877
spelonk_onima,Spelonk to Boka Onima,2025-03-22,blind,0.9908,0.0,0.0,0.0,15482.3,0,S2B_MSIL2A_20250322T150729_R082_T19PEP_20250322T203640,Sentinel-2B,40.91,75758,0.9908,0.1168,685,0,0,0.0002,0.8877
onima_chikitu,Boka Onima to Playa Chikitu,2025-03-22,partial,0.2845,0.0,0.0,0.0,5415.7,0,S2B_MSIL2A_20250322T150729_R082_T19PEP_20250322T203640,Sentinel-2B,40.91,27137,0.2845,0.0497,19400,0,2,0.0562,0.8877
chikitu_kokolishi,Playa Chikitu to Boka Kokolishi,2025-03-22,partial,0.4694,0.0,0.0,0.0,4357.9,0,S2B_MSIL2A_20250322T150729_R082_T19PEP_20250322T203640,Sentinel-2B,40.91,22273,0.4694,0.0401,11708,0,2,0.0562,0.8877
kralendijk,Kralendijk waterfront,2025-03-22,blind,0.8059,0.0,0.0,0.0,4588.0,0,S2B_MSIL2A_20250322T150729_R082_T19PEP_20250322T203640,Sentinel-2B,40.91,17593,0.8059,0.0032,3397,0,0,0.0001,0.8877
willemstoren_sorobon,Willemstoren to Sorobon,2025-03-27,observed,0.1746,0.0,0.0,0.0,8744.1,0,S2C_MSIL2A_20250327T150741_R082_T19PEP_20250327T215859,Sentinel-2C,34.14,45443,0.1746,0.037,37445,0,3,0.0562,0.5259
lac_bay,Lac Bay,2025-03-27,partial,0.42,0.0,0.0,0.0,8366.5,0,S2C_MSIL2A_20250327T150741_R082_T19PEP_20250327T215859,Sentinel-2C,34.14,39336,0.42,0.2239,22748,0,1376,0.4737,0.5259
cai_washikemba,Cai to Boka Washikemba,2025-03-27,observed,0.157,0.0,0.0,0.0,9927.8,0,S2C_MSIL2A_20250327T150741_R082_T19PEP_20250327T215859,Sentinel-2C,34.14,56022,0.157,0.0926,47235,0,155,0.4471,0.5259
washikemba_spelonk,Boka Washikemba to Spelonk,2025-03-27,partial,0.4737,0.0,0.0,0.0,7367.7,0,S2C_MSIL2A_20250327T150741_R082_T19PEP_20250327T215859,Sentinel-2C,34.14,27588,0.4737,0.1622,14497,0,8,0.119,0.5259
spelonk_onima,Spelonk to Boka Onima,2025-03-27,blind,0.9975,0.0,0.0,0.0,15482.3,0,S2C_MSIL2A_20250327T150741_R082_T19PEP_20250327T215859,Sentinel-2C,34.14,75758,0.9975,0.0262,191,0,1,0.0562,0.5259
onima_chikitu,Boka Onima to Playa Chikitu,2025-03-27,blind,0.8739,0.0,0.0,0.0,5415.7,0,S2C_MSIL2A_20250327T150741_R082_T19PEP_20250327T215859,Sentinel-2C,34.14,27137,0.8739,0.1594,3401,0,16,0.3333,0.5259
chikitu_kokolishi,Playa Chikitu to Boka Kokolishi,2025-03-27,observed,0.0866,0.0,0.0,0.0,4357.9,0,S2C_MSIL2A_20250327T150741_R082_T19PEP_20250327T215859,Sentinel-2C,34.14,22273,0.0866,0.1501,20383,0,21,0.3333,0.5259
kralendijk,Kralendijk waterfront,2025-03-27,blind,0.9709,0.0,0.0,0.0,4588.0,0,S2C_MSIL2A_20250327T150741_R082_T19PEP_20250327T215859,Sentinel-2C,34.14,17593,0.9709,0.0395,506,0,0,0.0002,0.5259
willemstoren_sorobon,Willemstoren to Sorobon,2025-03-29,blind,1.0,0.0,0.0,0.0,8744.1,0,S2A_MSIL2A_20250329T150731_R082_T19PEP_20250330T005118,Sentinel-2A,71.63,45443,1.0,,0,0,0,,0.9084
lac_bay,Lac Bay,2025-03-29,blind,1.0,0.0,0.0,0.0,8366.5,0,S2A_MSIL2A_20250329T150731_R082_T19PEP_20250330T005118,Sentinel-2A,71.63,39336,1.0,,0,0,0,,0.9084
cai_washikemba,Cai to Boka Washikemba,2025-03-29,blind,0.9992,0.0,0.0,0.0,9927.8,0,S2A_MSIL2A_20250329T150731_R082_T19PEP_20250330T005118,Sentinel-2A,71.63,56022,0.9992,0.0652,46,0,0,0.0004,0.9084
washikemba_spelonk,Boka Washikemba to Spelonk,2025-03-29,blind,0.9975,0.0,0.0,0.0,7367.7,0,S2A_MSIL2A_20250329T150731_R082_T19PEP_20250330T005118,Sentinel-2A,71.63,27588,0.9975,0.0714,70,0,0,0.0002,0.9084
spelonk_onima,Spelonk to Boka Onima,2025-03-29,blind,0.9931,0.0,0.0,0.0,15482.3,0,S2A_MSIL2A_20250329T150731_R082_T19PEP_20250330T005118,Sentinel-2A,71.63,75758,0.9931,0.1328,527,0,0,0.0002,0.9084
onima_chikitu,Boka Onima to Playa Chikitu,2025-03-29,blind,0.7766,0.0,0.0,0.0,5415.7,0,S2A_MSIL2A_20250329T150731_R082_T19PEP_20250330T005118,Sentinel-2A,71.63,27137,0.7766,0.1056,6044,0,0,0.0039,0.9084
chikitu_kokolishi,Playa Chikitu to Boka Kokolishi,2025-03-29,observed,0.0352,0.0,0.0,0.0,4357.9,0,S2A_MSIL2A_20250329T150731_R082_T19PEP_20250330T005118,Sentinel-2A,71.63,22273,0.0352,0.0578,21486,0,1,0.0562,0.9084
kralendijk,Kralendijk waterfront,2025-03-29,blind,1.0,0.0,0.0,0.0,4588.0,0,S2A_MSIL2A_20250329T150731_R082_T19PEP_20250330T005118,Sentinel-2A,71.63,17593,1.0,,0,0,0,,0.9084
willemstoren_sorobon,Willemstoren to Sorobon,2025-04-01,partial,0.2596,0.0,0.0,0.0,8744.1,0,S2B_MSIL2A_20250401T150719_R082_T19PEP_20250401T184131,Sentinel-2B,34.04,45443,0.2596,0.0629,33666,0,19,0.0562,0.3137
lac_bay,Lac Bay,2025-04-01,partial,0.5744,0.0,0.0,0.0,8366.5,0,S2B_MSIL2A_20250401T150719_R082_T19PEP_20250401T184131,Sentinel-2B,34.04,39336,0.5744,0.1915,16701,0,720,0.7,0.3137
cai_washikemba,Cai to Boka Washikemba,2025-04-01,partial,0.2177,0.0,0.0,0.0,9927.8,0,S2B_MSIL2A_20250401T150719_R082_T19PEP_20250401T184131,Sentinel-2B,34.04,56022,0.2177,0.0958,43838,0,159,0.4737,0.3137
washikemba_spelonk,Boka Washikemba to Spelonk,2025-04-01,partial,0.3345,0.0,0.0,0.0,7367.7,0,S2B_MSIL2A_20250401T150719_R082_T19PEP_20250401T184131,Sentinel-2B,34.04,27588,0.3345,0.1458,18342,0,12,0.1165,0.3137
spelonk_onima,Spelonk to Boka Onima,2025-04-01,partial,0.3376,0.0,0.0,0.0,15482.3,0,S2B_MSIL2A_20250401T150719_R082_T19PEP_20250401T184131,Sentinel-2B,34.04,75758,0.3376,0.0848,50110,0,82,0.0562,0.3137
onima_chikitu,Boka Onima to Playa Chikitu,2025-04-01,observed,0.0189,0.0,0.0,0.0,5415.7,0,S2B_MSIL2A_20250401T150719_R082_T19PEP_20250401T184131,Sentinel-2B,34.04,27137,0.0189,0.0239,26615,0,10,0.0562,0.3137
chikitu_kokolishi,Playa Chikitu to Boka Kokolishi,2025-04-01,partial,0.2326,0.0,0.0,0.0,4357.9,0,S2B_MSIL2A_20250401T150719_R082_T19PEP_20250401T184131,Sentinel-2B,34.04,22273,0.2326,0.0581,17050,0,3,0.0562,0.3137
kralendijk,Kralendijk waterfront,2025-04-01,partial,0.6796,0.0,0.0,0.0,4588.0,0,S2B_MSIL2A_20250401T150719_R082_T19PEP_20250401T184131,Sentinel-2B,34.04,17593,0.6796,0.0915,5652,0,2,0.0562,0.3137
willemstoren_sorobon,Willemstoren to Sorobon,2025-04-06,blind,0.9842,0.0,0.0,0.0,8744.1,0,S2C_MSIL2A_20250406T150741_R082_T19PEP_20250406T215123,Sentinel-2C,54.95,45443,0.9842,0.0812,702,0,0,0.0001,0.8523
lac_bay,Lac Bay,2025-04-06,blind,0.9997,0.0,0.0,0.0,8366.5,0,S2C_MSIL2A_20250406T150741_R082_T19PEP_20250406T215123,Sentinel-2C,54.95,39336,0.9997,0.0,12,0,0,0.0,0.8523
cai_washikemba,Cai to Boka Washikemba,2025-04-06,blind,0.998,0.0,0.0,0.0,9927.8,0,S2C_MSIL2A_20250406T150741_R082_T19PEP_20250406T215123,Sentinel-2C,54.95,56022,0.998,0.6518,112,0,2,0.0562,0.8523
washikemba_spelonk,Boka Washikemba to Spelonk,2025-04-06,blind,1.0,0.0,0.0,0.0,7367.7,0,S2C_MSIL2A_20250406T150741_R082_T19PEP_20250406T215123,Sentinel-2C,54.95,27588,1.0,,0,0,0,,0.8523
spelonk_onima,Spelonk to Boka Onima,2025-04-06,blind,0.9038,0.0,0.0,0.0,15482.3,0,S2C_MSIL2A_20250406T150741_R082_T19PEP_20250406T215123,Sentinel-2C,54.95,75758,0.9038,0.433,7241,0,87,0.1935,0.8523
onima_chikitu,Boka Onima to Playa Chikitu,2025-04-06,observed,0.0463,0.0,0.0,0.0,5415.7,0,S2C_MSIL2A_20250406T150741_R082_T19PEP_20250406T215123,Sentinel-2C,54.95,27137,0.0463,0.0294,25866,0,42,0.119,0.8523
chikitu_kokolishi,Playa Chikitu to Boka Kokolishi,2025-04-06,partial,0.4342,0.0,0.0,0.0,4357.9,0,S2C_MSIL2A_20250406T150741_R082_T19PEP_20250406T215123,Sentinel-2C,54.95,22273,0.4342,0.3044,12628,0,299,0.0562,0.8523
kralendijk,Kralendijk waterfront,2025-04-06,blind,0.9615,0.0,0.0,0.0,4588.0,0,S2C_MSIL2A_20250406T150741_R082_T19PEP_20250406T215123,Sentinel-2C,54.95,17593,0.9615,0.5991,676,0,1,0.0562,0.8523
willemstoren_sorobon,Willemstoren to Sorobon,2025-04-08,blind,1.0,0.0,0.0,0.0,8744.1,0,S2A_MSIL2A_20250408T150931_R082_T19PEP_20250409T011158,Sentinel-2A,96.53,45443,1.0,,0,0,0,,1.0
lac_bay,Lac Bay,2025-04-08,blind,1.0,0.0,0.0,0.0,8366.5,0,S2A_MSIL2A_20250408T150931_R082_T19PEP_20250409T011158,Sentinel-2A,96.53,39336,1.0,,0,0,0,,1.0
cai_washikemba,Cai to Boka Washikemba,2025-04-08,blind,1.0,0.0,0.0,0.0,9927.8,0,S2A_MSIL2A_20250408T150931_R082_T19PEP_20250409T011158,Sentinel-2A,96.53,56022,1.0,,0,0,0,,1.0
washikemba_spelonk,Boka Washikemba to Spelonk,2025-04-08,blind,1.0,0.0,0.0,0.0,7367.7,0,S2A_MSIL2A_20250408T150931_R082_T19PEP_20250409T011158,Sentinel-2A,96.53,27588,1.0,,0,0,0,,1.0
spelonk_onima,Spelonk to Boka Onima,2025-04-08,blind,1.0,0.0,0.0,0.0,15482.3,0,S2A_MSIL2A_20250408T150931_R082_T19PEP_20250409T011158,Sentinel-2A,96.53,75758,1.0,,0,0,0,,1.0
onima_chikitu,Boka Onima to Playa Chikitu,2025-04-08,blind,1.0,0.0,0.0,0.0,5415.7,0,S2A_MSIL2A_20250408T150931_R082_T19PEP_20250409T011158,Sentinel-2A,96.53,27137,1.0,,0,0,0,,1.0
chikitu_kokolishi,Playa Chikitu to Boka Kokolishi,2025-04-08,blind,1.0,0.0,0.0,0.0,4357.9,0,S2A_MSIL2A_20250408T150931_R082_T19PEP_20250409T011158,Sentinel-2A,96.53,22273,1.0,,0,0,0,,1.0
kralendijk,Kralendijk waterfront,2025-04-08,blind,1.0,0.0,0.0,0.0,4588.0,0,S2A_MSIL2A_20250408T150931_R082_T19PEP_20250409T011158,Sentinel-2A,96.53,17593,1.0,,0,0,0,,1.0
willemstoren_sorobon,Willemstoren to Sorobon,2025-04-11,blind,0.935,0.0,0.0,0.0,8744.1,0,S2B_MSIL2A_20250411T150729_R082_T19PEP_20250411T183629,Sentinel-2B,75.17,45443,0.935,0.0,2947,0,0,0.0002,0.8489
lac_bay,Lac Bay,2025-04-11,blind,0.8385,0.0,0.0,0.0,8366.5,0,S2B_MSIL2A_20250411T150729_R082_T19PEP_20250411T183629,Sentinel-2B,75.17,39336,0.8385,0.0245,6287,0,12,0.0562,0.8489
cai_washikemba,Cai to Boka Washikemba,2025-04-11,blind,0.9793,0.0,0.0,0.0,9927.8,0,S2B_MSIL2A_20250411T150729_R082_T19PEP_20250411T183629,Sentinel-2B,75.17,56022,0.9793,0.0055,1090,0,0,0.0002,0.8489
washikemba_spelonk,Boka Washikemba to Spelonk,2025-04-11,blind,0.8328,0.0,0.0,0.0,7367.7,0,S2B_MSIL2A_20250411T150729_R082_T19PEP_20250411T183629,Sentinel-2B,75.17,27588,0.8328,0.0511,4658,0,3,0.0562,0.8489
spelonk_onima,Spelonk to Boka Onima,2025-04-11,partial,0.6933,0.0,0.0,0.0,15482.3,0,S2B_MSIL2A_20250411T150729_R082_T19PEP_20250411T183629,Sentinel-2B,75.17,75758,0.6933,0.0484,23243,0,101,0.0562,0.8489
onima_chikitu,Boka Onima to Playa Chikitu,2025-04-11,blind,1.0,0.0,0.0,0.0,5415.7,0,S2B_MSIL2A_20250411T150729_R082_T19PEP_20250411T183629,Sentinel-2B,75.17,27137,1.0,,0,0,0,,0.8489
chikitu_kokolishi,Playa Chikitu to Boka Kokolishi,2025-04-11,blind,1.0,0.0,0.0,0.0,4357.9,0,S2B_MSIL2A_20250411T150729_R082_T19PEP_20250411T183629,Sentinel-2B,75.17,22273,1.0,,0,0,0,,0.8489
kralendijk,Kralendijk waterfront,2025-04-11,blind,0.7367,0.0,0.0,0.0,4588.0,0,S2B_MSIL2A_20250411T150729_R082_T19PEP_20250411T183629,Sentinel-2B,75.17,17593,0.7367,0.0324,4627,0,4,0.0562,0.8489
willemstoren_sorobon,Willemstoren to Sorobon,2025-04-16,partial,0.2536,0.0,0.0,0.0,8744.1,0,S2C_MSIL2A_20250416T150741_R082_T19PEP_20250416T211512,Sentinel-2C,47.34,45443,0.2536,0.0045,33884,0,0,0.0004,0.3887
lac_bay,Lac Bay,2025-04-16,blind,0.7754,0.0,0.0,0.0,8366.5,0,S2C_MSIL2A_20250416T150741_R082_T19PEP_20250416T211512,Sentinel-2C,47.34,39336,0.7754,0.1474,8747,0,516,0.1935,0.3887
cai_washikemba,Cai to Boka Washikemba,2025-04-16,observed,0.1526,0.0,0.0,0.0,9927.8,0,S2C_MSIL2A_20250416T150741_R082_T19PEP_20250416T211512,Sentinel-2C,47.34,56022,0.1526,0.0824,47425,0,9,0.1165,0.3887
washikemba_spelonk,Boka Washikemba to Spelonk,2025-04-16,partial,0.5449,0.0,0.0,0.0,7367.7,0,S2C_MSIL2A_20250416T150741_R082_T19PEP_20250416T211512,Sentinel-2C,47.34,27588,0.5449,0.1476,12441,0,0,0.0068,0.3887
spelonk_onima,Spelonk to Boka Onima,2025-04-16,partial,0.4839,0.0,0.0,0.0,15482.3,0,S2C_MSIL2A_20250416T150741_R082_T19PEP_20250416T211512,Sentinel-2C,47.34,75758,0.4839,0.0986,39024,0,24,0.1165,0.3887
onima_chikitu,Boka Onima to Playa Chikitu,2025-04-16,observed,0.1092,0.0,0.0,0.0,5415.7,0,S2C_MSIL2A_20250416T150741_R082_T19PEP_20250416T211512,Sentinel-2C,47.34,27137,0.1092,0.0597,24127,0,0,0.0036,0.3887
chikitu_kokolishi,Playa Chikitu to Boka Kokolishi,2025-04-16,observed,0.0474,0.0,0.0,0.0,4357.9,0,S2C_MSIL2A_20250416T150741_R082_T19PEP_20250416T211512,Sentinel-2C,47.34,22273,0.0474,0.0552,21220,0,0,0.0036,0.3887
kralendijk,Kralendijk waterfront,2025-04-16,blind,0.8597,0.0,0.0,0.0,4588.0,0,S2C_MSIL2A_20250416T150741_R082_T19PEP_20250416T211512,Sentinel-2C,47.34,17593,0.8597,0.0709,2496,0,0,0.0004,0.3887
willemstoren_sorobon,Willemstoren to Sorobon,2025-04-21,observed,0.0757,0.0,0.0,0.0,8744.1,0,S2B_MSIL2A_20250421T150719_R082_T19PEP_20250421T184038,Sentinel-2B,18.79,45443,0.0757,0.0444,42004,0,11,0.7,0.0708
lac_bay,Lac Bay,2025-04-21,partial,0.3197,0.000121,1000.0,442.6,8366.5,1,S2B_MSIL2A_20250421T150719_R082_T19PEP_20250421T184038,Sentinel-2B,18.79,39336,0.3197,0.2981,26708,26,3489,1.0,0.0708
cai_washikemba,Cai to Boka Washikemba,2025-04-21,observed,0.0491,0.0,0.0,0.0,9927.8,0,S2B_MSIL2A_20250421T150719_R082_T19PEP_20250421T184038,Sentinel-2B,18.79,56022,0.0491,0.0768,53273,2,436,1.0,0.0708
washikemba_spelonk,Boka Washikemba to Spelonk,2025-04-21,observed,0.004,0.0,0.0,0.0,7367.7,0,S2B_MSIL2A_20250421T150719_R082_T19PEP_20250421T184038,Sentinel-2B,18.79,27588,0.004,0.0837,27478,0,126,0.4471,0.0708
spelonk_onima,Spelonk to Boka Onima,2025-04-21,observed,0.0059,0.0,0.0,0.0,15482.3,0,S2B_MSIL2A_20250421T150719_R082_T19PEP_20250421T184038,Sentinel-2B,18.79,75758,0.0059,0.0521,75303,2,134,1.0,0.0708
onima_chikitu,Boka Onima to Playa Chikitu,2025-04-21,observed,0.003,0.0,0.0,0.0,5415.7,0,S2B_MSIL2A_20250421T150719_R082_T19PEP_20250421T184038,Sentinel-2B,18.79,27137,0.003,0.0479,27055,4,79,1.0,0.0708
chikitu_kokolishi,Playa Chikitu to Boka Kokolishi,2025-04-21,observed,0.0031,0.0,0.0,0.0,4357.9,0,S2B_MSIL2A_20250421T150719_R082_T19PEP_20250421T184038,Sentinel-2B,18.79,22273,0.0031,0.0566,22202,5,116,1.0,0.0708
kralendijk,Kralendijk waterfront,2025-04-21,partial,0.3154,0.0,0.0,0.0,4588.0,0,S2B_MSIL2A_20250421T150719_R082_T19PEP_20250421T184038,Sentinel-2B,18.79,17593,0.3154,0.0232,12053,0,8,0.0562,0.0708
willemstoren_sorobon,Willemstoren to Sorobon,2025-04-26,blind,1.0,0.0,0.0,0.0,8744.1,0,S2C_MSIL2A_20250426T150741_R082_T19PEP_20250426T211715,Sentinel-2C,99.96,45443,1.0,,0,0,0,,1.0
lac_bay,Lac Bay,2025-04-26,blind,1.0,0.0,0.0,0.0,8366.5,0,S2C_MSIL2A_20250426T150741_R082_T19PEP_20250426T211715,Sentinel-2C,99.96,39336,1.0,,0,0,0,,1.0
cai_washikemba,Cai to Boka Washikemba,2025-04-26,blind,1.0,0.0,0.0,0.0,9927.8,0,S2C_MSIL2A_20250426T150741_R082_T19PEP_20250426T211715,Sentinel-2C,99.96,56022,1.0,,0,0,0,,1.0
washikemba_spelonk,Boka Washikemba to Spelonk,2025-04-26,blind,1.0,0.0,0.0,0.0,7367.7,0,S2C_MSIL2A_20250426T150741_R082_T19PEP_20250426T211715,Sentinel-2C,99.96,27588,1.0,,0,0,0,,1.0
spelonk_onima,Spelonk to Boka Onima,2025-04-26,blind,1.0,0.0,0.0,0.0,15482.3,0,S2C_MSIL2A_20250426T150741_R082_T19PEP_20250426T211715,Sentinel-2C,99.96,75758,1.0,,0,0,0,,1.0
onima_chikitu,Boka Onima to Playa Chikitu,2025-04-26,blind,1.0,0.0,0.0,0.0,5415.7,0,S2C_MSIL2A_20250426T150741_R082_T19PEP_20250426T211715,Sentinel-2C,99.96,27137,1.0,,0,0,0,,1.0
chikitu_kokolishi,Playa Chikitu to Boka Kokolishi,2025-04-26,blind,1.0,0.0,0.0,0.0,4357.9,0,S2C_MSIL2A_20250426T150741_R082_T19PEP_20250426T211715,Sentinel-2C,99.96,22273,1.0,,0,0,0,,1.0
kralendijk,Kralendijk waterfront,2025-04-26,blind,1.0,0.0,0.0,0.0,4588.0,0,S2C_MSIL2A_20250426T150741_R082_T19PEP_20250426T211715,Sentinel-2C,99.96,17593,1.0,,0,0,0,,1.0
willemstoren_sorobon,Willemstoren to Sorobon,2025-04-28,blind,1.0,0.0,0.0,0.0,8744.1,0,S2A_MSIL2A_20250428T150941_R082_T19PEP_20250429T001013,Sentinel-2A,98.68,45443,1.0,,0,0,0,,1.0
lac_bay,Lac Bay,2025-04-28,blind,1.0,0.0,0.0,0.0,8366.5,0,S2A_MSIL2A_20250428T150941_R082_T19PEP_20250429T001013,Sentinel-2A,98.68,39336,1.0,,0,0,0,,1.0
cai_washikemba,Cai to Boka Washikemba,2025-04-28,blind,1.0,0.0,0.0,0.0,9927.8,0,S2A_MSIL2A_20250428T150941_R082_T19PEP_20250429T001013,Sentinel-2A,98.68,56022,1.0,,0,0,0,,1.0
washikemba_spelonk,Boka Washikemba to Spelonk,2025-04-28,blind,1.0,0.0,0.0,0.0,7367.7,0,S2A_MSIL2A_20250428T150941_R082_T19PEP_20250429T001013,Sentinel-2A,98.68,27588,1.0,,0,0,0,,1.0
spelonk_onima,Spelonk to Boka Onima,2025-04-28,blind,1.0,0.0,0.0,0.0,15482.3,0,S2A_MSIL2A_20250428T150941_R082_T19PEP_20250429T001013,Sentinel-2A,98.68,75758,1.0,,0,0,0,,1.0
onima_chikitu,Boka Onima to Playa Chikitu,2025-04-28,blind,1.0,0.0,0.0,0.0,5415.7,0,S2A_MSIL2A_20250428T150941_R082_T19PEP_20250429T001013,Sentinel-2A,98.68,27137,1.0,,0,0,0,,1.0
chikitu_kokolishi,Playa Chikitu to Boka Kokolishi,2025-04-28,blind,1.0,0.0,0.0,0.0,4357.9,0,S2A_MSIL2A_20250428T150941_R082_T19PEP_20250429T001013,Sentinel-2A,98.68,22273,1.0,,0,0,0,,1.0
kralendijk,Kralendijk waterfront,2025-04-28,blind,1.0,0.0,0.0,0.0,4588.0,0,S2A_MSIL2A_20250428T150941_R082_T19PEP_20250429T001013,Sentinel-2A,98.68,17593,1.0,,0,0,0,,1.0
willemstoren_sorobon,Willemstoren to Sorobon,2025-05-01,blind,1.0,0.0,0.0,0.0,8744.1,0,S2B_MSIL2A_20250501T150719_R082_T19PEP_20250501T183953,Sentinel-2B,60.48,45443,1.0,,0,0,0,,0.9981
lac_bay,Lac Bay,2025-05-01,blind,1.0,0.0,0.0,0.0,8366.5,0,S2B_MSIL2A_20250501T150719_R082_T19PEP_20250501T183953,Sentinel-2B,60.48,39336,1.0,,0,0,0,,0.9981
cai_washikemba,Cai to Boka Washikemba,2025-05-01,blind,1.0,0.0,0.0,0.0,9927.8,0,S2B_MSIL2A_20250501T150719_R082_T19PEP_20250501T183953,Sentinel-2B,60.48,56022,1.0,,0,0,0,,0.9981
washikemba_spelonk,Boka Washikemba to Spelonk,2025-05-01,blind,0.9993,0.0,0.0,0.0,7367.7,0,S2B_MSIL2A_20250501T150719_R082_T19PEP_20250501T183953,Sentinel-2B,60.48,27588,0.9993,0.2,20,0,0,0.0,0.9981
spelonk_onima,Spelonk to Boka Onima,2025-05-01,blind,0.9993,0.0,0.0,0.0,15482.3,0,S2B_MSIL2A_20250501T150719_R082_T19PEP_20250501T183953,Sentinel-2B,60.48,75758,0.9993,0.3393,56,0,0,0.0,0.9981
onima_chikitu,Boka Onima to Playa Chikitu,2025-05-01,blind,0.991,0.0,0.0,0.0,5415.7,0,S2B_MSIL2A_20250501T150719_R082_T19PEP_20250501T183953,Sentinel-2B,60.48,27137,0.991,0.6831,243,0,1,0.0562,0.9981
chikitu_kokolishi,Playa Chikitu to Boka Kokolishi,2025-05-01,blind,0.979,0.0,0.0,0.0,4357.9,0,S2B_MSIL2A_20250501T150719_R082_T19PEP_20250501T183953,Sentinel-2B,60.48,22273,0.979,0.5833,468,0,1,0.0562,0.9981
kralendijk,Kralendijk waterfront,2025-05-01,blind,1.0,0.0,0.0,0.0,4588.0,0,S2B_MSIL2A_20250501T150719_R082_T19PEP_20250501T183953,Sentinel-2B,60.48,17593,1.0,,0,0,0,,0.9981
willemstoren_sorobon,Willemstoren to Sorobon,2025-05-06,partial,0.4157,0.0,0.0,0.0,8744.1,0,S2C_MSIL2A_20250506T150741_R082_T19PEP_20250506T201416,Sentinel-2C,27.06,45443,0.4157,0.0188,26543,0,8,0.4,0.2829
lac_bay,Lac Bay,2025-05-06,blind,0.9177,0.0,0.0,0.0,8366.5,0,S2C_MSIL2A_20250506T150741_R082_T19PEP_20250506T201416,Sentinel-2C,27.06,39336,0.9177,0.7245,3212,0,578,0.0562,0.2829
cai_washikemba,Cai to Boka Washikemba,2025-05-06,partial,0.3265,0.0,0.0,0.0,9927.8,0,S2C_MSIL2A_20250506T150741_R082_T19PEP_20250506T201416,Sentinel-2C,27.06,56022,0.3265,0.8044,37699,0,1714,0.0642,0.2829
washikemba_spelonk,Boka Washikemba to Spelonk,2025-05-06,partial,0.3291,0.0,0.0,0.0,7367.7,0,S2C_MSIL2A_20250506T150741_R082_T19PEP_20250506T201416,Sentinel-2C,27.06,27588,0.3291,0.8391,18456,0,1668,0.0562,0.2829
spelonk_onima,Spelonk to Boka Onima,2025-05-06,observed,0.0403,0.0,0.0,0.0,15482.3,0,S2C_MSIL2A_20250506T150741_R082_T19PEP_20250506T201416,Sentinel-2C,27.06,75758,0.0403,0.2378,72694,0,147,0.3125,0.2829
onima_chikitu,Boka Onima to Playa Chikitu,2025-05-06,observed,0.1442,0.0,0.0,0.0,5415.7,0,S2C_MSIL2A_20250506T150741_R082_T19PEP_20250506T201416,Sentinel-2C,27.06,27137,0.1442,0.543,23163,0,280,0.3125,0.2829
chikitu_kokolishi,Playa Chikitu to Boka Kokolishi,2025-05-06,observed,0.0671,0.0,0.0,0.0,4357.9,0,S2C_MSIL2A_20250506T150741_R082_T19PEP_20250506T201416,Sentinel-2C,27.06,22273,0.0671,0.7049,20763,0,541,0.0562,0.2829
kralendijk,Kralendijk waterfront,2025-05-06,partial,0.2557,0.0,0.0,0.0,4588.0,0,S2C_MSIL2A_20250506T150741_R082_T19PEP_20250506T201416,Sentinel-2C,27.06,17593,0.2557,0.0611,13100,0,8,0.0562,0.2829
willemstoren_sorobon,Willemstoren to Sorobon,2025-05-08,observed,0.1148,0.0,0.0,0.0,8744.1,0,S2A_MSIL2A_20250508T150731_R082_T19PEP_20250508T214213,Sentinel-2A,57.4,45443,0.1148,0.0231,40212,0,2,0.1071,0.6679
lac_bay,Lac Bay,2025-05-08,partial,0.31,0.00085,7000.0,1064.7,8366.5,1,S2A_MSIL2A_20250508T150731_R082_T19PEP_20250508T214213,Sentinel-2A,57.4,39336,0.31,0.2632,27053,48,2271,1.0,0.6679
cai_washikemba,Cai to Boka Washikemba,2025-05-08,partial,0.4712,0.0,0.0,0.0,9927.8,0,S2A_MSIL2A_20250508T150731_R082_T19PEP_20250508T214213,Sentinel-2A,57.4,56022,0.4712,0.1042,29544,9,298,1.0,0.6679
washikemba_spelonk,Boka Washikemba to Spelonk,2025-05-08,blind,0.7459,0.0,0.0,0.0,7367.7,0,S2A_MSIL2A_20250508T150731_R082_T19PEP_20250508T214213,Sentinel-2A,57.4,27588,0.7459,0.3587,7000,0,70,0.4737,0.6679
spelonk_onima,Spelonk to Boka Onima,2025-05-08,blind,1.0,0.0,0.0,0.0,15482.3,0,S2A_MSIL2A_20250508T150731_R082_T19PEP_20250508T214213,Sentinel-2A,57.4,75758,1.0,,0,0,0,,0.6679
onima_chikitu,Boka Onima to Playa Chikitu,2025-05-08,blind,1.0,0.0,0.0,0.0,5415.7,0,S2A_MSIL2A_20250508T150731_R082_T19PEP_20250508T214213,Sentinel-2A,57.4,27137,1.0,,0,0,0,,0.6679
chikitu_kokolishi,Playa Chikitu to Boka Kokolishi,2025-05-08,blind,1.0,0.0,0.0,0.0,4357.9,0,S2A_MSIL2A_20250508T150731_R082_T19PEP_20250508T214213,Sentinel-2A,57.4,22273,1.0,,0,0,0,,0.6679
kralendijk,Kralendijk waterfront,2025-05-08,blind,0.9955,0.0,0.0,0.0,4588.0,0,S2A_MSIL2A_20250508T150731_R082_T19PEP_20250508T214213,Sentinel-2A,57.4,17593,0.9955,0.4875,80,0,0,0.0004,0.6679
willemstoren_sorobon,Willemstoren to Sorobon,2025-05-11,observed,0.1279,0.0,0.0,0.0,8744.1,0,S2B_MSIL2A_20250511T150719_R082_T19PEP_20250511T184208,Sentinel-2B,20.09,45443,0.1279,0.0388,39580,0,10,0.4471,0.0733
lac_bay,Lac Bay,2025-05-11,partial,0.2598,0.000364,3000.0,818.3,8366.5,1,S2B_MSIL2A_20250511T150719_R082_T19PEP_20250511T184208,Sentinel-2B,20.09,39336,0.2598,0.3126,29143,34,3670,1.0,0.0733
cai_washikemba,Cai to Boka Washikemba,2025-05-11,observed,0.0618,0.000285,3000.0,464.0,9927.8,1,S2B_MSIL2A_20250511T150719_R082_T19PEP_20250511T184208,Sentinel-2B,20.09,56022,0.0618,0.0432,52544,20,393,1.0,0.0733
washikemba_spelonk,Boka Washikemba to Spelonk,2025-05-11,observed,0.0128,0.0,0.0,0.0,7367.7,0,S2B_MSIL2A_20250511T150719_R082_T19PEP_20250511T184208,Sentinel-2B,20.09,27588,0.0128,0.1293,27230,1,513,1.0,0.0733
spelonk_onima,Spelonk to Boka Onima,2025-05-11,observed,0.005,0.0,0.0,0.0,15482.3,0,S2B_MSIL2A_20250511T150719_R082_T19PEP_20250511T184208,Sentinel-2B,20.09,75758,0.005,0.054,75372,0,265,0.7,0.0733
onima_chikitu,Boka Onima to Playa Chikitu,2025-05-11,observed,0.0053,0.0,0.0,0.0,5415.7,0,S2B_MSIL2A_20250511T150719_R082_T19PEP_20250511T184208,Sentinel-2B,20.09,27137,0.0053,0.0419,26991,0,100,0.4471,0.0733
chikitu_kokolishi,Playa Chikitu to Boka Kokolishi,2025-05-11,observed,0.0043,0.0,0.0,0.0,4357.9,0,S2B_MSIL2A_20250511T150719_R082_T19PEP_20250511T184208,Sentinel-2B,20.09,22273,0.0043,0.0522,22175,0,143,0.4471,0.0733
kralendijk,Kralendijk waterfront,2025-05-11,partial,0.2989,0.0,0.0,0.0,4588.0,0,S2B_MSIL2A_20250511T150719_R082_T19PEP_20250511T184208,Sentinel-2B,20.09,17593,0.2989,0.0807,12342,0,2,0.0562,0.0733
willemstoren_sorobon,Willemstoren to Sorobon,2025-05-16,partial,0.3079,0.0,0.0,0.0,8744.1,0,S2C_MSIL2A_20250516T150741_R082_T19PEP_20250516T201412,Sentinel-2C,71.57,45443,0.3079,0.0217,31470,0,36,0.1165,0.2776
lac_bay,Lac Bay,2025-05-16,partial,0.4451,0.0,0.0,0.0,8366.5,0,S2C_MSIL2A_20250516T150741_R082_T19PEP_20250516T201412,Sentinel-2C,71.57,39336,0.4451,0.2757,21768,0,1529,0.4471,0.2776
cai_washikemba,Cai to Boka Washikemba,2025-05-16,observed,0.0707,0.0,0.0,0.0,9927.8,0,S2C_MSIL2A_20250516T150741_R082_T19PEP_20250516T201412,Sentinel-2C,71.57,56022,0.0707,0.0375,52059,0,70,0.4471,0.2776
washikemba_spelonk,Boka Washikemba to Spelonk,2025-05-16,observed,0.0349,0.0,0.0,0.0,7367.7,0,S2C_MSIL2A_20250516T150741_R082_T19PEP_20250516T201412,Sentinel-2C,71.57,27588,0.0349,0.149,26612,0,27,0.1165,0.2776
spelonk_onima,Spelonk to Boka Onima,2025-05-16,observed,0.1997,0.0,0.0,0.0,15482.3,0,S2C_MSIL2A_20250516T150741_R082_T19PEP_20250516T201412,Sentinel-2C,71.57,75758,0.1997,0.1085,60494,0,81,0.0562,0.2776
onima_chikitu,Boka Onima to Playa Chikitu,2025-05-16,observed,0.0764,0.0,0.0,0.0,5415.7,0,S2C_MSIL2A_20250516T150741_R082_T19PEP_20250516T201412,Sentinel-2C,71.57,27137,0.0764,0.0233,25041,0,2,0.0562,0.2776
chikitu_kokolishi,Playa Chikitu to Boka Kokolishi,2025-05-16,blind,0.7407,0.0,0.0,0.0,4357.9,0,S2C_MSIL2A_20250516T150741_R082_T19PEP_20250516T201412,Sentinel-2C,71.57,22273,0.7407,0.0627,5674,0,3,0.1935,0.2776
kralendijk,Kralendijk waterfront,2025-05-16,blind,0.8721,0.0,0.0,0.0,4588.0,0,S2C_MSIL2A_20250516T150741_R082_T19PEP_20250516T201412,Sentinel-2C,71.57,17593,0.8721,0.0552,2263,0,3,0.0562,0.2776
willemstoren_sorobon,Willemstoren to Sorobon,2025-05-18,blind,1.0,0.0,0.0,0.0,8744.1,0,S2A_MSIL2A_20250518T150941_R082_T19PEP_20250518T192803,Sentinel-2A,97.05,45443,1.0,,0,0,0,,1.0
lac_bay,Lac Bay,2025-05-18,blind,1.0,0.0,0.0,0.0,8366.5,0,S2A_MSIL2A_20250518T150941_R082_T19PEP_20250518T192803,Sentinel-2A,97.05,39336,1.0,,0,0,0,,1.0
cai_washikemba,Cai to Boka Washikemba,2025-05-18,blind,1.0,0.0,0.0,0.0,9927.8,0,S2A_MSIL2A_20250518T150941_R082_T19PEP_20250518T192803,Sentinel-2A,97.05,56022,1.0,,0,0,0,,1.0
washikemba_spelonk,Boka Washikemba to Spelonk,2025-05-18,blind,1.0,0.0,0.0,0.0,7367.7,0,S2A_MSIL2A_20250518T150941_R082_T19PEP_20250518T192803,Sentinel-2A,97.05,27588,1.0,,0,0,0,,1.0
spelonk_onima,Spelonk to Boka Onima,2025-05-18,blind,1.0,0.0,0.0,0.0,15482.3,0,S2A_MSIL2A_20250518T150941_R082_T19PEP_20250518T192803,Sentinel-2A,97.05,75758,1.0,,0,0,0,,1.0
onima_chikitu,Boka Onima to Playa Chikitu,2025-05-18,blind,1.0,0.0,0.0,0.0,5415.7,0,S2A_MSIL2A_20250518T150941_R082_T19PEP_20250518T192803,Sentinel-2A,97.05,27137,1.0,,0,0,0,,1.0
chikitu_kokolishi,Playa Chikitu to Boka Kokolishi,2025-05-18,blind,1.0,0.0,0.0,0.0,4357.9,0,S2A_MSIL2A_20250518T150941_R082_T19PEP_20250518T192803,Sentinel-2A,97.05,22273,1.0,,0,0,0,,1.0
kralendijk,Kralendijk waterfront,2025-05-18,blind,1.0,0.0,0.0,0.0,4588.0,0,S2A_MSIL2A_20250518T150941_R082_T19PEP_20250518T192803,Sentinel-2A,97.05,17593,1.0,,0,0,0,,1.0
willemstoren_sorobon,Willemstoren to Sorobon,2025-05-21,partial,0.2921,0.0,0.0,0.0,8744.1,0,S2B_MSIL2A_20250521T150719_R082_T19PEP_20250521T184503,Sentinel-2B,24.61,45443,0.2921,0.0075,32116,0,1,0.0562,0.2496
lac_bay,Lac Bay,2025-05-21,partial,0.5353,0.0,0.0,0.0,8366.5,0,S2B_MSIL2A_20250521T150719_R082_T19PEP_20250521T184503,Sentinel-2B,24.61,39336,0.5353,0.1312,18240,0,575,0.4737,0.2496
cai_washikemba,Cai to Boka Washikemba,2025-05-21,partial,0.2911,0.0,0.0,0.0,9927.8,0,S2B_MSIL2A_20250521T150719_R082_T19PEP_20250521T184503,Sentinel-2B,24.61,56022,0.2911,0.0567,39707,0,81,0.4471,0.2496
washikemba_spelonk,Boka Washikemba to Spelonk,2025-05-21,observed,0.03,0.0,0.0,0.0,7367.7,0,S2B_MSIL2A_20250521T150719_R082_T19PEP_20250521T184503,Sentinel-2B,24.61,27588,0.03,0.1598,26753,0,17,0.119,0.2496
spelonk_onima,Spelonk to Boka Onima,2025-05-21,observed,0.1336,0.0,0.0,0.0,15482.3,0,S2B_MSIL2A_20250521T150719_R082_T19PEP_20250521T184503,Sentinel-2B,24.61,75758,0.1336,0.0722,65616,0,87,0.0562,0.2496
onima_chikitu,Boka Onima to Playa Chikitu,2025-05-21,observed,0.081,0.0,0.0,0.0,5415.7,0,S2B_MSIL2A_20250521T150719_R082_T19PEP_20250521T184503,Sentinel-2B,24.61,27137,0.081,0.0202,24942,0,0,0.018,0.2496
chikitu_kokolishi,Playa Chikitu to Boka Kokolishi,2025-05-21,observed,0.0054,0.0,0.0,0.0,4357.9,0,S2B_MSIL2A_20250521T150719_R082_T19PEP_20250521T184503,Sentinel-2B,24.61,22273,0.0054,0.0185,22151,0,0,0.0006,0.2496
kralendijk,Kralendijk waterfront,2025-05-21,blind,0.728,0.0,0.0,0.0,4588.0,0,S2B_MSIL2A_20250521T150719_R082_T19PEP_20250521T184503,Sentinel-2B,24.61,17593,0.728,0.0598,4799,0,2,0.0562,0.2496
willemstoren_sorobon,Willemstoren to Sorobon,2025-05-26,observed,0.1072,0.0,0.0,0.0,8744.1,0,S2C_MSIL2A_20250526T150741_R082_T19PEP_20250526T214319,Sentinel-2C,15.75,45443,0.1072,0.0346,40557,0,4,0.0562,0.067
lac_bay,Lac Bay,2025-05-26,partial,0.3166,0.0,0.0,0.0,8366.5,0,S2C_MSIL2A_20250526T150741_R082_T19PEP_20250526T214319,Sentinel-2C,15.75,39336,0.3166,0.3209,26862,0,3112,0.4737,0.067
cai_washikemba,Cai to Boka Washikemba,2025-05-26,observed,0.0588,0.0,0.0,0.0,9927.8,0,S2C_MSIL2A_20250526T150741_R082_T19PEP_20250526T214319,Sentinel-2C,15.75,56022,0.0588,0.1527,52725,0,41,0.4471,0.067
washikemba_spelonk,Boka Washikemba to Spelonk,2025-05-26,observed,0.0166,0.0,0.0,0.0,7367.7,0,S2C_MSIL2A_20250526T150741_R082_T19PEP_20250526T214319,Sentinel-2C,15.75,27588,0.0166,0.4008,27123,0,6,0.4471,0.067
spelonk_onima,Spelonk to Boka Onima,2025-05-26,observed,0.0053,0.0,0.0,0.0,15482.3,0,S2C_MSIL2A_20250526T150741_R082_T19PEP_20250526T214319,Sentinel-2C,15.75,75758,0.0053,0.2784,75359,0,4,0.0562,0.067
onima_chikitu,Boka Onima to Playa Chikitu,2025-05-26,observed,0.0103,0.0,0.0,0.0,5415.7,0,S2C_MSIL2A_20250526T150741_R082_T19PEP_20250526T214319,Sentinel-2C,15.75,27137,0.0103,0.121,26853,0,4,0.1165,0.067
chikitu_kokolishi,Playa Chikitu to Boka Kokolishi,2025-05-26,observed,0.0086,0.0,0.0,0.0,4357.9,0,S2C_MSIL2A_20250526T150741_R082_T19PEP_20250526T214319,Sentinel-2C,15.75,22273,0.0086,0.1322,22080,0,1,0.0562,0.067
kralendijk,Kralendijk waterfront,2025-05-26,observed,0.1361,0.0,0.0,0.0,4588.0,0,S2C_MSIL2A_20250526T150741_R082_T19PEP_20250526T214319,Sentinel-2C,15.75,17593,0.1361,0.2024,15229,0,5,0.1071,0.067
willemstoren_sorobon,Willemstoren to Sorobon,2025-05-28,blind,1.0,0.0,0.0,0.0,8744.1,0,S2A_MSIL2A_20250528T150741_R082_T19PEP_20250528T214014,Sentinel-2A,92.22,45443,1.0,,0,0,0,,0.8282
lac_bay,Lac Bay,2025-05-28,blind,1.0,0.0,0.0,0.0,8366.5,0,S2A_MSIL2A_20250528T150741_R082_T19PEP_20250528T214014,Sentinel-2A,92.22,39336,1.0,,0,0,0,,0.8282
cai_washikemba,Cai to Boka Washikemba,2025-05-28,blind,0.9995,0.0,0.0,0.0,9927.8,0,S2A_MSIL2A_20250528T150741_R082_T19PEP_20250528T214014,Sentinel-2A,92.22,56022,0.9995,0.76,25,0,0,0.0001,0.8282
washikemba_spelonk,Boka Washikemba to Spelonk,2025-05-28,blind,0.9986,0.0,0.0,0.0,7367.7,0,S2A_MSIL2A_20250528T150741_R082_T19PEP_20250528T214014,Sentinel-2A,92.22,27588,0.9986,0.825,40,0,0,0.0002,0.8282
spelonk_onima,Spelonk to Boka Onima,2025-05-28,partial,0.6869,0.0,0.0,0.0,15482.3,0,S2A_MSIL2A_20250528T150741_R082_T19PEP_20250528T214014,Sentinel-2A,92.22,75758,0.6869,0.3126,23740,0,0,0.0006,0.8282
onima_chikitu,Boka Onima to Playa Chikitu,2025-05-28,partial,0.3259,0.0,0.0,0.0,5415.7,0,S2A_MSIL2A_20250528T150741_R082_T19PEP_20250528T214014,Sentinel-2A,92.22,27137,0.3259,0.3338,18219,0,0,0.0001,0.8282
chikitu_kokolishi,Playa Chikitu to Boka Kokolishi,2025-05-28,partial,0.5617,0.0,0.0,0.0,4357.9,0,S2A_MSIL2A_20250528T150741_R082_T19PEP_20250528T214014,Sentinel-2A,92.22,22273,0.5617,0.3243,9766,0,0,0.0001,0.8282
kralendijk,Kralendijk waterfront,2025-05-28,blind,1.0,0.0,0.0,0.0,4588.0,0,S2A_MSIL2A_20250528T150741_R082_T19PEP_20250528T214014,Sentinel-2A,92.22,17593,1.0,,0,0,0,,0.8282
willemstoren_sorobon,Willemstoren to Sorobon,2025-05-31,blind,0.8412,0.0,0.0,0.0,8744.1,0,S2B_MSIL2A_20250531T150719_R082_T19PEP_20250531T183226,Sentinel-2B,94.88,45443,0.8412,0.0003,7219,0,0,0.0002,0.9745
lac_bay,Lac Bay,2025-05-31,blind,1.0,0.0,0.0,0.0,8366.5,0,S2B_MSIL2A_20250531T150719_R082_T19PEP_20250531T183226,Sentinel-2B,94.88,39336,1.0,,0,0,0,,0.9745
cai_washikemba,Cai to Boka Washikemba,2025-05-31,blind,1.0,0.0,0.0,0.0,9927.8,0,S2B_MSIL2A_20250531T150719_R082_T19PEP_20250531T183226,Sentinel-2B,94.88,56022,1.0,,0,0,0,,0.9745
washikemba_spelonk,Boka Washikemba to Spelonk,2025-05-31,blind,1.0,0.0,0.0,0.0,7367.7,0,S2B_MSIL2A_20250531T150719_R082_T19PEP_20250531T183226,Sentinel-2B,94.88,27588,1.0,,0,0,0,,0.9745
spelonk_onima,Spelonk to Boka Onima,2025-05-31,blind,1.0,0.0,0.0,0.0,15482.3,0,S2B_MSIL2A_20250531T150719_R082_T19PEP_20250531T183226,Sentinel-2B,94.88,75758,1.0,,0,0,0,,0.9745
onima_chikitu,Boka Onima to Playa Chikitu,2025-05-31,blind,1.0,0.0,0.0,0.0,5415.7,0,S2B_MSIL2A_20250531T150719_R082_T19PEP_20250531T183226,Sentinel-2B,94.88,27137,1.0,,0,0,0,,0.9745
chikitu_kokolishi,Playa Chikitu to Boka Kokolishi,2025-05-31,blind,1.0,0.0,0.0,0.0,4357.9,0,S2B_MSIL2A_20250531T150719_R082_T19PEP_20250531T183226,Sentinel-2B,94.88,22273,1.0,,0,0,0,,0.9745
kralendijk,Kralendijk waterfront,2025-05-31,blind,1.0,0.0,0.0,0.0,4588.0,0,S2B_MSIL2A_20250531T150719_R082_T19PEP_20250531T183226,Sentinel-2B,94.88,17593,1.0,,0,0,0,,0.9745
willemstoren_sorobon,Willemstoren to Sorobon,2025-06-05,observed,0.1561,0.0,0.0,0.0,8744.1,0,S2C_MSIL2A_20250605T150741_R082_T19PEP_20250605T193611,Sentinel-2C,14.28,45443,0.1561,0.0175,38349,0,0,0.0039,0.1974
lac_bay,Lac Bay,2025-06-05,partial,0.2689,0.0,0.0,0.0,8366.5,0,S2C_MSIL2A_20250605T150741_R082_T19PEP_20250605T193611,Sentinel-2C,14.28,39336,0.2689,0.2613,28710,6,2267,1.0,0.1974
cai_washikemba,Cai to Boka Washikemba,2025-06-05,observed,0.0717,0.0,0.0,0.0,9927.8,0,S2C_MSIL2A_20250605T150741_R082_T19PEP_20250605T193611,Sentinel-2C,14.28,56022,0.0717,0.1145,52031,3,318,1.0,0.1974
washikemba_spelonk,Boka Washikemba to Spelonk,2025-06-05,observed,0.0332,0.0,0.0,0.0,7367.7,0,S2C_MSIL2A_20250605T150741_R082_T19PEP_20250605T193611,Sentinel-2C,14.28,27588,0.0332,0.1461,26680,0,91,0.1935,0.1974
spelonk_onima,Spelonk to Boka Onima,2025-06-05,observed,0.007,0.0,0.0,0.0,15482.3,0,S2C_MSIL2A_20250605T150741_R082_T19PEP_20250605T193611,Sentinel-2C,14.28,75758,0.007,0.0698,75225,0,61,0.1765,0.1974
onima_chikitu,Boka Onima to Playa Chikitu,2025-06-05,partial,0.674,0.0,0.0,0.0,5415.7,0,S2C_MSIL2A_20250605T150741_R082_T19PEP_20250605T193611,Sentinel-2C,14.28,27137,0.674,0.041,8836,0,30,0.119,0.1974
chikitu_kokolishi,Playa Chikitu to Boka Kokolishi,2025-06-05,blind,0.804,0.0,0.0,0.0,4357.9,0,S2C_MSIL2A_20250605T150741_R082_T19PEP_20250605T193611,Sentinel-2C,14.28,22273,0.804,0.0768,4286,0,2,0.0562,0.1974
kralendijk,Kralendijk waterfront,2025-06-05,observed,0.1695,0.0,0.0,0.0,4588.0,0,S2C_MSIL2A_20250605T150741_R082_T19PEP_20250605T193611,Sentinel-2C,14.28,17593,0.1695,0.2463,14591,0,19,0.0562,0.1974
willemstoren_sorobon,Willemstoren to Sorobon,2025-06-07,observed,0.0985,0.0,0.0,0.0,8744.1,0,S2A_MSIL2A_20250607T150941_R082_T19PEP_20250607T213812,Sentinel-2A,22.0,45443,0.0985,0.0045,40953,0,5,0.119,0.1632
lac_bay,Lac Bay,2025-06-07,partial,0.5385,7.3e-05,600.0,941.7,8366.5,1,S2A_MSIL2A_20250607T150941_R082_T19PEP_20250607T213812,Sentinel-2A,22.0,39336,0.5385,0.4359,18220,30,3254,1.0,0.1632
cai_washikemba,Cai to Boka Washikemba,2025-06-07,partial,0.3606,0.0,0.0,0.0,9927.8,0,S2A_MSIL2A_20250607T150941_R082_T19PEP_20250607T213812,Sentinel-2A,22.0,56022,0.3606,0.0265,35839,0,93,0.4471,0.1632
washikemba_spelonk,Boka Washikemba to Spelonk,2025-06-07,observed,0.0575,0.0,0.0,0.0,7367.7,0,S2A_MSIL2A_20250607T150941_R082_T19PEP_20250607T213812,Sentinel-2A,22.0,27588,0.0575,0.1028,25980,0,131,0.4737,0.1632
spelonk_onima,Spelonk to Boka Onima,2025-06-07,observed,0.0545,0.0,0.0,0.0,15482.3,0,S2A_MSIL2A_20250607T150941_R082_T19PEP_20250607T213812,Sentinel-2A,22.0,75758,0.0545,0.0373,71588,0,69,0.4471,0.1632
onima_chikitu,Boka Onima to Playa Chikitu,2025-06-07,observed,0.0036,0.0,0.0,0.0,5415.7,0,S2A_MSIL2A_20250607T150941_R082_T19PEP_20250607T213812,Sentinel-2A,22.0,27137,0.0036,0.0154,27039,0,28,0.4471,0.1632
chikitu_kokolishi,Playa Chikitu to Boka Kokolishi,2025-06-07,observed,0.0034,0.0,0.0,0.0,4357.9,0,S2A_MSIL2A_20250607T150941_R082_T19PEP_20250607T213812,Sentinel-2A,22.0,22273,0.0034,0.1058,22195,3,48,1.0,0.1632
kralendijk,Kralendijk waterfront,2025-06-07,partial,0.4831,0.0,0.0,0.0,4588.0,0,S2A_MSIL2A_20250607T150941_R082_T19PEP_20250607T213812,Sentinel-2A,22.0,17593,0.4831,0.0544,9096,0,2,0.0562,0.1632
willemstoren_sorobon,Willemstoren to Sorobon,2025-06-10,blind,1.0,0.0,0.0,0.0,8744.1,0,S2B_MSIL2A_20250610T150719_R082_T19PEP_20250610T184805,Sentinel-2B,76.15,45443,1.0,,0,0,0,,0.8647
lac_bay,Lac Bay,2025-06-10,blind,1.0,0.0,0.0,0.0,8366.5,0,S2B_MSIL2A_20250610T150719_R082_T19PEP_20250610T184805,Sentinel-2B,76.15,39336,1.0,,0,0,0,,0.8647
cai_washikemba,Cai to Boka Washikemba,2025-06-10,blind,0.8539,0.0,0.0,0.0,9927.8,0,S2B_MSIL2A_20250610T150719_R082_T19PEP_20250610T184805,Sentinel-2B,76.15,56022,0.8539,0.0439,8227,0,4,0.0562,0.8647
washikemba_spelonk,Boka Washikemba to Spelonk,2025-06-10,partial,0.4616,0.0,0.0,0.0,7367.7,0,S2B_MSIL2A_20250610T150719_R082_T19PEP_20250610T184805,Sentinel-2B,76.15,27588,0.4616,0.0665,14845,0,1,0.0562,0.8647
spelonk_onima,Spelonk to Boka Onima,2025-06-10,blind,0.789,0.0,0.0,0.0,15482.3,0,S2B_MSIL2A_20250610T150719_R082_T19PEP_20250610T184805,Sentinel-2B,76.15,75758,0.789,0.0464,15818,0,0,0.0004,0.8647
onima_chikitu,Boka Onima to Playa Chikitu,2025-06-10,blind,0.859,0.0,0.0,0.0,5415.7,0,S2B_MSIL2A_20250610T150719_R082_T19PEP_20250610T184805,Sentinel-2B,76.15,27137,0.859,0.0141,3822,0,0,0.0006,0.8647
chikitu_kokolishi,Playa Chikitu to Boka Kokolishi,2025-06-10,blind,0.8807,0.0,0.0,0.0,4357.9,0,S2B_MSIL2A_20250610T150719_R082_T19PEP_20250610T184805,Sentinel-2B,76.15,22273,0.8807,0.005,2623,0,0,0.0,0.8647
kralendijk,Kralendijk waterfront,2025-06-10,blind,1.0,0.0,0.0,0.0,4588.0,0,S2B_MSIL2A_20250610T150719_R082_T19PEP_20250610T184805,Sentinel-2B,76.15,17593,1.0,,0,0,0,,0.8647
willemstoren_sorobon,Willemstoren to Sorobon,2025-06-15,partial,0.5365,0.0,0.0,0.0,8744.1,0,S2C_MSIL2A_20250615T150741_R082_T19PEP_20250615T201416,Sentinel-2C,40.18,45443,0.5365,0.0001,21036,0,0,0.0002,0.6742
lac_bay,Lac Bay,2025-06-15,blind,0.9584,0.0,0.0,0.0,8366.5,0,S2C_MSIL2A_20250615T150741_R082_T19PEP_20250615T201416,Sentinel-2C,40.18,39336,0.9584,0.0653,1653,0,0,0.0004,0.6742
cai_washikemba,Cai to Boka Washikemba,2025-06-15,blind,0.9966,0.0,0.0,0.0,9927.8,0,S2C_MSIL2A_20250615T150741_R082_T19PEP_20250615T201416,Sentinel-2C,40.18,56022,0.9966,0.288,191,0,0,0.0,0.6742
washikemba_spelonk,Boka Washikemba to Spelonk,2025-06-15,blind,0.9718,0.0,0.0,0.0,7367.7,0,S2C_MSIL2A_20250615T150741_R082_T19PEP_20250615T201416,Sentinel-2C,40.18,27588,0.9718,0.7674,774,0,0,0.0,0.6742
spelonk_onima,Spelonk to Boka Onima,2025-06-15,partial,0.5079,0.0,0.0,0.0,15482.3,0,S2C_MSIL2A_20250615T150741_R082_T19PEP_20250615T201416,Sentinel-2C,40.18,75758,0.5079,0.2638,37116,0,18,0.0562,0.6742
onima_chikitu,Boka Onima to Playa Chikitu,2025-06-15,partial,0.2054,0.0,0.0,0.0,5415.7,0,S2C_MSIL2A_20250615T150741_R082_T19PEP_20250615T201416,Sentinel-2C,40.18,27137,0.2054,0.0337,21536,0,5,0.0562,0.6742
chikitu_kokolishi,Playa Chikitu to Boka Kokolishi,2025-06-15,partial,0.4738,0.0,0.0,0.0,4357.9,0,S2C_MSIL2A_20250615T150741_R082_T19PEP_20250615T201416,Sentinel-2C,40.18,22273,0.4738,0.1999,11743,0,3,0.0562,0.6742
kralendijk,Kralendijk waterfront,2025-06-15,blind,0.9474,0.0,0.0,0.0,4588.0,0,S2C_MSIL2A_20250615T150741_R082_T19PEP_20250615T201416,Sentinel-2C,40.18,17593,0.9474,0.0891,932,0,0,0.0,0.6742
willemstoren_sorobon,Willemstoren to Sorobon,2025-06-17,observed,0.1229,0.0,0.0,0.0,8744.1,0,S2A_MSIL2A_20250617T150731_R082_T19PEP_20250617T215516,Sentinel-2A,9.53,45443,0.1229,0.0135,39837,0,0,0.0039,0.1172
lac_bay,Lac Bay,2025-06-17,observed,0.1379,0.000194,1600.0,532.2,8366.5,1,S2A_MSIL2A_20250617T150731_R082_T19PEP_20250617T215516,Sentinel-2A,9.53,39336,0.1379,0.3116,33913,56,3860,1.0,0.1172
cai_washikemba,Cai to Boka Washikemba,2025-06-17,observed,0.0409,0.000152,1600.0,202.2,9927.8,1,S2A_MSIL2A_20250617T150731_R082_T19PEP_20250617T215516,Sentinel-2A,9.53,56022,0.0409,0.0572,53704,32,563,1.0,0.1172
washikemba_spelonk,Boka Washikemba to Spelonk,2025-06-17,observed,0.1306,0.0,0.0,0.0,7367.7,0,S2A_MSIL2A_20250617T150731_R082_T19PEP_20250617T215516,Sentinel-2A,9.53,27588,0.1306,0.1495,23989,0,156,0.4471,0.1172
spelonk_onima,Spelonk to Boka Onima,2025-06-17,observed,0.1233,0.0,0.0,0.0,15482.3,0,S2A_MSIL2A_20250617T150731_R082_T19PEP_20250617T215516,Sentinel-2A,9.53,75758,0.1233,0.0635,66393,0,14,0.119,0.1172
onima_chikitu,Boka Onima to Playa Chikitu,2025-06-17,partial,0.3609,0.0,0.0,0.0,5415.7,0,S2A_MSIL2A_20250617T150731_R082_T19PEP_20250617T215516,Sentinel-2A,9.53,27137,0.3609,0.1009,17352,0,16,0.1165,0.1172
chikitu_kokolishi,Playa Chikitu to Boka Kokolishi,2025-06-17,observed,0.0638,0.0,0.0,0.0,4357.9,0,S2A_MSIL2A_20250617T150731_R082_T19PEP_20250617T215516,Sentinel-2A,9.53,22273,0.0638,0.0295,20835,0,0,0.0068,0.1172
kralendijk,Kralendijk waterfront,2025-06-17,observed,0.1286,0.0,0.0,0.0,4588.0,0,S2A_MSIL2A_20250617T150731_R082_T19PEP_20250617T215516,Sentinel-2A,9.53,17593,0.1286,0.1361,15364,0,75,0.0562,0.1172
willemstoren_sorobon,Willemstoren to Sorobon,2025-06-20,partial,0.4417,0.0,0.0,0.0,8744.1,0,S2B_MSIL2A_20250620T150719_R082_T19PEP_20250620T202614,Sentinel-2B,32.18,45443,0.4417,0.0012,25290,0,0,0.0002,0.3757
lac_bay,Lac Bay,2025-06-20,partial,0.3252,0.0,0.0,0.0,8366.5,0,S2B_MSIL2A_20250620T150719_R082_T19PEP_20250620T202614,Sentinel-2B,32.18,39336,0.3252,0.3206,26487,1,2647,1.0,0.3757
cai_washikemba,Cai to Boka Washikemba,2025-06-20,partial,0.246,0.0,0.0,0.0,9927.8,0,S2B_MSIL2A_20250620T150719_R082_T19PEP_20250620T202614,Sentinel-2B,32.18,56022,0.246,0.0314,42188,0,57,0.4471,0.3757
washikemba_spelonk,Boka Washikemba to Spelonk,2025-06-20,observed,0.0174,0.0,0.0,0.0,7367.7,0,S2B_MSIL2A_20250620T150719_R082_T19PEP_20250620T202614,Sentinel-2B,32.18,27588,0.0174,0.0569,27100,0,37,0.4471,0.3757
spelonk_onima,Spelonk to Boka Onima,2025-06-20,partial,0.5388,0.0,0.0,0.0,15482.3,0,S2B_MSIL2A_20250620T150719_R082_T19PEP_20250620T202614,Sentinel-2B,32.18,75758,0.5388,0.0533,34921,0,38,0.0562,0.3757
onima_chikitu,Boka Onima to Playa Chikitu,2025-06-20,partial,0.6632,0.0,0.0,0.0,5415.7,0,S2B_MSIL2A_20250620T150719_R082_T19PEP_20250620T202614,Sentinel-2B,32.18,27137,0.6632,0.012,9118,0,1,0.0562,0.3757
chikitu_kokolishi,Playa Chikitu to Boka Kokolishi,2025-06-20,observed,0.0788,0.0,0.0,0.0,4357.9,0,S2B_MSIL2A_20250620T150719_R082_T19PEP_20250620T202614,Sentinel-2B,32.18,22273,0.0788,0.0147,20501,0,3,0.1165,0.3757
kralendijk,Kralendijk waterfront,2025-06-20,partial,0.6432,0.0,0.0,0.0,4588.0,0,S2B_MSIL2A_20250620T150719_R082_T19PEP_20250620T202614,Sentinel-2B,32.18,17593,0.6432,0.0821,6237,0,9,0.0562,0.3757
willemstoren_sorobon,Willemstoren to Sorobon,2025-06-25,blind,1.0,0.0,0.0,0.0,8744.1,0,S2C_MSIL2A_20250625T150741_R082_T19PEP_20250625T194815,Sentinel-2C,99.36,45443,1.0,,0,0,0,,0.9999
lac_bay,Lac Bay,2025-06-25,blind,1.0,0.0,0.0,0.0,8366.5,0,S2C_MSIL2A_20250625T150741_R082_T19PEP_20250625T194815,Sentinel-2C,99.36,39336,1.0,,0,0,0,,0.9999
cai_washikemba,Cai to Boka Washikemba,2025-06-25,blind,1.0,0.0,0.0,0.0,9927.8,0,S2C_MSIL2A_20250625T150741_R082_T19PEP_20250625T194815,Sentinel-2C,99.36,56022,1.0,,0,0,0,,0.9999
washikemba_spelonk,Boka Washikemba to Spelonk,2025-06-25,blind,1.0,0.0,0.0,0.0,7367.7,0,S2C_MSIL2A_20250625T150741_R082_T19PEP_20250625T194815,Sentinel-2C,99.36,27588,1.0,,0,0,0,,0.9999
spelonk_onima,Spelonk to Boka Onima,2025-06-25,blind,1.0,0.0,0.0,0.0,15482.3,0,S2C_MSIL2A_20250625T150741_R082_T19PEP_20250625T194815,Sentinel-2C,99.36,75758,1.0,,0,0,0,,0.9999
onima_chikitu,Boka Onima to Playa Chikitu,2025-06-25,blind,1.0,0.0,0.0,0.0,5415.7,0,S2C_MSIL2A_20250625T150741_R082_T19PEP_20250625T194815,Sentinel-2C,99.36,27137,1.0,,0,0,0,,0.9999
chikitu_kokolishi,Playa Chikitu to Boka Kokolishi,2025-06-25,blind,0.999,0.0,0.0,0.0,4357.9,0,S2C_MSIL2A_20250625T150741_R082_T19PEP_20250625T194815,Sentinel-2C,99.36,22273,0.999,0.0,23,0,0,0.0002,0.9999
kralendijk,Kralendijk waterfront,2025-06-25,blind,1.0,0.0,0.0,0.0,4588.0,0,S2C_MSIL2A_20250625T150741_R082_T19PEP_20250625T194815,Sentinel-2C,99.36,17593,1.0,,0,0,0,,0.9999
willemstoren_sorobon,Willemstoren to Sorobon,2025-06-27,partial,0.5348,0.0,0.0,0.0,8744.1,0,S2A_MSIL2A_20250627T150941_R082_T19PEP_20250627T194017,Sentinel-2A,13.38,45443,0.5348,0.0046,21152,0,20,0.4471,0.4749
lac_bay,Lac Bay,2025-06-27,partial,0.5763,0.0,0.0,0.0,8366.5,0,S2A_MSIL2A_20250627T150941_R082_T19PEP_20250627T194017,Sentinel-2A,13.38,39336,0.5763,0.2333,16636,0,543,0.4737,0.4749
cai_washikemba,Cai to Boka Washikemba,2025-06-27,partial,0.2553,0.0,0.0,0.0,9927.8,0,S2A_MSIL2A_20250627T150941_R082_T19PEP_20250627T194017,Sentinel-2A,13.38,56022,0.2553,0.1044,41712,0,51,0.4471,0.4749
washikemba_spelonk,Boka Washikemba to Spelonk,2025-06-27,partial,0.5698,0.0,0.0,0.0,7367.7,0,S2A_MSIL2A_20250627T150941_R082_T19PEP_20250627T194017,Sentinel-2A,13.38,27588,0.5698,0.4129,11899,0,41,0.3323,0.4749
spelonk_onima,Spelonk to Boka Onima,2025-06-27,partial,0.5804,0.0,0.0,0.0,15482.3,0,S2A_MSIL2A_20250627T150941_R082_T19PEP_20250627T194017,Sentinel-2A,13.38,75758,0.5804,0.0442,31676,0,7,0.0562,0.4749
onima_chikitu,Boka Onima to Playa Chikitu,2025-06-27,partial,0.2846,0.0,0.0,0.0,5415.7,0,S2A_MSIL2A_20250627T150941_R082_T19PEP_20250627T194017,Sentinel-2A,13.38,27137,0.2846,0.1225,19350,0,2,0.0562,0.4749
chikitu_kokolishi,Playa Chikitu to Boka Kokolishi,2025-06-27,partial,0.3297,0.0,0.0,0.0,4357.9,0,S2A_MSIL2A_20250627T150941_R082_T19PEP_20250627T194017,Sentinel-2A,13.38,22273,0.3297,0.1597,14920,0,10,0.119,0.4749
kralendijk,Kralendijk waterfront,2025-06-27,partial,0.5232,0.0,0.0,0.0,4588.0,0,S2A_MSIL2A_20250627T150941_R082_T19PEP_20250627T194017,Sentinel-2A,13.38,17593,0.5232,0.0173,8365,0,0,0.0006,0.4749
willemstoren_sorobon,Willemstoren to Sorobon,2025-06-30,partial,0.3526,0.0,0.0,0.0,8744.1,0,S2B_MSIL2A_20250630T150729_R082_T19PEP_20250630T184300,Sentinel-2B,55.3,45443,0.3526,0.0014,29435,0,0,0.0004,0.5254
lac_bay,Lac Bay,2025-06-30,partial,0.579,0.0,0.0,0.0,8366.5,0,S2B_MSIL2A_20250630T150729_R082_T19PEP_20250630T184300,Sentinel-2B,55.3,39336,0.579,0.074,16468,0,270,0.4737,0.5254
cai_washikemba,Cai to Boka Washikemba,2025-06-30,partial,0.5301,0.0,0.0,0.0,9927.8,0,S2B_MSIL2A_20250630T150729_R082_T19PEP_20250630T184300,Sentinel-2B,55.3,56022,0.5301,0.0288,26311,0,0,0.0036,0.5254
washikemba_spelonk,Boka Washikemba to Spelonk,2025-06-30,partial,0.3795,0.0,0.0,0.0,7367.7,0,S2B_MSIL2A_20250630T150729_R082_T19PEP_20250630T184300,Sentinel-2B,55.3,27588,0.3795,0.0506,17106,0,0,0.0002,0.5254
spelonk_onima,Spelonk to Boka Onima,2025-06-30,partial,0.5044,0.0,0.0,0.0,15482.3,0,S2B_MSIL2A_20250630T150729_R082_T19PEP_20250630T184300,Sentinel-2B,55.3,75758,0.5044,0.0551,37426,0,0,0.0002,0.5254
onima_chikitu,Boka Onima to Playa Chikitu,2025-06-30,blind,0.8317,0.0,0.0,0.0,5415.7,0,S2B_MSIL2A_20250630T150729_R082_T19PEP_20250630T184300,Sentinel-2B,55.3,27137,0.8317,0.1617,4571,0,0,0.0002,0.5254
chikitu_kokolishi,Playa Chikitu to Boka Kokolishi,2025-06-30,partial,0.6019,0.0,0.0,0.0,4357.9,0,S2B_MSIL2A_20250630T150729_R082_T19PEP_20250630T184300,Sentinel-2B,55.3,22273,0.6019,0.1695,8846,0,2,0.0562,0.5254
kralendijk,Kralendijk waterfront,2025-06-30,partial,0.5175,0.0,0.0,0.0,4588.0,0,S2B_MSIL2A_20250630T150729_R082_T19PEP_20250630T184300,Sentinel-2B,55.3,17593,0.5175,0.0573,8492,0,0,0.0006,0.5254
willemstoren_sorobon,Willemstoren to Sorobon,2025-07-05,observed,0.0421,0.0,0.0,0.0,8744.1,0,S2C_MSIL2A_20250705T150741_R082_T19PEP_20250705T194315,Sentinel-2C,31.43,45443,0.0421,0.0395,43525,1,20,1.0,0.1924
lac_bay,Lac Bay,2025-07-05,observed,0.1075,0.000425,3500.0,2302.9,8366.5,3,S2C_MSIL2A_20250705T150741_R082_T19PEP_20250705T194315,Sentinel-2C,31.43,39336,0.1075,0.2682,35073,49,2595,1.0,0.1924
cai_washikemba,Cai to Boka Washikemba,2025-07-05,observed,0.0574,0.0,0.0,0.0,9927.8,0,S2C_MSIL2A_20250705T150741_R082_T19PEP_20250705T194315,Sentinel-2C,31.43,56022,0.0574,0.0692,52763,0,234,0.7,0.1924
washikemba_spelonk,Boka Washikemba to Spelonk,2025-07-05,observed,0.1583,0.0,0.0,0.0,7367.7,0,S2C_MSIL2A_20250705T150741_R082_T19PEP_20250705T194315,Sentinel-2C,31.43,27588,0.1583,0.2104,23168,0,183,0.4471,0.1924
spelonk_onima,Spelonk to Boka Onima,2025-07-05,partial,0.3568,0.0,0.0,0.0,15482.3,0,S2C_MSIL2A_20250705T150741_R082_T19PEP_20250705T194315,Sentinel-2C,31.43,75758,0.3568,0.1169,48765,0,103,0.4471,0.1924
onima_chikitu,Boka Onima to Playa Chikitu,2025-07-05,partial,0.4274,0.0,0.0,0.0,5415.7,0,S2C_MSIL2A_20250705T150741_R082_T19PEP_20250705T194315,Sentinel-2C,31.43,27137,0.4274,0.1688,15517,0,36,0.4471,0.1924
chikitu_kokolishi,Playa Chikitu to Boka Kokolishi,2025-07-05,observed,0.0699,0.0,0.0,0.0,4357.9,0,S2C_MSIL2A_20250705T150741_R082_T19PEP_20250705T194315,Sentinel-2C,31.43,22273,0.0699,0.0341,20697,0,56,0.7,0.1924
kralendijk,Kralendijk waterfront,2025-07-05,partial,0.3351,0.0,0.0,0.0,4588.0,0,S2C_MSIL2A_20250705T150741_R082_T19PEP_20250705T194315,Sentinel-2C,31.43,17593,0.3351,0.096,11710,0,7,0.1071,0.1924
willemstoren_sorobon,Willemstoren to Sorobon,2025-07-07,partial,0.6217,0.0,0.0,0.0,8744.1,0,S2A_MSIL2A_20250707T150741_R082_T19PEP_20250707T211724,Sentinel-2A,15.91,45443,0.6217,0.0099,17145,0,2,0.0562,0.356
lac_bay,Lac Bay,2025-07-07,blind,0.9774,0.0,0.0,0.0,8366.5,0,S2A_MSIL2A_20250707T150741_R082_T19PEP_20250707T211724,Sentinel-2A,15.91,39336,0.9774,0.0124,890,0,0,0.0,0.356
cai_washikemba,Cai to Boka Washikemba,2025-07-07,partial,0.5423,0.0,0.0,0.0,9927.8,0,S2A_MSIL2A_20250707T150741_R082_T19PEP_20250707T211724,Sentinel-2A,15.91,56022,0.5423,0.0404,25639,1,100,1.0,0.356
washikemba_spelonk,Boka Washikemba to Spelonk,2025-07-07,observed,0.0153,0.0,0.0,0.0,7367.7,0,S2A_MSIL2A_20250707T150741_R082_T19PEP_20250707T211724,Sentinel-2A,15.91,27588,0.0153,0.0759,27159,1,224,1.0,0.356
spelonk_onima,Spelonk to Boka Onima,2025-07-07,observed,0.0068,0.000102,1600.0,721.1,15482.3,1,S2A_MSIL2A_20250707T150741_R082_T19PEP_20250707T211724,Sentinel-2A,15.91,75758,0.0068,0.0265,75235,12,237,1.0,0.356
onima_chikitu,Boka Onima to Playa Chikitu,2025-07-07,observed,0.1703,0.0,0.0,0.0,5415.7,0,S2A_MSIL2A_20250707T150741_R082_T19PEP_20250707T211724,Sentinel-2A,15.91,27137,0.1703,0.0217,22485,0,27,0.4471,0.356
chikitu_kokolishi,Playa Chikitu to Boka Kokolishi,2025-07-07,observed,0.0445,0.0,0.0,0.0,4357.9,0,S2A_MSIL2A_20250707T150741_R082_T19PEP_20250707T211724,Sentinel-2A,15.91,22273,0.0445,0.0193,21291,0,6,0.1165,0.356
kralendijk,Kralendijk waterfront,2025-07-07,blind,0.7205,0.0,0.0,0.0,4588.0,0,S2A_MSIL2A_20250707T150741_R082_T19PEP_20250707T211724,Sentinel-2A,15.91,17593,0.7205,0.0295,4913,0,0,0.0002,0.356
willemstoren_sorobon,Willemstoren to Sorobon,2025-07-10,observed,0.1708,0.0,0.0,0.0,8744.1,0,S2B_MSIL2A_20250710T150729_R082_T19PEP_20250710T184513,Sentinel-2B,13.79,45443,0.1708,0.0066,37632,0,27,0.4471,0.0914
lac_bay,Lac Bay,2025-07-10,observed,0.1952,0.000316,2600.0,3073.0,8366.5,3,S2B_MSIL2A_20250710T150729_R082_T19PEP_20250710T184513,Sentinel-2B,13.79,39336,0.1952,0.3307,31675,62,3970,1.0,0.0914
cai_washikemba,Cai to Boka Washikemba,2025-07-10,observed,0.032,0.0,0.0,0.0,9927.8,0,S2B_MSIL2A_20250710T150729_R082_T19PEP_20250710T184513,Sentinel-2B,13.79,56022,0.032,0.0356,54212,5,374,1.0,0.0914
washikemba_spelonk,Boka Washikemba to Spelonk,2025-07-10,observed,0.0587,0.0,0.0,0.0,7367.7,0,S2B_MSIL2A_20250710T150729_R082_T19PEP_20250710T184513,Sentinel-2B,13.79,27588,0.0587,0.0644,25952,0,96,0.7,0.0914
spelonk_onima,Spelonk to Boka Onima,2025-07-10,observed,0.0046,0.0,0.0,0.0,15482.3,0,S2B_MSIL2A_20250710T150729_R082_T19PEP_20250710T184513,Sentinel-2B,13.79,75758,0.0046,0.0219,75407,0,4,0.0562,0.0914
onima_chikitu,Boka Onima to Playa Chikitu,2025-07-10,observed,0.0882,0.0,0.0,0.0,5415.7,0,S2B_MSIL2A_20250710T150729_R082_T19PEP_20250710T184513,Sentinel-2B,13.79,27137,0.0882,0.0309,24720,0,5,0.0562,0.0914
chikitu_kokolishi,Playa Chikitu to Boka Kokolishi,2025-07-10,observed,0.0105,0.0,0.0,0.0,4357.9,0,S2B_MSIL2A_20250710T150729_R082_T19PEP_20250710T184513,Sentinel-2B,13.79,22273,0.0105,0.0589,22050,0,24,0.0562,0.0914
kralendijk,Kralendijk waterfront,2025-07-10,partial,0.4544,0.0,0.0,0.0,4588.0,0,S2B_MSIL2A_20250710T150729_R082_T19PEP_20250710T184513,Sentinel-2B,13.79,17593,0.4544,0.0285,9639,0,0,0.0006,0.0914
willemstoren_sorobon,Willemstoren to Sorobon,2025-07-15,observed,0.1384,0.0,0.0,0.0,8744.1,0,S2C_MSIL2A_20250715T150741_R082_T19PEP_20250715T193512,Sentinel-2C,10.96,45443,0.1384,0.0131,39119,0,0,0.0039,0.1781
lac_bay,Lac Bay,2025-07-15,partial,0.3499,0.0,0.0,0.0,8366.5,0,S2C_MSIL2A_20250715T150741_R082_T19PEP_20250715T193512,Sentinel-2C,10.96,39336,0.3499,0.3126,25562,4,1654,1.0,0.1781
cai_washikemba,Cai to Boka Washikemba,2025-07-15,observed,0.1145,0.0,0.0,0.0,9927.8,0,S2C_MSIL2A_20250715T150741_R082_T19PEP_20250715T193512,Sentinel-2C,10.96,56022,0.1145,0.0894,49585,0,113,0.4737,0.1781
washikemba_spelonk,Boka Washikemba to Spelonk,2025-07-15,observed,0.1794,0.0,0.0,0.0,7367.7,0,S2C_MSIL2A_20250715T150741_R082_T19PEP_20250715T193512,Sentinel-2C,10.96,27588,0.1794,0.132,22630,0,70,0.4471,0.1781
spelonk_onima,Spelonk to Boka Onima,2025-07-15,observed,0.1387,0.0,0.0,0.0,15482.3,0,S2C_MSIL2A_20250715T150741_R082_T19PEP_20250715T193512,Sentinel-2C,10.96,75758,0.1387,0.1093,65181,0,48,0.1935,0.1781
onima_chikitu,Boka Onima to Playa Chikitu,2025-07-15,observed,0.0538,0.0,0.0,0.0,5415.7,0,S2C_MSIL2A_20250715T150741_R082_T19PEP_20250715T193512,Sentinel-2C,10.96,27137,0.0538,0.0356,25655,0,2,0.0562,0.1781
chikitu_kokolishi,Playa Chikitu to Boka Kokolishi,2025-07-15,observed,0.0281,0.0,0.0,0.0,4357.9,0,S2C_MSIL2A_20250715T150741_R082_T19PEP_20250715T193512,Sentinel-2C,10.96,22273,0.0281,0.0626,21665,0,0,0.0256,0.1781
kralendijk,Kralendijk waterfront,2025-07-15,blind,0.7015,0.0,0.0,0.0,4588.0,0,S2C_MSIL2A_20250715T150741_R082_T19PEP_20250715T193512,Sentinel-2C,10.96,17593,0.7015,0.1069,5256,0,5,0.1165,0.1781
willemstoren_sorobon,Willemstoren to Sorobon,2025-07-17,observed,0.0979,0.0,0.0,0.0,8744.1,0,S2A_MSIL2A_20250717T150941_R082_T19PEP_20250717T193255,Sentinel-2A,6.72,45443,0.0979,0.1867,40978,0,0,0.0256,0.0663
lac_bay,Lac Bay,2025-07-17,observed,0.1784,7.3e-05,600.0,747.7,8366.5,1,S2A_MSIL2A_20250717T150941_R082_T19PEP_20250717T193255,Sentinel-2A,6.72,39336,0.1784,0.3274,32304,29,3065,1.0,0.0663
cai_washikemba,Cai to Boka Washikemba,2025-07-17,observed,0.0306,0.0,0.0,0.0,9927.8,0,S2A_MSIL2A_20250717T150941_R082_T19PEP_20250717T193255,Sentinel-2A,6.72,56022,0.0306,0.2154,54282,5,258,1.0,0.0663
washikemba_spelonk,Boka Washikemba to Spelonk,2025-07-17,observed,0.0583,0.0,0.0,0.0,7367.7,0,S2A_MSIL2A_20250717T150941_R082_T19PEP_20250717T193255,Sentinel-2A,6.72,27588,0.0583,0.4048,25983,1,52,0.9,0.0663
spelonk_onima,Spelonk to Boka Onima,2025-07-17,observed,0.025,0.0,0.0,0.0,15482.3,0,S2A_MSIL2A_20250717T150941_R082_T19PEP_20250717T193255,Sentinel-2A,6.72,75758,0.025,0.2737,73840,0,135,0.0562,0.0663
onima_chikitu,Boka Onima to Playa Chikitu,2025-07-17,observed,0.0043,0.0,0.0,0.0,5415.7,0,S2A_MSIL2A_20250717T150941_R082_T19PEP_20250717T193255,Sentinel-2A,6.72,27137,0.0043,0.1144,27019,0,4,0.0562,0.0663
chikitu_kokolishi,Playa Chikitu to Boka Kokolishi,2025-07-17,observed,0.0339,0.0,0.0,0.0,4357.9,0,S2A_MSIL2A_20250717T150941_R082_T19PEP_20250717T193255,Sentinel-2A,6.72,22273,0.0339,0.1895,21510,0,3,0.0562,0.0663
kralendijk,Kralendijk waterfront,2025-07-17,partial,0.3087,0.0,0.0,0.0,4588.0,0,S2A_MSIL2A_20250717T150941_R082_T19PEP_20250717T193255,Sentinel-2A,6.72,17593,0.3087,0.3327,12134,0,3,0.1053,0.0663
willemstoren_sorobon,Willemstoren to Sorobon,2025-07-20,blind,1.0,0.0,0.0,0.0,8744.1,0,S2B_MSIL2A_20250720T150729_R082_T19PEP_20250720T183906,Sentinel-2B,97.18,45443,1.0,,0,0,0,,0.9998
lac_bay,Lac Bay,2025-07-20,blind,1.0,0.0,0.0,0.0,8366.5,0,S2B_MSIL2A_20250720T150729_R082_T19PEP_20250720T183906,Sentinel-2B,97.18,39336,1.0,,0,0,0,,0.9998
cai_washikemba,Cai to Boka Washikemba,2025-07-20,blind,1.0,0.0,0.0,0.0,9927.8,0,S2B_MSIL2A_20250720T150729_R082_T19PEP_20250720T183906,Sentinel-2B,97.18,56022,1.0,,0,0,0,,0.9998
washikemba_spelonk,Boka Washikemba to Spelonk,2025-07-20,blind,1.0,0.0,0.0,0.0,7367.7,0,S2B_MSIL2A_20250720T150729_R082_T19PEP_20250720T183906,Sentinel-2B,97.18,27588,1.0,,0,0,0,,0.9998
spelonk_onima,Spelonk to Boka Onima,2025-07-20,blind,1.0,0.0,0.0,0.0,15482.3,0,S2B_MSIL2A_20250720T150729_R082_T19PEP_20250720T183906,Sentinel-2B,97.18,75758,1.0,,0,0,0,,0.9998
onima_chikitu,Boka Onima to Playa Chikitu,2025-07-20,blind,0.9983,0.0,0.0,0.0,5415.7,0,S2B_MSIL2A_20250720T150729_R082_T19PEP_20250720T183906,Sentinel-2B,97.18,27137,0.9983,0.0208,48,0,0,0.0002,0.9998
chikitu_kokolishi,Playa Chikitu to Boka Kokolishi,2025-07-20,blind,1.0,0.0,0.0,0.0,4357.9,0,S2B_MSIL2A_20250720T150729_R082_T19PEP_20250720T183906,Sentinel-2B,97.18,22273,1.0,,0,0,0,,0.9998
kralendijk,Kralendijk waterfront,2025-07-20,blind,1.0,0.0,0.0,0.0,4588.0,0,S2B_MSIL2A_20250720T150729_R082_T19PEP_20250720T183906,Sentinel-2B,97.18,17593,1.0,,0,0,0,,0.9998
willemstoren_sorobon,Willemstoren to Sorobon,2025-07-25,partial,0.3966,0.0,0.0,0.0,8744.1,0,S2C_MSIL2A_20250725T150741_R082_T19PEP_20250725T193912,Sentinel-2C,18.78,45443,0.3966,0.0038,27413,0,0,0.0006,0.6024
lac_bay,Lac Bay,2025-07-25,blind,0.9415,0.0,0.0,0.0,8366.5,0,S2C_MSIL2A_20250725T150741_R082_T19PEP_20250725T193912,Sentinel-2C,18.78,39336,0.9415,0.0297,2322,0,5,0.0562,0.6024
cai_washikemba,Cai to Boka Washikemba,2025-07-25,blind,0.8991,0.0,0.0,0.0,9927.8,0,S2C_MSIL2A_20250725T150741_R082_T19PEP_20250725T193912,Sentinel-2C,18.78,56022,0.8991,0.2012,5677,0,10,0.0562,0.6024
washikemba_spelonk,Boka Washikemba to Spelonk,2025-07-25,blind,0.8184,0.0,0.0,0.0,7367.7,0,S2C_MSIL2A_20250725T150741_R082_T19PEP_20250725T193912,Sentinel-2C,18.78,27588,0.8184,0.124,5024,0,0,0.0006,0.6024
spelonk_onima,Spelonk to Boka Onima,2025-07-25,partial,0.6057,0.0,0.0,0.0,15482.3,0,S2C_MSIL2A_20250725T150741_R082_T19PEP_20250725T193912,Sentinel-2C,18.78,75758,0.6057,0.0181,29831,0,13,0.0562,0.6024
onima_chikitu,Boka Onima to Playa Chikitu,2025-07-25,observed,0.0453,0.0,0.0,0.0,5415.7,0,S2C_MSIL2A_20250725T150741_R082_T19PEP_20250725T193912,Sentinel-2C,18.78,27137,0.0453,0.0123,25896,0,3,0.1165,0.6024
chikitu_kokolishi,Playa Chikitu to Boka Kokolishi,2025-07-25,observed,0.0068,0.0,0.0,0.0,4357.9,0,S2C_MSIL2A_20250725T150741_R082_T19PEP_20250725T193912,Sentinel-2C,18.78,22273,0.0068,0.0789,22120,0,1,0.0562,0.6024
kralendijk,Kralendijk waterfront,2025-07-25,blind,0.7352,0.0,0.0,0.0,4588.0,0,S2C_MSIL2A_20250725T150741_R082_T19PEP_20250725T193912,Sentinel-2C,18.78,17593,0.7352,0.0398,4644,0,1,0.0562,0.6024
willemstoren_sorobon,Willemstoren to Sorobon,2025-07-27,blind,0.8449,0.0,0.0,0.0,8744.1,0,S2A_MSIL2A_20250727T150741_R082_T19PEP_20250727T213720,Sentinel-2A,45.57,45443,0.8449,0.0003,7059,0,0,0.0002,0.8982
lac_bay,Lac Bay,2025-07-27,blind,1.0,0.0,0.0,0.0,8366.5,0,S2A_MSIL2A_20250727T150741_R082_T19PEP_20250727T213720,Sentinel-2A,45.57,39336,1.0,,0,0,0,,0.8982
cai_washikemba,Cai to Boka Washikemba,2025-07-27,partial,0.6863,0.0,0.0,0.0,9927.8,0,S2A_MSIL2A_20250727T150741_R082_T19PEP_20250727T213720,Sentinel-2A,45.57,56022,0.6863,0.0275,17611,0,1,0.1071,0.8982
washikemba_spelonk,Boka Washikemba to Spelonk,2025-07-27,blind,1.0,0.0,0.0,0.0,7367.7,0,S2A_MSIL2A_20250727T150741_R082_T19PEP_20250727T213720,Sentinel-2A,45.57,27588,1.0,,0,0,0,,0.8982
spelonk_onima,Spelonk to Boka Onima,2025-07-27,blind,0.9474,0.0,0.0,0.0,15482.3,0,S2A_MSIL2A_20250727T150741_R082_T19PEP_20250727T213720,Sentinel-2A,45.57,75758,0.9474,0.1268,4013,0,0,0.0002,0.8982
onima_chikitu,Boka Onima to Playa Chikitu,2025-07-27,blind,0.9993,0.0,0.0,0.0,5415.7,0,S2A_MSIL2A_20250727T150741_R082_T19PEP_20250727T213720,Sentinel-2A,45.57,27137,0.9993,0.0,19,0,0,0.0002,0.8982
chikitu_kokolishi,Playa Chikitu to Boka Kokolishi,2025-07-27,blind,0.996,0.0,0.0,0.0,4357.9,0,S2A_MSIL2A_20250727T150741_R082_T19PEP_20250727T213720,Sentinel-2A,45.57,22273,0.996,0.0222,90,0,0,0.0002,0.8982
kralendijk,Kralendijk waterfront,2025-07-27,blind,1.0,0.0,0.0,0.0,4588.0,0,S2A_MSIL2A_20250727T150741_R082_T19PEP_20250727T213720,Sentinel-2A,45.57,17593,1.0,,0,0,0,,0.8982
willemstoren_sorobon,Willemstoren to Sorobon,2025-07-30,observed,0.073,0.0,0.0,0.0,8744.1,0,S2B_MSIL2A_20250730T150719_R082_T19PEP_20250730T185847,Sentinel-2B,5.81,45443,0.073,0.0212,42127,0,0,0.0068,0.0953
lac_bay,Lac Bay,2025-07-30,observed,0.164,0.000134,1100.0,1104.2,8366.5,2,S2B_MSIL2A_20250730T150719_R082_T19PEP_20250730T185847,Sentinel-2B,5.81,39336,0.164,0.2981,32873,41,3589,1.0,0.0953
cai_washikemba,Cai to Boka Washikemba,2025-07-30,observed,0.0342,0.0,0.0,0.0,9927.8,0,S2B_MSIL2A_20250730T150719_R082_T19PEP_20250730T185847,Sentinel-2B,5.81,56022,0.0342,0.0488,54079,3,202,1.0,0.0953
washikemba_spelonk,Boka Washikemba to Spelonk,2025-07-30,partial,0.3232,0.0,0.0,0.0,7367.7,0,S2B_MSIL2A_20250730T150719_R082_T19PEP_20250730T185847,Sentinel-2B,5.81,27588,0.3232,0.0862,18688,0,21,0.4471,0.0953
spelonk_onima,Spelonk to Boka Onima,2025-07-30,observed,0.0716,0.0,0.0,0.0,15482.3,0,S2B_MSIL2A_20250730T150719_R082_T19PEP_20250730T185847,Sentinel-2B,5.81,75758,0.0716,0.0331,70350,0,6,0.0562,0.0953
onima_chikitu,Boka Onima to Playa Chikitu,2025-07-30,observed,0.0076,0.0,0.0,0.0,5415.7,0,S2B_MSIL2A_20250730T150719_R082_T19PEP_20250730T185847,Sentinel-2B,5.81,27137,0.0076,0.0197,26928,0,2,0.0562,0.0953
chikitu_kokolishi,Playa Chikitu to Boka Kokolishi,2025-07-30,observed,0.0055,0.0,0.0,0.0,4357.9,0,S2B_MSIL2A_20250730T150719_R082_T19PEP_20250730T185847,Sentinel-2B,5.81,22273,0.0055,0.0189,22149,0,0,0.0002,0.0953
kralendijk,Kralendijk waterfront,2025-07-30,partial,0.4802,0.0,0.0,0.0,4588.0,0,S2B_MSIL2A_20250730T150719_R082_T19PEP_20250730T185847,Sentinel-2B,5.81,17593,0.4802,0.1356,9101,0,8,0.0562,0.0953
willemstoren_sorobon,Willemstoren to Sorobon,2025-08-04,observed,0.1417,0.0,0.0,0.0,8744.1,0,S2C_MSIL2A_20250804T150741_R082_T19PEP_20250804T195015,Sentinel-2C,9.81,45443,0.1417,0.0774,38977,0,4,0.0562,0.0591
lac_bay,Lac Bay,2025-08-04,partial,0.257,0.0,0.0,0.0,8366.5,0,S2C_MSIL2A_20250804T150741_R082_T19PEP_20250804T195015,Sentinel-2C,9.81,39336,0.257,0.3226,29240,2,2512,1.0,0.0591
cai_washikemba,Cai to Boka Washikemba,2025-08-04,observed,0.0407,0.0,0.0,0.0,9927.8,0,S2C_MSIL2A_20250804T150741_R082_T19PEP_20250804T195015,Sentinel-2C,9.81,56022,0.0407,0.1005,53742,0,230,0.4471,0.0591
washikemba_spelonk,Boka Washikemba to Spelonk,2025-08-04,observed,0.0095,0.0,0.0,0.0,7367.7,0,S2C_MSIL2A_20250804T150741_R082_T19PEP_20250804T195015,Sentinel-2C,9.81,27588,0.0095,0.2624,27323,0,16,0.4471,0.0591
spelonk_onima,Spelonk to Boka Onima,2025-08-04,observed,0.0027,0.0,0.0,0.0,15482.3,0,S2C_MSIL2A_20250804T150741_R082_T19PEP_20250804T195015,Sentinel-2C,9.81,75758,0.0027,0.1923,75552,0,2,0.0562,0.0591
onima_chikitu,Boka Onima to Playa Chikitu,2025-08-04,observed,0.0045,0.0,0.0,0.0,5415.7,0,S2C_MSIL2A_20250804T150741_R082_T19PEP_20250804T195015,Sentinel-2C,9.81,27137,0.0045,0.1041,27013,0,2,0.0562,0.0591
chikitu_kokolishi,Playa Chikitu to Boka Kokolishi,2025-08-04,observed,0.0028,0.0,0.0,0.0,4357.9,0,S2C_MSIL2A_20250804T150741_R082_T19PEP_20250804T195015,Sentinel-2C,9.81,22273,0.0028,0.1248,22209,0,1,0.0562,0.0591
kralendijk,Kralendijk waterfront,2025-08-04,observed,0.0981,0.0,0.0,0.0,4588.0,0,S2C_MSIL2A_20250804T150741_R082_T19PEP_20250804T195015,Sentinel-2C,9.81,17593,0.0981,0.1334,15857,0,2,0.0562,0.0591
willemstoren_sorobon,Willemstoren to Sorobon,2025-08-06,observed,0.0544,0.0,0.0,0.0,8744.1,0,S2A_MSIL2A_20250806T150941_R082_T19PEP_20250806T194007,Sentinel-2A,14.28,45443,0.0544,0.1003,42976,1,20,1.0,0.0613
lac_bay,Lac Bay,2025-08-06,partial,0.2244,0.0,0.0,0.0,8366.5,0,S2A_MSIL2A_20250806T150941_R082_T19PEP_20250806T194007,Sentinel-2A,14.28,39336,0.2244,0.2887,30502,19,2703,1.0,0.0613
cai_washikemba,Cai to Boka Washikemba,2025-08-06,observed,0.0718,0.0,0.0,0.0,9927.8,0,S2A_MSIL2A_20250806T150941_R082_T19PEP_20250806T194007,Sentinel-2A,14.28,56022,0.0718,0.1433,51976,0,130,0.4471,0.0613
washikemba_spelonk,Boka Washikemba to Spelonk,2025-08-06,observed,0.0796,0.0,0.0,0.0,7367.7,0,S2A_MSIL2A_20250806T150941_R082_T19PEP_20250806T194007,Sentinel-2A,14.28,27588,0.0796,0.3344,25371,0,183,0.1935,0.0613
spelonk_onima,Spelonk to Boka Onima,2025-08-06,observed,0.0061,0.0,0.0,0.0,15482.3,0,S2A_MSIL2A_20250806T150941_R082_T19PEP_20250806T194007,Sentinel-2A,14.28,75758,0.0061,0.1749,75292,0,6,0.0562,0.0613
onima_chikitu,Boka Onima to Playa Chikitu,2025-08-06,observed,0.0105,0.0,0.0,0.0,5415.7,0,S2A_MSIL2A_20250806T150941_R082_T19PEP_20250806T194007,Sentinel-2A,14.28,27137,0.0105,0.0836,26848,0,4,0.0562,0.0613
chikitu_kokolishi,Playa Chikitu to Boka Kokolishi,2025-08-06,observed,0.0083,0.0,0.0,0.0,4357.9,0,S2A_MSIL2A_20250806T150941_R082_T19PEP_20250806T194007,Sentinel-2A,14.28,22273,0.0083,0.1236,22086,0,2,0.0562,0.0613
kralendijk,Kralendijk waterfront,2025-08-06,observed,0.1606,0.0,0.0,0.0,4588.0,0,S2A_MSIL2A_20250806T150941_R082_T19PEP_20250806T194007,Sentinel-2A,14.28,17593,0.1606,0.1486,14791,0,15,0.0562,0.0613
willemstoren_sorobon,Willemstoren to Sorobon,2025-08-09,observed,0.0854,0.0,0.0,0.0,8744.1,0,S2B_MSIL2A_20250809T150719_R082_T19PEP_20250809T184923,Sentinel-2B,10.9,45443,0.0854,0.0416,41562,0,0,0.0036,0.0852
lac_bay,Lac Bay,2025-08-09,partial,0.2507,0.0,0.0,0.0,8366.5,0,S2B_MSIL2A_20250809T150719_R082_T19PEP_20250809T184923,Sentinel-2B,10.9,39336,0.2507,0.2774,29469,4,3349,1.0,0.0852
cai_washikemba,Cai to Boka Washikemba,2025-08-09,observed,0.0479,0.0,0.0,0.0,9927.8,0,S2B_MSIL2A_20250809T150719_R082_T19PEP_20250809T184923,Sentinel-2B,10.9,56022,0.0479,0.0725,53342,0,177,0.4737,0.0852
washikemba_spelonk,Boka Washikemba to Spelonk,2025-08-09,observed,0.0096,0.0,0.0,0.0,7367.7,0,S2B_MSIL2A_20250809T150719_R082_T19PEP_20250809T184923,Sentinel-2B,10.9,27588,0.0096,0.132,27319,0,20,0.119,0.0852
spelonk_onima,Spelonk to Boka Onima,2025-08-09,observed,0.0374,0.0,0.0,0.0,15482.3,0,S2B_MSIL2A_20250809T150719_R082_T19PEP_20250809T184923,Sentinel-2B,10.9,75758,0.0374,0.08,72961,0,23,0.0562,0.0852
onima_chikitu,Boka Onima to Playa Chikitu,2025-08-09,partial,0.2182,0.0,0.0,0.0,5415.7,0,S2B_MSIL2A_20250809T150719_R082_T19PEP_20250809T184923,Sentinel-2B,10.9,27137,0.2182,0.0953,21211,0,1,0.0562,0.0852
chikitu_kokolishi,Playa Chikitu to Boka Kokolishi,2025-08-09,observed,0.1923,0.0,0.0,0.0,4357.9,0,S2B_MSIL2A_20250809T150719_R082_T19PEP_20250809T184923,Sentinel-2B,10.9,22273,0.1923,0.1132,17992,0,2,0.0562,0.0852
kralendijk,Kralendijk waterfront,2025-08-09,observed,0.0018,0.0,0.0,0.0,4588.0,0,S2B_MSIL2A_20250809T150719_R082_T19PEP_20250809T184923,Sentinel-2B,10.9,17593,0.0018,0.0108,17561,0,0,0.0002,0.0852
willemstoren_sorobon,Willemstoren to Sorobon,2025-08-14,observed,0.089,0.0,0.0,0.0,8744.1,0,S2C_MSIL2A_20250814T150741_R082_T19PEP_20250814T194512,Sentinel-2C,15.21,45443,0.089,0.0568,41403,1,4,1.0,0.3657
lac_bay,Lac Bay,2025-08-14,partial,0.2984,0.0,0.0,0.0,8366.5,0,S2C_MSIL2A_20250814T150741_R082_T19PEP_20250814T194512,Sentinel-2C,15.21,39336,0.2984,0.2717,27559,8,1542,1.0,0.3657
cai_washikemba,Cai to Boka Washikemba,2025-08-14,observed,0.0619,0.0,0.0,0.0,9927.8,0,S2C_MSIL2A_20250814T150741_R082_T19PEP_20250814T194512,Sentinel-2C,15.21,56022,0.0619,0.0969,52540,0,60,0.4471,0.3657
washikemba_spelonk,Boka Washikemba to Spelonk,2025-08-14,partial,0.3779,0.0,0.0,0.0,7367.7,0,S2C_MSIL2A_20250814T150741_R082_T19PEP_20250814T194512,Sentinel-2C,15.21,27588,0.3779,0.198,17171,0,37,0.119,0.3657
spelonk_onima,Spelonk to Boka Onima,2025-08-14,partial,0.6393,0.0,0.0,0.0,15482.3,0,S2C_MSIL2A_20250814T150741_R082_T19PEP_20250814T194512,Sentinel-2C,15.21,75758,0.6393,0.108,27373,0,42,0.1765,0.3657
onima_chikitu,Boka Onima to Playa Chikitu,2025-08-14,partial,0.6,0.0,0.0,0.0,5415.7,0,S2C_MSIL2A_20250814T150741_R082_T19PEP_20250814T194512,Sentinel-2C,15.21,27137,0.6,0.033,10893,0,1,0.0562,0.3657
chikitu_kokolishi,Playa Chikitu to Boka Kokolishi,2025-08-14,blind,0.9329,0.0,0.0,0.0,4357.9,0,S2C_MSIL2A_20250814T150741_R082_T19PEP_20250814T194512,Sentinel-2C,15.21,22273,0.9329,0.0564,1490,0,0,0.0036,0.3657
kralendijk,Kralendijk waterfront,2025-08-14,observed,0.1059,0.0,0.0,0.0,4588.0,0,S2C_MSIL2A_20250814T150741_R082_T19PEP_20250814T194512,Sentinel-2C,15.21,17593,0.1059,0.0671,15720,0,6,0.1165,0.3657
willemstoren_sorobon,Willemstoren to Sorobon,2025-08-16,observed,0.0051,0.000181,1600.0,1605.1,8744.1,2,S2A_MSIL2A_20250816T150731_R082_T19PEP_20250816T213319,Sentinel-2A,17.43,45443,0.0051,0.1451,45209,11,90,1.0,0.2557
lac_bay,Lac Bay,2025-08-16,observed,0.0033,0.003355,27631.8,5803.6,8366.5,22,S2A_MSIL2A_20250816T150731_R082_T19PEP_20250816T213319,Sentinel-2A,17.43,39336,0.0033,0.2823,39205,362,3354,1.0,0.2557
cai_washikemba,Cai to Boka Washikemba,2025-08-16,observed,0.001,0.0,0.0,0.0,9927.8,0,S2A_MSIL2A_20250816T150731_R082_T19PEP_20250816T213319,Sentinel-2A,17.43,56022,0.001,0.0939,55967,42,430,1.0,0.2557
washikemba_spelonk,Boka Washikemba to Spelonk,2025-08-16,observed,0.0011,0.000232,1600.0,1145.8,7367.7,1,S2A_MSIL2A_20250816T150731_R082_T19PEP_20250816T213319,Sentinel-2A,17.43,27588,0.0011,0.0864,27558,13,135,1.0,0.2557
spelonk_onima,Spelonk to Boka Onima,2025-08-16,partial,0.4208,0.0,0.0,0.0,15482.3,0,S2A_MSIL2A_20250816T150731_R082_T19PEP_20250816T213319,Sentinel-2A,17.43,75758,0.4208,0.055,43808,0,21,0.4471,0.2557
onima_chikitu,Boka Onima to Playa Chikitu,2025-08-16,blind,0.7279,0.0,0.0,0.0,5415.7,0,S2A_MSIL2A_20250816T150731_R082_T19PEP_20250816T213319,Sentinel-2A,17.43,27137,0.7279,0.1529,7331,0,23,0.4471,0.2557
chikitu_kokolishi,Playa Chikitu to Boka Kokolishi,2025-08-16,partial,0.5994,0.0,0.0,0.0,4357.9,0,S2A_MSIL2A_20250816T150731_R082_T19PEP_20250816T213319,Sentinel-2A,17.43,22273,0.5994,0.2089,8917,0,19,0.1165,0.2557
kralendijk,Kralendijk waterfront,2025-08-16,partial,0.5205,0.0,0.0,0.0,4588.0,0,S2A_MSIL2A_20250816T150731_R082_T19PEP_20250816T213319,Sentinel-2A,17.43,17593,0.5205,0.032,8505,0,4,0.0562,0.2557
willemstoren_sorobon,Willemstoren to Sorobon,2025-08-19,blind,1.0,0.0,0.0,0.0,8744.1,0,S2B_MSIL2A_20250819T150729_R082_T19PEP_20250819T183822,Sentinel-2B,89.25,45443,1.0,,0,0,0,,0.9999
lac_bay,Lac Bay,2025-08-19,blind,1.0,0.0,0.0,0.0,8366.5,0,S2B_MSIL2A_20250819T150729_R082_T19PEP_20250819T183822,Sentinel-2B,89.25,39336,1.0,,0,0,0,,0.9999
cai_washikemba,Cai to Boka Washikemba,2025-08-19,blind,1.0,0.0,0.0,0.0,9927.8,0,S2B_MSIL2A_20250819T150729_R082_T19PEP_20250819T183822,Sentinel-2B,89.25,56022,1.0,,0,0,0,,0.9999
washikemba_spelonk,Boka Washikemba to Spelonk,2025-08-19,blind,0.9991,0.0,0.0,0.0,7367.7,0,S2B_MSIL2A_20250819T150729_R082_T19PEP_20250819T183822,Sentinel-2B,89.25,27588,0.9991,0.12,25,0,0,0.0004,0.9999
spelonk_onima,Spelonk to Boka Onima,2025-08-19,blind,0.9998,0.0,0.0,0.0,15482.3,0,S2B_MSIL2A_20250819T150729_R082_T19PEP_20250819T183822,Sentinel-2B,89.25,75758,0.9998,0.1053,19,0,0,0.0001,0.9999
onima_chikitu,Boka Onima to Playa Chikitu,2025-08-19,blind,1.0,0.0,0.0,0.0,5415.7,0,S2B_MSIL2A_20250819T150729_R082_T19PEP_20250819T183822,Sentinel-2B,89.25,27137,1.0,,0,0,0,,0.9999
chikitu_kokolishi,Playa Chikitu to Boka Kokolishi,2025-08-19,blind,1.0,0.0,0.0,0.0,4357.9,0,S2B_MSIL2A_20250819T150729_R082_T19PEP_20250819T183822,Sentinel-2B,89.25,22273,1.0,,0,0,0,,0.9999
kralendijk,Kralendijk waterfront,2025-08-19,blind,1.0,0.0,0.0,0.0,4588.0,0,S2B_MSIL2A_20250819T150729_R082_T19PEP_20250819T183822,Sentinel-2B,89.25,17593,1.0,,0,0,0,,0.9999
willemstoren_sorobon,Willemstoren to Sorobon,2025-08-24,observed,0.0903,0.0,0.0,0.0,8744.1,0,S2C_MSIL2A_20250824T150741_R082_T19PEP_20250824T195416,Sentinel-2C,21.26,45443,0.0903,0.1166,41332,0,1,0.0562,0.0541
lac_bay,Lac Bay,2025-08-24,partial,0.3123,0.0,0.0,0.0,8366.5,0,S2C_MSIL2A_20250824T150741_R082_T19PEP_20250824T195416,Sentinel-2C,21.26,39336,0.3123,0.2926,27029,2,2004,1.0,0.0541
cai_washikemba,Cai to Boka Washikemba,2025-08-24,observed,0.0487,0.0,0.0,0.0,9927.8,0,S2C_MSIL2A_20250824T150741_R082_T19PEP_20250824T195416,Sentinel-2C,21.26,56022,0.0487,0.1358,53292,0,77,0.4471,0.0541
washikemba_spelonk,Boka Washikemba to Spelonk,2025-08-24,observed,0.0088,0.0,0.0,0.0,7367.7,0,S2C_MSIL2A_20250824T150741_R082_T19PEP_20250824T195416,Sentinel-2C,21.26,27588,0.0088,0.2355,27342,0,1,0.0562,0.0541
spelonk_onima,Spelonk to Boka Onima,2025-08-24,observed,0.0022,0.0,0.0,0.0,15482.3,0,S2C_MSIL2A_20250824T150741_R082_T19PEP_20250824T195416,Sentinel-2C,21.26,75758,0.0022,0.1443,75586,0,1,0.0562,0.0541
onima_chikitu,Boka Onima to Playa Chikitu,2025-08-24,observed,0.005,0.0,0.0,0.0,5415.7,0,S2C_MSIL2A_20250824T150741_R082_T19PEP_20250824T195416,Sentinel-2C,21.26,27137,0.005,0.1088,26999,0,1,0.0562,0.0541
chikitu_kokolishi,Playa Chikitu to Boka Kokolishi,2025-08-24,observed,0.0042,0.0,0.0,0.0,4357.9,0,S2C_MSIL2A_20250824T150741_R082_T19PEP_20250824T195416,Sentinel-2C,21.26,22273,0.0042,0.1461,22177,0,1,0.0562,0.0541
kralendijk,Kralendijk waterfront,2025-08-24,observed,0.0395,0.0,0.0,0.0,4588.0,0,S2C_MSIL2A_20250824T150741_R082_T19PEP_20250824T195416,Sentinel-2C,21.26,17593,0.0395,0.129,16891,0,18,0.0562,0.0541
willemstoren_sorobon,Willemstoren to Sorobon,2025-08-26,blind,0.9413,0.0,0.0,0.0,8744.1,0,S2A_MSIL2A_20250826T150941_R082_T19PEP_20250826T192612,Sentinel-2A,54.34,45443,0.9413,0.0,2653,0,0,0.0002,0.7404
lac_bay,Lac Bay,2025-08-26,blind,0.9561,0.0,0.0,0.0,8366.5,0,S2A_MSIL2A_20250826T150941_R082_T19PEP_20250826T192612,Sentinel-2A,54.34,39336,0.9561,0.2959,1747,0,366,0.4471,0.7404
cai_washikemba,Cai to Boka Washikemba,2025-08-26,blind,0.9988,0.0,0.0,0.0,9927.8,0,S2A_MSIL2A_20250826T150941_R082_T19PEP_20250826T192612,Sentinel-2A,54.34,56022,0.9988,0.0149,67,0,0,0.0002,0.7404
washikemba_spelonk,Boka Washikemba to Spelonk,2025-08-26,blind,0.999,0.0,0.0,0.0,7367.7,0,S2A_MSIL2A_20250826T150941_R082_T19PEP_20250826T192612,Sentinel-2A,54.34,27588,0.999,0.0357,28,0,0,0.0001,0.7404
spelonk_onima,Spelonk to Boka Onima,2025-08-26,blind,0.787,0.0,0.0,0.0,15482.3,0,S2A_MSIL2A_20250826T150941_R082_T19PEP_20250826T192612,Sentinel-2A,54.34,75758,0.787,0.1134,16130,0,13,0.0562,0.7404
onima_chikitu,Boka Onima to Playa Chikitu,2025-08-26,partial,0.2172,0.0,0.0,0.0,5415.7,0,S2A_MSIL2A_20250826T150941_R082_T19PEP_20250826T192612,Sentinel-2A,54.34,27137,0.2172,0.0163,21204,0,11,0.0562,0.7404
chikitu_kokolishi,Playa Chikitu to Boka Kokolishi,2025-08-26,observed,0.0059,0.0,0.0,0.0,4357.9,0,S2A_MSIL2A_20250826T150941_R082_T19PEP_20250826T192612,Sentinel-2A,54.34,22273,0.0059,0.0029,22141,0,0,0.0068,0.7404
kralendijk,Kralendijk waterfront,2025-08-26,observed,0.1849,0.0,0.0,0.0,4588.0,0,S2A_MSIL2A_20250826T150941_R082_T19PEP_20250826T192612,Sentinel-2A,54.34,17593,0.1849,0.0513,14311,0,1,0.0562,0.7404
willemstoren_sorobon,Willemstoren to Sorobon,2025-08-29,observed,0.0962,0.0,0.0,0.0,8744.1,0,S2B_MSIL2A_20250829T150719_R082_T19PEP_20250829T184452,Sentinel-2B,22.05,45443,0.0962,0.0374,41063,0,0,0.0036,0.1016
lac_bay,Lac Bay,2025-08-29,partial,0.2963,0.0,0.0,0.0,8366.5,0,S2B_MSIL2A_20250829T150719_R082_T19PEP_20250829T184452,Sentinel-2B,22.05,39336,0.2963,0.2803,27660,2,2938,1.0,0.1016
cai_washikemba,Cai to Boka Washikemba,2025-08-29,observed,0.0469,0.0,0.0,0.0,9927.8,0,S2B_MSIL2A_20250829T150719_R082_T19PEP_20250829T184452,Sentinel-2B,22.05,56022,0.0469,0.0882,53396,0,107,0.4471,0.1016
washikemba_spelonk,Boka Washikemba to Spelonk,2025-08-29,observed,0.017,0.0,0.0,0.0,7367.7,0,S2B_MSIL2A_20250829T150719_R082_T19PEP_20250829T184452,Sentinel-2B,22.05,27588,0.017,0.1806,27134,0,2,0.0562,0.1016
spelonk_onima,Spelonk to Boka Onima,2025-08-29,observed,0.1179,0.0,0.0,0.0,15482.3,0,S2B_MSIL2A_20250829T150719_R082_T19PEP_20250829T184452,Sentinel-2B,22.05,75758,0.1179,0.1111,66852,0,147,0.0562,0.1016
onima_chikitu,Boka Onima to Playa Chikitu,2025-08-29,observed,0.0072,0.0,0.0,0.0,5415.7,0,S2B_MSIL2A_20250829T150719_R082_T19PEP_20250829T184452,Sentinel-2B,22.05,27137,0.0072,0.0546,26938,0,0,0.0004,0.1016
chikitu_kokolishi,Playa Chikitu to Boka Kokolishi,2025-08-29,observed,0.0053,0.0,0.0,0.0,4357.9,0,S2B_MSIL2A_20250829T150719_R082_T19PEP_20250829T184452,Sentinel-2B,22.05,22273,0.0053,0.0853,22154,0,0,0.0004,0.1016
kralendijk,Kralendijk waterfront,2025-08-29,partial,0.3274,0.0,0.0,0.0,4588.0,0,S2B_MSIL2A_20250829T150719_R082_T19PEP_20250829T184452,Sentinel-2B,22.05,17593,0.3274,0.2087,11823,0,43,0.1165,0.1016
