{
 "type": "FeatureCollection",
 "crs": {
  "type": "name",
  "properties": {
   "name": "urn:ogc:def:crs:OGC:1.3:CRS84"
  }
 },
 "properties": {
  "title": "Aruba mangrove and vegetated wetland",
  "source": "OpenStreetMap natural=wetland ways and relations, retrieved 2026-10-05 via Overpass.",
  "license": "Geometry (c) OpenStreetMap contributors, ODbL 1.0, https://www.openstreetmap.org/copyright",
  "method": "Kept: wetland=mangrove, swamp, marsh, saltmarsh, reedbed or wet_meadow. Left out: seagrass beds, tidal flats, salt pans and untagged wetland. The season runner buffers these polygons and removes them from the water side before classifying. Built by scripts/make_island_segments.py."
 },
 "features": [
  {
   "type": "Feature",
   "id": "way/87506270",
   "properties": {
    "wetland": "mangrove",
    "name": ""
   },
   "geometry": {
    "type": "Polygon",
    "coordinates": [
     [
      [
       -70.0222764,
       12.5010798
      ],
      [
       -70.0222659,
       12.5010722
      ],
      [
       -70.0222572,
       12.5010636
      ],
      [
       -70.0222581,
       12.5010525
      ],
      [
       -70.0222397,
       12.5010209
      ],
      [
       -70.0222274,
       12.5010115
      ],
      [
       -70.0222099,
       12.5010132
      ],
      [
       -70.0221845,
       12.5010311
      ],
      [
       -70.022174,
       12.5010286
      ],
      [
       -70.0221697,
       12.5010226
      ],
      [
       -70.0221767,
       12.5009765
      ],
      [
       -70.022181,
       12.5009483
      ],
      [
       -70.0221775,
       12.5009218
      ],
      [
       -70.0221644,
       12.5008868
      ],
      [
       -70.0221434,
       12.5008372
      ],
      [
       -70.0220962,
       12.5007518
      ],
      [
       -70.022083,
       12.5007364
      ],
      [
       -70.0220515,
       12.500709
      ],
      [
       -70.0220445,
       12.5006979
      ],
      [
       -70.021999,
       12.5006569
      ],
      [
       -70.0219955,
       12.5006415
      ],
      [
       -70.0220078,
       12.5006185
      ],
      [
       -70.0220104,
       12.5006014
      ],
      [
       -70.0220191,
       12.5005997
      ],
      [
       -70.0220428,
       12.5006253
      ],
      [
       -70.0220541,
       12.5006415
      ],
      [
       -70.0220699,
       12.5006612
      ],
      [
       -70.0220752,
       12.5006757
      ],
      [
       -70.0220883,
       12.5006928
      ],
      [
       -70.0220988,
       12.5007227
      ],
      [
       -70.0221093,
       12.5007449
      ],
      [
       -70.022125,
       12.5007757
      ],
      [
       -70.0221487,
       12.5008099
      ],
      [
       -70.0221574,
       12.5008218
      ],
      [
       -70.0221985,
       12.5009064
      ],
      [
       -70.0222327,
       12.50095
      ],
      [
       -70.0222467,
       12.5009756
      ],
      [
       -70.0222598,
       12.5009884
      ],
      [
       -70.0222685,
       12.5010069
      ],
      [
       -70.0222754,
       12.5010281
      ],
      [
       -70.0222903,
       12.5010648
      ],
      [
       -70.0222873,
       12.5010735
      ],
      [
       -70.0222764,
       12.5010798
      ]
     ]
    ]
   }
  },
  {
   "type": "Feature",
   "id": "way/97701037",
   "properties": {
    "wetland": "marsh",
    "name": ""
   },
   "geometry": {
    "type": "Polygon",
    "coordinates": [
     [
      [
       -70.0511526,
       12.5617892
      ],
      [
       -70.0511943,
       12.5617971
      ],
      [
       -70.0512303,
       12.5617952
      ],
      [
       -70.051274,
       12.5617864
      ],
      [
       -70.0512952,
       12.5618931
      ],
      [
       -70.0512717,
       12.5619475
      ],
      [
       -70.0512489,
       12.5619995
      ],
      [
       -70.0512313,
       12.5620535
      ],
      [
       -70.0512309,
       12.56208
      ],
      [
       -70.0512465,
       12.5621161
      ],
      [
       -70.0512612,
       12.5621474
      ],
      [
       -70.0512572,
       12.5621588
      ],
      [
       -70.0512128,
       12.5621776
      ],
      [
       -70.05116,
       12.5621945
      ],
      [
       -70.0511395,
       12.56221
      ],
      [
       -70.0511143,
       12.5622445
      ],
      [
       -70.0511014,
       12.562262
      ],
      [
       -70.0510988,
       12.5622767
      ],
      [
       -70.0510673,
       12.5623317
      ],
      [
       -70.0510197,
       12.5623879
      ],
      [
       -70.0510287,
       12.5624134
      ],
      [
       -70.0510328,
       12.5624472
      ],
      [
       -70.0510069,
       12.5624782
      ],
      [
       -70.0509893,
       12.5625314
      ],
      [
       -70.0509499,
       12.5625672
      ],
      [
       -70.0508901,
       12.5625911
      ],
      [
       -70.050829,
       12.5626508
      ],
      [
       -70.0507884,
       12.5626756
      ],
      [
       -70.0507746,
       12.5626959
      ],
      [
       -70.0507817,
       12.5627422
      ],
      [
       -70.0507645,
       12.5627737
      ],
      [
       -70.0507143,
       12.5628288
      ],
      [
       -70.0506667,
       12.5628832
      ],
      [
       -70.0506232,
       12.5629309
      ],
      [
       -70.0505961,
       12.5629588
      ],
      [
       -70.0505499,
       12.5629667
      ],
      [
       -70.0505009,
       12.5630118
      ],
      [
       -70.0504647,
       12.5630447
      ],
      [
       -70.0504076,
       12.5630778
      ],
      [
       -70.0503288,
       12.5630924
      ],
      [
       -70.0502717,
       12.5630951
      ],
      [
       -70.0502377,
       12.563115
      ],
      [
       -70.0502092,
       12.5631521
      ],
      [
       -70.0501575,
       12.5631773
      ],
      [
       -70.0499904,
       12.5631879
      ],
      [
       -70.0499277,
       12.5631849
      ],
      [
       -70.0498652,
       12.5632207
      ],
      [
       -70.0498475,
       12.5632751
      ],
      [
       -70.0497741,
       12.5633321
      ],
      [
       -70.0496749,
       12.5633706
      ],
      [
       -70.0495852,
       12.5634051
      ],
      [
       -70.0495214,
       12.5634648
      ],
      [
       -70.0494385,
       12.5635125
      ],
      [
       -70.0494061,
       12.5635949
      ],
      [
       -70.0493608,
       12.5636639
      ],
      [
       -70.0493046,
       12.5636993
      ],
      [
       -70.0492339,
       12.5637135
      ],
      [
       -70.049127,
       12.5636816
      ],
      [
       -70.0490128,
       12.5637046
      ],
      [
       -70.0488751,
       12.5637648
      ],
      [
       -70.0488008,
       12.5637948
      ],
      [
       -70.0487573,
       12.563809
      ],
      [
       -70.0487246,
       12.5638408
      ],
      [
       -70.0486612,
       12.5638762
      ],
      [
       -70.0485978,
       12.5638992
      ],
      [
       -70.048509,
       12.5639063
      ],
      [
       -70.0484582,
       12.5639293
      ],
      [
       -70.0484129,
       12.5639647
      ],
      [
       -70.0484056,
       12.5640354
      ],
      [
       -70.0484201,
       12.5640903
      ],
      [
       -70.048422,
       12.5641504
      ],
      [
       -70.0484187,
       12.5643508
      ],
      [
       -70.0484145,
       12.5644437
      ],
      [
       -70.0484337,
       12.5645
      ],
      [
       -70.0484158,
       12.5645288
      ],
      [
       -70.0483709,
       12.5645488
      ],
      [
       -70.0483706,
       12.5644991
      ],
      [
       -70.0483466,
       12.5644087
      ],
      [
       -70.0483184,
       12.5643412
      ],
      [
       -70.0482979,
       12.5642824
      ],
      [
       -70.0482774,
       12.5642223
      ],
      [
       -70.0483067,
       12.5641725
      ],
      [
       -70.048304,
       12.5641186
      ],
      [
       -70.048285,
       12.564054
      ],
      [
       -70.0482396,
       12.564
      ],
      [
       -70.0482088,
       12.5639885
      ],
      [
       -70.0481717,
       12.564008
      ],
      [
       -70.0481001,
       12.5640487
      ],
      [
       -70.0480457,
       12.5640832
      ],
      [
       -70.0479977,
       12.5641248
      ],
      [
       -70.0479651,
       12.5641805
      ],
      [
       -70.0480022,
       12.5641991
      ],
      [
       -70.0480473,
       12.5642401
      ],
      [
       -70.0480548,
       12.5643271
      ],
      [
       -70.0480311,
       12.5644105
      ],
      [
       -70.048012,
       12.5643111
      ],
      [
       -70.0479717,
       12.5642488
      ],
      [
       -70.047884,
       12.5642074
      ],
      [
       -70.047953,
       12.5641599
      ],
      [
       -70.0479893,
       12.5640992
      ],
      [
       -70.0480628,
       12.5640452
      ],
      [
       -70.0481502,
       12.5639966
      ],
      [
       -70.0482025,
       12.5639639
      ],
      [
       -70.0482547,
       12.5639817
      ],
      [
       -70.0482966,
       12.5640304
      ],
      [
       -70.0483341,
       12.564105
      ],
      [
       -70.0483605,
       12.5641901
      ],
      [
       -70.0483735,
       12.5641317
      ],
      [
       -70.048377,
       12.5640796
      ],
      [
       -70.0483672,
       12.5640462
      ],
      [
       -70.0483656,
       12.5639655
      ],
      [
       -70.0483748,
       12.5639238
      ],
      [
       -70.0483926,
       12.5638969
      ],
      [
       -70.0484226,
       12.5638705
      ],
      [
       -70.0484618,
       12.5638522
      ],
      [
       -70.048504,
       12.5638507
      ],
      [
       -70.0485346,
       12.5638571
      ],
      [
       -70.0485652,
       12.5638438
      ],
      [
       -70.048597,
       12.5638438
      ],
      [
       -70.0486397,
       12.5638321
      ],
      [
       -70.0486636,
       12.563802
      ],
      [
       -70.0486861,
       12.5637745
      ],
      [
       -70.0487175,
       12.5637601
      ],
      [
       -70.0487367,
       12.5637484
      ],
      [
       -70.0487578,
       12.5637488
      ],
      [
       -70.0487971,
       12.5637355
      ],
      [
       -70.0488359,
       12.5637031
      ],
      [
       -70.0488708,
       12.5636669
      ],
      [
       -70.0489112,
       12.5636488
      ],
      [
       -70.0489581,
       12.5636328
      ],
      [
       -70.0489821,
       12.5636179
      ],
      [
       -70.0490247,
       12.5636179
      ],
      [
       -70.0490563,
       12.5636062
      ],
      [
       -70.0490847,
       12.5635753
      ],
      [
       -70.0491185,
       12.5635647
      ],
      [
       -70.0491556,
       12.5635732
      ],
      [
       -70.0492047,
       12.5635466
      ],
      [
       -70.049255,
       12.5635423
      ],
      [
       -70.0492888,
       12.5635274
      ],
      [
       -70.0493084,
       12.5634954
      ],
      [
       -70.0493215,
       12.5634763
      ],
      [
       -70.0493434,
       12.5634634
      ],
      [
       -70.0493675,
       12.5634739
      ],
      [
       -70.049386,
       12.5634822
      ],
      [
       -70.0494192,
       12.5634603
      ],
      [
       -70.0494532,
       12.5634249
      ],
      [
       -70.0494925,
       12.563379
      ],
      [
       -70.049528,
       12.5633232
      ],
      [
       -70.0495396,
       12.5632826
      ],
      [
       -70.0495611,
       12.5632605
      ],
      [
       -70.0496137,
       12.5632494
      ],
      [
       -70.0496515,
       12.5632502
      ],
      [
       -70.0496878,
       12.5632441
      ],
      [
       -70.0497051,
       12.5632222
      ],
      [
       -70.049724,
       12.5631986
      ],
      [
       -70.0497761,
       12.5631851
      ],
      [
       -70.0498343,
       12.5631533
      ],
      [
       -70.0498708,
       12.5631422
      ],
      [
       -70.0498911,
       12.563121
      ],
      [
       -70.0498884,
       12.5631004
      ],
      [
       -70.0499047,
       12.5630805
      ],
      [
       -70.0499102,
       12.56306
      ],
      [
       -70.0499238,
       12.5630407
      ],
      [
       -70.0499564,
       12.5630308
      ],
      [
       -70.0499795,
       12.5629936
      ],
      [
       -70.0500175,
       12.5629552
      ],
      [
       -70.0500624,
       12.5629353
      ],
      [
       -70.0501303,
       12.5629008
      ],
      [
       -70.050158,
       12.5628932
      ],
      [
       -70.0501743,
       12.5629031
      ],
      [
       -70.0501977,
       12.5628958
      ],
      [
       -70.0502077,
       12.5628744
      ],
      [
       -70.0502503,
       12.5628601
      ],
      [
       -70.0502996,
       12.5628426
      ],
      [
       -70.0503315,
       12.5628247
      ],
      [
       -70.0503613,
       12.562806
      ],
      [
       -70.0503829,
       12.5627863
      ],
      [
       -70.0503968,
       12.5627727
      ],
      [
       -70.0503988,
       12.562759
      ],
      [
       -70.0504145,
       12.5627444
      ],
      [
       -70.0504352,
       12.5627375
      ],
      [
       -70.0504582,
       12.5627335
      ],
      [
       -70.0504787,
       12.5627188
      ],
      [
       -70.0504951,
       12.5626947
      ],
      [
       -70.0505025,
       12.5626938
      ],
      [
       -70.0505224,
       12.5626972
      ],
      [
       -70.0505516,
       12.5626473
      ],
      [
       -70.0505775,
       12.5626293
      ],
      [
       -70.0506104,
       12.5626216
      ],
      [
       -70.0506221,
       12.5626051
      ],
      [
       -70.0506366,
       12.5625843
      ],
      [
       -70.0506656,
       12.5625677
      ],
      [
       -70.0506878,
       12.562546
      ],
      [
       -70.0506875,
       12.562526
      ],
      [
       -70.050694,
       12.5625128
      ],
      [
       -70.0507048,
       12.5625048
      ],
      [
       -70.0507075,
       12.5624856
      ],
      [
       -70.0507117,
       12.5624678
      ],
      [
       -70.0507306,
       12.5624578
      ],
      [
       -70.0507724,
       12.5624364
      ],
      [
       -70.0508075,
       12.5624137
      ],
      [
       -70.0508447,
       12.5623941
      ],
      [
       -70.0508712,
       12.5623791
      ],
      [
       -70.0509057,
       12.5623681
      ],
      [
       -70.0509169,
       12.5623485
      ],
      [
       -70.0509414,
       12.5623307
      ],
      [
       -70.0509453,
       12.5622999
      ],
      [
       -70.0509503,
       12.5622368
      ],
      [
       -70.0509667,
       12.5621581
      ],
      [
       -70.050986,
       12.5621049
      ],
      [
       -70.0509983,
       12.5620237
      ],
      [
       -70.0509998,
       12.5619446
      ],
      [
       -70.0510013,
       12.5619221
      ],
      [
       -70.0510143,
       12.5619037
      ],
      [
       -70.0510288,
       12.5618748
      ],
      [
       -70.0510433,
       12.5618471
      ],
      [
       -70.0510445,
       12.5618128
      ],
      [
       -70.0510455,
       12.5617903
      ],
      [
       -70.0510665,
       12.5617753
      ],
      [
       -70.0510814,
       12.5617675
      ],
      [
       -70.0511526,
       12.5617892
      ]
     ]
    ]
   }
  },
  {
   "type": "Feature",
   "id": "way/97722010",
   "properties": {
    "wetland": "marsh",
    "name": ""
   },
   "geometry": {
    "type": "Polygon",
    "coordinates": [
     [
      [
       -70.0520398,
       12.5598675
      ],
      [
       -70.0520605,
       12.559828
      ],
      [
       -70.052091,
       12.5597949
      ],
      [
       -70.0521214,
       12.5597487
      ],
      [
       -70.0521579,
       12.5596587
      ],
      [
       -70.0521656,
       12.5595742
      ],
      [
       -70.0522386,
       12.5594486
      ],
      [
       -70.0522617,
       12.5593135
      ],
      [
       -70.052279,
       12.5591953
      ],
      [
       -70.0523097,
       12.5591316
      ],
      [
       -70.0523481,
       12.5590546
      ],
      [
       -70.0523326,
       12.5589765
      ],
      [
       -70.052319,
       12.5589287
      ],
      [
       -70.0523231,
       12.5588571
      ],
      [
       -70.0523299,
       12.5587762
      ],
      [
       -70.0523109,
       12.5587006
      ],
      [
       -70.0522878,
       12.558621
      ],
      [
       -70.0522878,
       12.5585706
      ],
      [
       -70.052334,
       12.5585454
      ],
      [
       -70.052363,
       12.5585068
      ],
      [
       -70.0523965,
       12.558438
      ],
      [
       -70.0524193,
       12.5583815
      ],
      [
       -70.0524313,
       12.5583152
      ],
      [
       -70.0524308,
       12.5582788
      ],
      [
       -70.052452,
       12.5582494
      ],
      [
       -70.0524441,
       12.5582203
      ],
      [
       -70.0524489,
       12.5582015
      ],
      [
       -70.0524864,
       12.5581865
      ],
      [
       -70.0524986,
       12.5581748
      ],
      [
       -70.0525267,
       12.5581753
      ],
      [
       -70.0525489,
       12.5581745
      ],
      [
       -70.0525642,
       12.5581617
      ],
      [
       -70.0526075,
       12.558165
      ],
      [
       -70.0526213,
       12.5581725
      ],
      [
       -70.0526382,
       12.5581678
      ],
      [
       -70.0526383,
       12.5581503
      ],
      [
       -70.0526521,
       12.5581404
      ],
      [
       -70.0526673,
       12.5581516
      ],
      [
       -70.052704,
       12.5581477
      ],
      [
       -70.0527156,
       12.5581291
      ],
      [
       -70.0527447,
       12.5581246
      ],
      [
       -70.052784,
       12.5581266
      ],
      [
       -70.0528324,
       12.5581205
      ],
      [
       -70.0528553,
       12.5581154
      ],
      [
       -70.0528145,
       12.5581554
      ],
      [
       -70.052796,
       12.5582021
      ],
      [
       -70.052756,
       12.5582376
      ],
      [
       -70.052756,
       12.5582748
      ],
      [
       -70.0527631,
       12.5583077
      ],
      [
       -70.0527081,
       12.558332
      ],
      [
       -70.0526427,
       12.5583577
      ],
      [
       -70.0525881,
       12.5584427
      ],
      [
       -70.0525468,
       12.5585361
      ],
      [
       -70.0525209,
       12.5586316
      ],
      [
       -70.0524592,
       12.5587355
      ],
      [
       -70.052421,
       12.5588641
      ],
      [
       -70.0524154,
       12.5588909
      ],
      [
       -70.0524212,
       12.5589461
      ],
      [
       -70.0524217,
       12.5590054
      ],
      [
       -70.0524231,
       12.5590563
      ],
      [
       -70.0524294,
       12.5591342
      ],
      [
       -70.0524368,
       12.5591935
      ],
      [
       -70.0524608,
       12.5592197
      ],
      [
       -70.0524781,
       12.5592713
      ],
      [
       -70.0525041,
       12.5592807
      ],
      [
       -70.052505,
       12.5593098
      ],
      [
       -70.0524747,
       12.5593351
      ],
      [
       -70.0524271,
       12.5593502
      ],
      [
       -70.0523881,
       12.5593658
      ],
      [
       -70.0523615,
       12.5593988
      ],
      [
       -70.0523408,
       12.559434
      ],
      [
       -70.0523517,
       12.5594585
      ],
      [
       -70.0523731,
       12.5594929
      ],
      [
       -70.0523729,
       12.5595214
      ],
      [
       -70.0523481,
       12.559537
      ],
      [
       -70.0523275,
       12.5595362
      ],
      [
       -70.0523115,
       12.5595249
      ],
      [
       -70.0523012,
       12.5595266
      ],
      [
       -70.0522843,
       12.5595501
      ],
      [
       -70.0522745,
       12.5595824
      ],
      [
       -70.0522885,
       12.5596319
      ],
      [
       -70.0522985,
       12.5596796
      ],
      [
       -70.0523005,
       12.5597081
      ],
      [
       -70.0522836,
       12.5597353
      ],
      [
       -70.0522435,
       12.5597539
      ],
      [
       -70.0522117,
       12.5597532
      ],
      [
       -70.0521836,
       12.5597708
      ],
      [
       -70.05213,
       12.5598289
      ],
      [
       -70.0520789,
       12.5598603
      ],
      [
       -70.0520398,
       12.5598675
      ]
     ]
    ]
   }
  },
  {
   "type": "Feature",
   "id": "way/261451853",
   "properties": {
    "wetland": "mangrove",
    "name": "Parkietenbos Mangrove"
   },
   "geometry": {
    "type": "Polygon",
    "coordinates": [
     [
      [
       -70.0113752,
       12.4936269
      ],
      [
       -70.0113343,
       12.4937014
      ],
      [
       -70.0103847,
       12.4931008
      ],
      [
       -70.0098825,
       12.4929428
      ],
      [
       -70.0093293,
       12.4926543
      ],
      [
       -70.006223,
       12.490838
      ],
      [
       -70.0055697,
       12.490299
      ],
      [
       -70.0052219,
       12.4899184
      ],
      [
       -70.0051717,
       12.4897929
      ],
      [
       -70.0055373,
       12.4895541
      ],
      [
       -70.005723,
       12.4894301
      ],
      [
       -70.0061416,
       12.4893338
      ],
      [
       -70.0078965,
       12.490295
      ],
      [
       -70.0080144,
       12.490324
      ],
      [
       -70.0089652,
       12.4883442
      ],
      [
       -70.0091409,
       12.4883494
      ],
      [
       -70.0099254,
       12.4890198
      ],
      [
       -70.0100475,
       12.4891979
      ],
      [
       -70.0101118,
       12.4896221
      ],
      [
       -70.0108253,
       12.4899364
      ],
      [
       -70.0109806,
       12.4900028
      ],
      [
       -70.0109978,
       12.49008
      ],
      [
       -70.0109017,
       12.490165
      ],
      [
       -70.0106204,
       12.4901679
      ],
      [
       -70.0104158,
       12.4901082
      ],
      [
       -70.0102842,
       12.4900316
      ],
      [
       -70.0102041,
       12.4899704
      ],
      [
       -70.0101349,
       12.4898866
      ],
      [
       -70.0100277,
       12.4898023
      ],
      [
       -70.0099201,
       12.4898022
      ],
      [
       -70.0098497,
       12.4898317
      ],
      [
       -70.0098306,
       12.4899015
      ],
      [
       -70.0097802,
       12.4900116
      ],
      [
       -70.0097081,
       12.490096
      ],
      [
       -70.0095974,
       12.4901431
      ],
      [
       -70.0095169,
       12.490224
      ],
      [
       -70.009459,
       12.4903427
      ],
      [
       -70.0094467,
       12.4905641
      ],
      [
       -70.0094301,
       12.490759
      ],
      [
       -70.0094159,
       12.4909203
      ],
      [
       -70.0094014,
       12.4910176
      ],
      [
       -70.009337,
       12.4911229
      ],
      [
       -70.0092125,
       12.4911979
      ],
      [
       -70.0091607,
       12.4912484
      ],
      [
       -70.0091544,
       12.4913316
      ],
      [
       -70.0091943,
       12.4913945
      ],
      [
       -70.0092748,
       12.4914492
      ],
      [
       -70.0093951,
       12.4914856
      ],
      [
       -70.0094471,
       12.4915821
      ],
      [
       -70.0094686,
       12.4916726
      ],
      [
       -70.0094209,
       12.4917476
      ],
      [
       -70.0094126,
       12.491859
      ],
      [
       -70.0094458,
       12.4919603
      ],
      [
       -70.0094804,
       12.491984
      ],
      [
       -70.0094831,
       12.4920333
      ],
      [
       -70.009514,
       12.492185
      ],
      [
       -70.0095587,
       12.4922965
      ],
      [
       -70.0095587,
       12.4923714
      ],
      [
       -70.0095131,
       12.4924444
      ],
      [
       -70.0095086,
       12.4925635
      ],
      [
       -70.0096023,
       12.492649
      ],
      [
       -70.0097096,
       12.4926833
      ],
      [
       -70.0098576,
       12.492722
      ],
      [
       -70.0100174,
       12.4927139
      ],
      [
       -70.0101315,
       12.4927118
      ],
      [
       -70.0102136,
       12.4926845
      ],
      [
       -70.0102581,
       12.492647
      ],
      [
       -70.0103349,
       12.4926531
      ],
      [
       -70.0103826,
       12.492724
      ],
      [
       -70.0104656,
       12.4927645
      ],
      [
       -70.0105196,
       12.4927807
      ],
      [
       -70.0105756,
       12.4928091
      ],
      [
       -70.0106005,
       12.4928557
      ],
      [
       -70.0106358,
       12.4929084
      ],
      [
       -70.0107105,
       12.4929246
      ],
      [
       -70.0107769,
       12.4929651
      ],
      [
       -70.01084,
       12.4929834
      ],
      [
       -70.0108599,
       12.4930522
      ],
      [
       -70.0109139,
       12.4931961
      ],
      [
       -70.0109685,
       12.4933412
      ],
      [
       -70.0110384,
       12.4934007
      ],
      [
       -70.0111546,
       12.4934271
      ],
      [
       -70.0112646,
       12.4934311
      ],
      [
       -70.0113912,
       12.4935365
      ],
      [
       -70.0113752,
       12.4936269
      ]
     ]
    ]
   }
  },
  {
   "type": "Feature",
   "id": "way/377266721",
   "properties": {
    "wetland": "marsh",
    "name": ""
   },
   "geometry": {
    "type": "Polygon",
    "coordinates": [
     [
      [
       -70.0512558,
       12.5616062
      ],
      [
       -70.0512313,
       12.561608
      ],
      [
       -70.0512208,
       12.5616163
      ],
      [
       -70.0511912,
       12.5616213
      ],
      [
       -70.0511593,
       12.5616189
      ],
      [
       -70.051124,
       12.5616077
      ],
      [
       -70.0511062,
       12.5615919
      ],
      [
       -70.0511028,
       12.5615671
      ],
      [
       -70.0511226,
       12.5615412
      ],
      [
       -70.0511457,
       12.5615028
      ],
      [
       -70.0511515,
       12.5614596
      ],
      [
       -70.0511498,
       12.5614366
      ],
      [
       -70.0511582,
       12.5614184
      ],
      [
       -70.0511889,
       12.5613677
      ],
      [
       -70.0512399,
       12.5613377
      ],
      [
       -70.0512793,
       12.5612664
      ],
      [
       -70.0512985,
       12.5612177
      ],
      [
       -70.0513254,
       12.5611954
      ],
      [
       -70.0513646,
       12.5611449
      ],
      [
       -70.0513911,
       12.5610978
      ],
      [
       -70.0514201,
       12.5610547
      ],
      [
       -70.0514383,
       12.561019
      ],
      [
       -70.0514644,
       12.5609794
      ],
      [
       -70.0514802,
       12.5609336
      ],
      [
       -70.0514977,
       12.5609089
      ],
      [
       -70.0515185,
       12.5608756
      ],
      [
       -70.0515392,
       12.560833
      ],
      [
       -70.0515618,
       12.560792
      ],
      [
       -70.0516072,
       12.560749
      ],
      [
       -70.0516406,
       12.5607101
      ],
      [
       -70.051661,
       12.5606624
      ],
      [
       -70.0516964,
       12.5605954
      ],
      [
       -70.051748,
       12.560537
      ],
      [
       -70.0517797,
       12.5604993
      ],
      [
       -70.0518117,
       12.5604633
      ],
      [
       -70.0518312,
       12.5604401
      ],
      [
       -70.0518319,
       12.5604175
      ],
      [
       -70.051859,
       12.5604051
      ],
      [
       -70.0518768,
       12.5603753
      ],
      [
       -70.0518945,
       12.5603395
      ],
      [
       -70.0519081,
       12.5603196
      ],
      [
       -70.0519278,
       12.5603044
      ],
      [
       -70.0519346,
       12.5602831
      ],
      [
       -70.0519387,
       12.5602513
      ],
      [
       -70.0519529,
       12.5602407
      ],
      [
       -70.0519618,
       12.5602029
      ],
      [
       -70.0519579,
       12.5601538
      ],
      [
       -70.0519693,
       12.5600821
      ],
      [
       -70.0519453,
       12.5599996
      ],
      [
       -70.0519414,
       12.5599761
      ],
      [
       -70.0519607,
       12.5599593
      ],
      [
       -70.0519957,
       12.5599364
      ],
      [
       -70.0519966,
       12.5599539
      ],
      [
       -70.0519781,
       12.559984
      ],
      [
       -70.0519837,
       12.5600269
      ],
      [
       -70.0519945,
       12.5601057
      ],
      [
       -70.0520003,
       12.5601591
      ],
      [
       -70.0519953,
       12.5602098
      ],
      [
       -70.051978,
       12.5602585
      ],
      [
       -70.0519406,
       12.5603406
      ],
      [
       -70.0518862,
       12.5604281
      ],
      [
       -70.0517948,
       12.5605536
      ],
      [
       -70.0517404,
       12.5606101
      ],
      [
       -70.0517199,
       12.5606771
      ],
      [
       -70.0516733,
       12.5607345
      ],
      [
       -70.0516806,
       12.5607939
      ],
      [
       -70.0516641,
       12.5608497
      ],
      [
       -70.0516078,
       12.5608711
      ],
      [
       -70.0515679,
       12.5608763
      ],
      [
       -70.0515429,
       12.5609045
      ],
      [
       -70.051522,
       12.5609372
      ],
      [
       -70.0515131,
       12.5609469
      ],
      [
       -70.0515076,
       12.5609916
      ],
      [
       -70.051465,
       12.5610588
      ],
      [
       -70.0514194,
       12.5611186
      ],
      [
       -70.0514164,
       12.5611733
      ],
      [
       -70.0514311,
       12.5612062
      ],
      [
       -70.0514572,
       12.5612267
      ],
      [
       -70.0514542,
       12.5612564
      ],
      [
       -70.0514196,
       12.5612911
      ],
      [
       -70.0513756,
       12.561346
      ],
      [
       -70.0513329,
       12.561394
      ],
      [
       -70.0512959,
       12.561449
      ],
      [
       -70.051281,
       12.5615578
      ],
      [
       -70.0512927,
       12.5616106
      ],
      [
       -70.0512558,
       12.5616062
      ]
     ]
    ]
   }
  },
  {
   "type": "Feature",
   "id": "way/377267535",
   "properties": {
    "wetland": "mangrove",
    "name": ""
   },
   "geometry": {
    "type": "Polygon",
    "coordinates": [
     [
      [
       -70.0480473,
       12.5642401
      ],
      [
       -70.0480022,
       12.5641991
      ],
      [
       -70.0479651,
       12.5641805
      ],
      [
       -70.0479977,
       12.5641248
      ],
      [
       -70.0480457,
       12.5640832
      ],
      [
       -70.0481001,
       12.5640487
      ],
      [
       -70.0481717,
       12.564008
      ],
      [
       -70.0482088,
       12.5639885
      ],
      [
       -70.0482396,
       12.564
      ],
      [
       -70.048285,
       12.564054
      ],
      [
       -70.048304,
       12.5641186
      ],
      [
       -70.0483067,
       12.5641725
      ],
      [
       -70.0482774,
       12.5642223
      ],
      [
       -70.0482453,
       12.5642148
      ],
      [
       -70.0482043,
       12.5642261
      ],
      [
       -70.0481556,
       12.5642373
      ],
      [
       -70.0480834,
       12.5642216
      ],
      [
       -70.0480473,
       12.5642401
      ]
     ]
    ]
   }
  },
  {
   "type": "Feature",
   "id": "way/377945294",
   "properties": {
    "wetland": "marsh",
    "name": ""
   },
   "geometry": {
    "type": "Polygon",
    "coordinates": [
     [
      [
       -70.0532181,
       12.5578056
      ],
      [
       -70.0532186,
       12.5578206
      ],
      [
       -70.0531991,
       12.5578693
      ],
      [
       -70.0531727,
       12.5578963
      ],
      [
       -70.05315,
       12.5579091
      ],
      [
       -70.0531198,
       12.5579256
      ],
      [
       -70.0531098,
       12.5579381
      ],
      [
       -70.0530677,
       12.5579154
      ],
      [
       -70.0530327,
       12.5579272
      ],
      [
       -70.0530023,
       12.557919
      ],
      [
       -70.052985,
       12.5579064
      ],
      [
       -70.0529768,
       12.557897
      ],
      [
       -70.0529566,
       12.5579008
      ],
      [
       -70.0529451,
       12.5578951
      ],
      [
       -70.0529264,
       12.5578562
      ],
      [
       -70.0529328,
       12.557851
      ],
      [
       -70.0529389,
       12.557841
      ],
      [
       -70.0529247,
       12.5578296
      ],
      [
       -70.0529019,
       12.557799
      ],
      [
       -70.0528983,
       12.5577881
      ],
      [
       -70.052904,
       12.5577805
      ],
      [
       -70.0529301,
       12.5577901
      ],
      [
       -70.0529559,
       12.5577721
      ],
      [
       -70.0529679,
       12.557753
      ],
      [
       -70.052974,
       12.5577166
      ],
      [
       -70.052973,
       12.5576681
      ],
      [
       -70.0529652,
       12.557624
      ],
      [
       -70.0529428,
       12.5575946
      ],
      [
       -70.0529108,
       12.5575748
      ],
      [
       -70.0528697,
       12.557558
      ],
      [
       -70.052778,
       12.5575451
      ],
      [
       -70.0526692,
       12.5575427
      ],
      [
       -70.0526191,
       12.5575165
      ],
      [
       -70.0525983,
       12.5574724
      ],
      [
       -70.0525904,
       12.5574378
      ],
      [
       -70.0525898,
       12.5574032
      ],
      [
       -70.0525977,
       12.5573567
      ],
      [
       -70.0526136,
       12.5573346
      ],
      [
       -70.0526154,
       12.5573036
      ],
      [
       -70.0526356,
       12.5572523
      ],
      [
       -70.0526588,
       12.5572273
      ],
      [
       -70.0526845,
       12.5572225
      ],
      [
       -70.0527138,
       12.5572088
      ],
      [
       -70.0527431,
       12.5571968
      ],
      [
       -70.0527633,
       12.557173
      ],
      [
       -70.0527898,
       12.5571433
      ],
      [
       -70.0527958,
       12.5570888
      ],
      [
       -70.052786,
       12.5570339
      ],
      [
       -70.0527603,
       12.556988
      ],
      [
       -70.0527597,
       12.556957
      ],
      [
       -70.0527658,
       12.5569337
      ],
      [
       -70.0527848,
       12.5568932
      ],
      [
       -70.052808,
       12.5568693
      ],
      [
       -70.0528068,
       12.5568568
      ],
      [
       -70.0528202,
       12.5568443
      ],
      [
       -70.0528342,
       12.5568388
      ],
      [
       -70.052856,
       12.5568455
      ],
      [
       -70.052878,
       12.5568535
      ],
      [
       -70.0528979,
       12.5568405
      ],
      [
       -70.0529225,
       12.5568422
      ],
      [
       -70.0529398,
       12.5568287
      ],
      [
       -70.0529683,
       12.5568059
      ],
      [
       -70.0530262,
       12.5567772
      ],
      [
       -70.0530573,
       12.5567511
      ],
      [
       -70.0530772,
       12.5567022
      ],
      [
       -70.0530815,
       12.5566566
      ],
      [
       -70.0530714,
       12.5566106
      ],
      [
       -70.0530812,
       12.5565888
      ],
      [
       -70.0530673,
       12.5565466
      ],
      [
       -70.0530492,
       12.5565179
      ],
      [
       -70.0530457,
       12.5564901
      ],
      [
       -70.0530311,
       12.556464
      ],
      [
       -70.0530138,
       12.5564564
      ],
      [
       -70.0530057,
       12.5564407
      ],
      [
       -70.0529994,
       12.5564284
      ],
      [
       -70.0529678,
       12.5563845
      ],
      [
       -70.0529393,
       12.5563718
      ],
      [
       -70.0529315,
       12.5563516
      ],
      [
       -70.052916,
       12.5563398
      ],
      [
       -70.0528923,
       12.5563416
      ],
      [
       -70.0529262,
       12.5563131
      ],
      [
       -70.0529653,
       12.5563
      ],
      [
       -70.0529934,
       12.5563047
      ],
      [
       -70.0530288,
       12.5563453
      ],
      [
       -70.0530691,
       12.5563441
      ],
      [
       -70.0530899,
       12.5563274
      ],
      [
       -70.0530801,
       12.5562689
      ],
      [
       -70.053118,
       12.5562451
      ],
      [
       -70.0531547,
       12.556263
      ],
      [
       -70.0531693,
       12.5563035
      ],
      [
       -70.0531779,
       12.5563548
      ],
      [
       -70.0531571,
       12.5563942
      ],
      [
       -70.0530948,
       12.5564383
      ],
      [
       -70.0531095,
       12.5564741
      ],
      [
       -70.0531278,
       12.5565123
      ],
      [
       -70.0531339,
       12.5565552
      ],
      [
       -70.0531644,
       12.556585
      ],
      [
       -70.0531632,
       12.5566351
      ],
      [
       -70.0531779,
       12.5566637
      ],
      [
       -70.0532084,
       12.5566613
      ],
      [
       -70.0532708,
       12.5567186
      ],
      [
       -70.0533648,
       12.5568355
      ],
      [
       -70.0534284,
       12.556907
      ],
      [
       -70.0534418,
       12.5569679
      ],
      [
       -70.053432,
       12.5570239
      ],
      [
       -70.0534332,
       12.5570972
      ],
      [
       -70.0534246,
       12.5571449
      ],
      [
       -70.0533855,
       12.5571842
      ],
      [
       -70.0533831,
       12.5572141
      ],
      [
       -70.0534148,
       12.5572594
      ],
      [
       -70.0534258,
       12.5573023
      ],
      [
       -70.0533611,
       12.5573107
      ],
      [
       -70.0533,
       12.5573202
      ],
      [
       -70.0532584,
       12.5573643
      ],
      [
       -70.0532426,
       12.5574132
      ],
      [
       -70.0532584,
       12.5574562
      ],
      [
       -70.0532474,
       12.5575146
      ],
      [
       -70.0532646,
       12.5575659
      ],
      [
       -70.0532462,
       12.5576208
      ],
      [
       -70.0532426,
       12.5576876
      ],
      [
       -70.0532389,
       12.5577543
      ],
      [
       -70.0532181,
       12.5578056
      ]
     ]
    ]
   }
  },
  {
   "type": "Feature",
   "id": "way/377949649",
   "properties": {
    "wetland": "marsh",
    "name": ""
   },
   "geometry": {
    "type": "Polygon",
    "coordinates": [
     [
      [
       -70.0528154,
       12.5554947
      ],
      [
       -70.0528533,
       12.555554
      ],
      [
       -70.0529108,
       12.5556339
      ],
      [
       -70.0529254,
       12.5557258
      ],
      [
       -70.0529535,
       12.5557794
      ],
      [
       -70.053,
       12.5558391
      ],
      [
       -70.0530079,
       12.5558922
      ],
      [
       -70.052981,
       12.555919
      ],
      [
       -70.052934,
       12.555922
      ],
      [
       -70.0528766,
       12.5558951
      ],
      [
       -70.0527995,
       12.5558912
      ],
      [
       -70.0527188,
       12.5559163
      ],
      [
       -70.0526724,
       12.5559532
      ],
      [
       -70.0526333,
       12.5560212
      ],
      [
       -70.0526247,
       12.5561166
      ],
      [
       -70.0526284,
       12.5561989
      ],
      [
       -70.0526638,
       12.5562884
      ],
      [
       -70.0526895,
       12.5563027
      ],
      [
       -70.0527274,
       12.5562931
      ],
      [
       -70.0527701,
       12.5563098
      ],
      [
       -70.0527855,
       12.5563524
      ],
      [
       -70.0527271,
       12.5563716
      ],
      [
       -70.0526964,
       12.5563561
      ],
      [
       -70.0526684,
       12.5563303
      ],
      [
       -70.0526342,
       12.5563039
      ],
      [
       -70.0525955,
       12.5562859
      ],
      [
       -70.0525859,
       12.5562614
      ],
      [
       -70.0525625,
       12.5562338
      ],
      [
       -70.0525431,
       12.5561811
      ],
      [
       -70.0525309,
       12.5561382
      ],
      [
       -70.0525246,
       12.5560831
      ],
      [
       -70.0525278,
       12.5560352
      ],
      [
       -70.0525161,
       12.5559961
      ],
      [
       -70.0524588,
       12.5559559
      ],
      [
       -70.0523549,
       12.5558957
      ],
      [
       -70.0522969,
       12.5558343
      ],
      [
       -70.0522757,
       12.5557955
      ],
      [
       -70.0522427,
       12.5557562
      ],
      [
       -70.052203,
       12.5557344
      ],
      [
       -70.0521168,
       12.5556846
      ],
      [
       -70.0520747,
       12.5556601
      ],
      [
       -70.0520619,
       12.5556434
      ],
      [
       -70.0520619,
       12.5556118
      ],
      [
       -70.0520747,
       12.5556041
      ],
      [
       -70.0520821,
       12.5555879
      ],
      [
       -70.0520898,
       12.5555403
      ],
      [
       -70.0521344,
       12.5554862
      ],
      [
       -70.0522224,
       12.5554457
      ],
      [
       -70.052308,
       12.5554397
      ],
      [
       -70.0524013,
       12.5554313
      ],
      [
       -70.0525145,
       12.5554423
      ],
      [
       -70.0526147,
       12.5554541
      ],
      [
       -70.0527366,
       12.5554726
      ],
      [
       -70.0528154,
       12.5554947
      ]
     ]
    ]
   }
  },
  {
   "type": "Feature",
   "id": "way/377956334",
   "properties": {
    "wetland": "marsh",
    "name": ""
   },
   "geometry": {
    "type": "Polygon",
    "coordinates": [
     [
      [
       -70.0516293,
       12.5559632
      ],
      [
       -70.05168,
       12.5559808
      ],
      [
       -70.0517353,
       12.5559675
      ],
      [
       -70.0517949,
       12.5559796
      ],
      [
       -70.0518621,
       12.5559378
      ],
      [
       -70.0519049,
       12.5558746
      ],
      [
       -70.0519464,
       12.5558454
      ],
      [
       -70.0520056,
       12.5558382
      ],
      [
       -70.0520686,
       12.5558388
      ],
      [
       -70.0521382,
       12.5558609
      ],
      [
       -70.0521529,
       12.5558597
      ],
      [
       -70.0521773,
       12.5558477
      ],
      [
       -70.0522079,
       12.5558513
      ],
      [
       -70.0522292,
       12.5558835
      ],
      [
       -70.0522408,
       12.555911
      ],
      [
       -70.0522506,
       12.5559402
      ],
      [
       -70.0522903,
       12.5559533
      ],
      [
       -70.0523325,
       12.5559432
      ],
      [
       -70.0523667,
       12.5559221
      ],
      [
       -70.0524441,
       12.5559708
      ],
      [
       -70.0524815,
       12.5560054
      ],
      [
       -70.0524893,
       12.5560376
      ],
      [
       -70.0524757,
       12.5560621
      ],
      [
       -70.0524869,
       12.5560739
      ],
      [
       -70.0524741,
       12.55609
      ],
      [
       -70.0524511,
       12.5561269
      ],
      [
       -70.0523504,
       12.5562353
      ],
      [
       -70.0522521,
       12.5563483
      ],
      [
       -70.0521686,
       12.5564613
      ],
      [
       -70.052127,
       12.556556
      ],
      [
       -70.0520742,
       12.5566453
      ],
      [
       -70.0520656,
       12.5567127
      ],
      [
       -70.0520242,
       12.5568067
      ],
      [
       -70.0519448,
       12.5569026
      ],
      [
       -70.0518816,
       12.5569759
      ],
      [
       -70.0518142,
       12.5570687
      ],
      [
       -70.0517278,
       12.5572087
      ],
      [
       -70.0516967,
       12.557212
      ],
      [
       -70.0516708,
       12.5572107
      ],
      [
       -70.0516449,
       12.5572233
      ],
      [
       -70.0516086,
       12.5572065
      ],
      [
       -70.0515486,
       12.5571816
      ],
      [
       -70.05146,
       12.5571614
      ],
      [
       -70.05149,
       12.5570781
      ],
      [
       -70.0514302,
       12.5569655
      ],
      [
       -70.0513114,
       12.5568237
      ],
      [
       -70.0513183,
       12.5567246
      ],
      [
       -70.0513547,
       12.5566095
      ],
      [
       -70.0514371,
       12.5563999
      ],
      [
       -70.0516293,
       12.5559632
      ]
     ]
    ]
   }
  },
  {
   "type": "Feature",
   "id": "way/377983557",
   "properties": {
    "wetland": "mangrove",
    "name": ""
   },
   "geometry": {
    "type": "Polygon",
    "coordinates": [
     [
      [
       -70.0493788,
       12.5590785
      ],
      [
       -70.049422,
       12.5590802
      ],
      [
       -70.0494549,
       12.5590701
      ],
      [
       -70.0494998,
       12.5590785
      ],
      [
       -70.0494981,
       12.5591139
      ],
      [
       -70.0494704,
       12.5591325
      ],
      [
       -70.0494531,
       12.5591746
      ],
      [
       -70.0494376,
       12.5592151
      ],
      [
       -70.0493788,
       12.5592387
      ],
      [
       -70.0493477,
       12.5592067
      ],
      [
       -70.0493425,
       12.5591493
      ],
      [
       -70.0493788,
       12.5590785
      ]
     ]
    ]
   }
  },
  {
   "type": "Feature",
   "id": "way/377983560",
   "properties": {
    "wetland": "mangrove",
    "name": "Bubali Bird sanctuary"
   },
   "geometry": {
    "type": "Polygon",
    "coordinates": [
     [
      [
       -70.0493771,
       12.5589436
      ],
      [
       -70.0493184,
       12.5589301
      ],
      [
       -70.049289,
       12.5588963
      ],
      [
       -70.0492769,
       12.5588339
      ],
      [
       -70.0492993,
       12.5587951
      ],
      [
       -70.0493546,
       12.5587732
      ],
      [
       -70.0494013,
       12.5587715
      ],
      [
       -70.0494531,
       12.5587732
      ],
      [
       -70.0494808,
       12.5587867
      ],
      [
       -70.0495102,
       12.5588204
      ],
      [
       -70.0495171,
       12.5588542
      ],
      [
       -70.0495102,
       12.5588947
      ],
      [
       -70.0494912,
       12.5589183
      ],
      [
       -70.049448,
       12.5589419
      ],
      [
       -70.0494289,
       12.5589453
      ],
      [
       -70.0493771,
       12.5589436
      ]
     ]
    ]
   }
  },
  {
   "type": "Feature",
   "id": "way/377983562",
   "properties": {
    "wetland": "mangrove",
    "name": ""
   },
   "geometry": {
    "type": "Polygon",
    "coordinates": [
     [
      [
       -70.048945,
       12.5598166
      ],
      [
       -70.0489692,
       12.5597929
      ],
      [
       -70.0489658,
       12.5597676
      ],
      [
       -70.0489641,
       12.5597423
      ],
      [
       -70.0489917,
       12.5597154
      ],
      [
       -70.0490228,
       12.5597238
      ],
      [
       -70.0490764,
       12.5597811
      ],
      [
       -70.0490988,
       12.5598149
      ],
      [
       -70.0491248,
       12.5598773
      ],
      [
       -70.0491317,
       12.5599144
      ],
      [
       -70.0491248,
       12.5599953
      ],
      [
       -70.0491196,
       12.5600375
      ],
      [
       -70.0490781,
       12.5600544
      ],
      [
       -70.0490401,
       12.560078
      ],
      [
       -70.0489831,
       12.5600611
      ],
      [
       -70.0489433,
       12.5600173
      ],
      [
       -70.0489105,
       12.5599566
      ],
      [
       -70.048907,
       12.5599026
      ],
      [
       -70.048945,
       12.5598166
      ]
     ]
    ]
   }
  },
  {
   "type": "Feature",
   "id": "way/377983564",
   "properties": {
    "wetland": "marsh",
    "name": ""
   },
   "geometry": {
    "type": "Polygon",
    "coordinates": [
     [
      [
       -70.04841,
       12.5593423
      ],
      [
       -70.0484271,
       12.5593637
      ],
      [
       -70.0484234,
       12.5594007
      ],
      [
       -70.0483966,
       12.5594198
      ],
      [
       -70.0483672,
       12.5594258
      ],
      [
       -70.0483404,
       12.5594186
      ],
      [
       -70.0482878,
       12.5594162
      ],
      [
       -70.0482695,
       12.5594055
      ],
      [
       -70.0482279,
       12.5594067
      ],
      [
       -70.0482035,
       12.5594031
      ],
      [
       -70.0481632,
       12.5593876
      ],
      [
       -70.0481449,
       12.5593733
      ],
      [
       -70.0481192,
       12.5593697
      ],
      [
       -70.0480813,
       12.5593602
      ],
      [
       -70.048063,
       12.5593435
      ],
      [
       -70.048096,
       12.5593363
      ],
      [
       -70.0481461,
       12.5593256
      ],
      [
       -70.0482023,
       12.5593339
      ],
      [
       -70.0482402,
       12.5593375
      ],
      [
       -70.0482793,
       12.5593268
      ],
      [
       -70.0482988,
       12.5593327
      ],
      [
       -70.0483196,
       12.5593459
      ],
      [
       -70.0483501,
       12.5593399
      ],
      [
       -70.0483721,
       12.5593447
      ],
      [
       -70.04841,
       12.5593423
      ]
     ]
    ]
   }
  },
  {
   "type": "Feature",
   "id": "way/452335457",
   "properties": {
    "wetland": "wet_meadow",
    "name": "Bubali Bird sanctuary"
   },
   "geometry": {
    "type": "Polygon",
    "coordinates": [
     [
      [
       -70.0480766,
       12.557424
      ],
      [
       -70.0479962,
       12.5574397
      ],
      [
       -70.0479318,
       12.5574136
      ],
      [
       -70.047905,
       12.5573769
      ],
      [
       -70.047905,
       12.5573298
      ],
      [
       -70.0482483,
       12.5569528
      ],
      [
       -70.0487955,
       12.556225
      ],
      [
       -70.0488509,
       12.5561487
      ],
      [
       -70.0490035,
       12.5563194
      ],
      [
       -70.0487794,
       12.5565863
      ],
      [
       -70.0484682,
       12.556979
      ],
      [
       -70.048141,
       12.5573717
      ],
      [
       -70.0480766,
       12.557424
      ]
     ]
    ]
   }
  },
  {
   "type": "Feature",
   "id": "way/452335458",
   "properties": {
    "wetland": "wet_meadow",
    "name": "Bubali Bird Sanctuary"
   },
   "geometry": {
    "type": "Polygon",
    "coordinates": [
     [
      [
       -70.0490873,
       12.5568151
      ],
      [
       -70.0494063,
       12.556373
      ],
      [
       -70.0497571,
       12.5559496
      ],
      [
       -70.0501208,
       12.5554016
      ],
      [
       -70.0503249,
       12.5550404
      ],
      [
       -70.0507141,
       12.5552397
      ],
      [
       -70.0503951,
       12.5559682
      ],
      [
       -70.0503696,
       12.5560616
      ],
      [
       -70.0504334,
       12.5561301
      ],
      [
       -70.0505865,
       12.5562609
      ],
      [
       -70.0508097,
       12.5564415
      ],
      [
       -70.0509245,
       12.5566195
      ],
      [
       -70.051086,
       12.5570417
      ],
      [
       -70.051441,
       12.5571896
      ],
      [
       -70.0513114,
       12.5568237
      ],
      [
       -70.0513183,
       12.5567246
      ],
      [
       -70.0513547,
       12.5566095
      ],
      [
       -70.0514371,
       12.5563999
      ],
      [
       -70.0516293,
       12.5559632
      ],
      [
       -70.0517273,
       12.5557396
      ],
      [
       -70.0519473,
       12.555615
      ],
      [
       -70.0522224,
       12.5554457
      ],
      [
       -70.0528154,
       12.5554947
      ],
      [
       -70.0530718,
       12.5554683
      ],
      [
       -70.0533041,
       12.5553298
      ],
      [
       -70.0534024,
       12.5555904
      ],
      [
       -70.0537217,
       12.556109
      ],
      [
       -70.0538966,
       12.5564044
      ],
      [
       -70.0540122,
       12.5567964
      ],
      [
       -70.0539623,
       12.5572705
      ],
      [
       -70.0536927,
       12.557623
      ],
      [
       -70.0535194,
       12.5578119
      ],
      [
       -70.0533995,
       12.5578317
      ],
      [
       -70.0529987,
       12.5580786
      ],
      [
       -70.0529008,
       12.558096
      ],
      [
       -70.0528553,
       12.5581154
      ],
      [
       -70.0528145,
       12.5581554
      ],
      [
       -70.052796,
       12.5582021
      ],
      [
       -70.052756,
       12.5582376
      ],
      [
       -70.052756,
       12.5582748
      ],
      [
       -70.0527631,
       12.5583077
      ],
      [
       -70.0526427,
       12.5583577
      ],
      [
       -70.0525881,
       12.5584427
      ],
      [
       -70.0525468,
       12.5585361
      ],
      [
       -70.0525209,
       12.5586316
      ],
      [
       -70.0524592,
       12.5587355
      ],
      [
       -70.052421,
       12.5588641
      ],
      [
       -70.0524154,
       12.5588909
      ],
      [
       -70.0524212,
       12.5589461
      ],
      [
       -70.0509737,
       12.5588869
      ],
      [
       -70.0499915,
       12.557861
      ],
      [
       -70.0490938,
       12.5568748
      ],
      [
       -70.0490873,
       12.5568151
      ]
     ]
    ]
   }
  },
  {
   "type": "Feature",
   "id": "way/452335459",
   "properties": {
    "wetland": "wet_meadow",
    "name": ""
   },
   "geometry": {
    "type": "Polygon",
    "coordinates": [
     [
      [
       -70.0496747,
       12.555607
      ],
      [
       -70.0497694,
       12.5556334
      ],
      [
       -70.0493138,
       12.5562454
      ],
      [
       -70.04898,
       12.5566505
      ],
      [
       -70.048795,
       12.5568795
      ],
      [
       -70.0482054,
       12.5575503
      ],
      [
       -70.0481599,
       12.5575022
      ],
      [
       -70.048433,
       12.5571801
      ],
      [
       -70.0487744,
       12.5567728
      ],
      [
       -70.0491689,
       12.5563026
      ],
      [
       -70.0495368,
       12.5558027
      ],
      [
       -70.0496747,
       12.555607
      ]
     ]
    ]
   }
  },
  {
   "type": "Feature",
   "id": "way/459243658",
   "properties": {
    "wetland": "mangrove",
    "name": ""
   },
   "geometry": {
    "type": "Polygon",
    "coordinates": [
     [
      [
       -70.0267944,
       12.5026013
      ],
      [
       -70.0267603,
       12.5026288
      ],
      [
       -70.0267267,
       12.5026405
      ],
      [
       -70.0267046,
       12.5026412
      ],
      [
       -70.0266825,
       12.5026379
      ],
      [
       -70.02661,
       12.5026137
      ],
      [
       -70.0264967,
       12.5025744
      ],
      [
       -70.026447,
       12.5025637
      ],
      [
       -70.0263612,
       12.5025611
      ],
      [
       -70.0263277,
       12.50256
      ],
      [
       -70.0262915,
       12.5025585
      ],
      [
       -70.0262325,
       12.5025532
      ],
      [
       -70.0261681,
       12.5025454
      ],
      [
       -70.026101,
       12.5025192
      ],
      [
       -70.0260635,
       12.5024978
      ],
      [
       -70.0260005,
       12.50245
      ],
      [
       -70.0259542,
       12.5024245
      ],
      [
       -70.0258999,
       12.502404
      ],
      [
       -70.0258016,
       12.5023912
      ],
      [
       -70.0257574,
       12.5023862
      ],
      [
       -70.0256974,
       12.5023584
      ],
      [
       -70.0256592,
       12.5023224
      ],
      [
       -70.0255862,
       12.5022701
      ],
      [
       -70.0255,
       12.502217
      ],
      [
       -70.0254051,
       12.502164
      ],
      [
       -70.0253675,
       12.5021456
      ],
      [
       -70.0253353,
       12.5021509
      ],
      [
       -70.0253172,
       12.5021653
      ],
      [
       -70.0252991,
       12.5022052
      ],
      [
       -70.025275,
       12.5022255
      ],
      [
       -70.0252421,
       12.5022281
      ],
      [
       -70.0252026,
       12.5022183
      ],
      [
       -70.0251335,
       12.5021908
      ],
      [
       -70.0250746,
       12.5021638
      ],
      [
       -70.0249752,
       12.5021208
      ],
      [
       -70.0248951,
       12.5020857
      ],
      [
       -70.024825,
       12.5020664
      ],
      [
       -70.0247446,
       12.5020527
      ],
      [
       -70.0246782,
       12.5020527
      ],
      [
       -70.0246205,
       12.5020612
      ],
      [
       -70.0245846,
       12.5020599
      ],
      [
       -70.0245573,
       12.5020448
      ],
      [
       -70.024537,
       12.5020163
      ],
      [
       -70.0245224,
       12.5019973
      ],
      [
       -70.0245059,
       12.5019879
      ],
      [
       -70.0244653,
       12.5019852
      ],
      [
       -70.0244361,
       12.5019823
      ],
      [
       -70.0243843,
       12.5019539
      ],
      [
       -70.0243322,
       12.5019388
      ],
      [
       -70.024258,
       12.5019384
      ],
      [
       -70.0241954,
       12.5019545
      ],
      [
       -70.0241612,
       12.5019682
      ],
      [
       -70.024133,
       12.5019715
      ],
      [
       -70.0241035,
       12.5019643
      ],
      [
       -70.0240888,
       12.5019381
      ],
      [
       -70.0240613,
       12.5019152
      ],
      [
       -70.024021,
       12.5018995
      ],
      [
       -70.0239795,
       12.5018825
      ],
      [
       -70.0239533,
       12.5018779
      ],
      [
       -70.0239325,
       12.5018792
      ],
      [
       -70.023901,
       12.5019152
      ],
      [
       -70.0238856,
       12.5019283
      ],
      [
       -70.023848,
       12.5019309
      ],
      [
       -70.0238098,
       12.5019211
      ],
      [
       -70.0237931,
       12.5018962
      ],
      [
       -70.0237884,
       12.5018609
      ],
      [
       -70.0237709,
       12.5018379
      ],
      [
       -70.0237542,
       12.5018262
      ],
      [
       -70.0237072,
       12.5018065
      ],
      [
       -70.0236583,
       12.501781
      ],
      [
       -70.0236113,
       12.5017607
      ],
      [
       -70.0235403,
       12.5017437
      ],
      [
       -70.0234883,
       12.5017469
      ],
      [
       -70.0234279,
       12.5017738
      ],
      [
       -70.0233958,
       12.5017859
      ],
      [
       -70.0233686,
       12.501781
      ],
      [
       -70.0233227,
       12.5017607
      ],
      [
       -70.0232804,
       12.5017496
      ],
      [
       -70.0232338,
       12.5017502
      ],
      [
       -70.0231943,
       12.501764
      ],
      [
       -70.023176,
       12.5017903
      ],
      [
       -70.0231795,
       12.5018209
      ],
      [
       -70.0231761,
       12.5018386
      ],
      [
       -70.0231627,
       12.5018576
      ],
      [
       -70.0231507,
       12.5018641
      ],
      [
       -70.0231218,
       12.5018681
      ],
      [
       -70.0231061,
       12.5018638
      ],
      [
       -70.0230984,
       12.5018582
      ],
      [
       -70.023087,
       12.5018209
      ],
      [
       -70.023072,
       12.5018011
      ],
      [
       -70.0230521,
       12.5017928
      ],
      [
       -70.0230261,
       12.5017972
      ],
      [
       -70.0229849,
       12.5018163
      ],
      [
       -70.0229582,
       12.5018203
      ],
      [
       -70.0229451,
       12.5018173
      ],
      [
       -70.0229336,
       12.5018101
      ],
      [
       -70.0229219,
       12.5017699
      ],
      [
       -70.0229069,
       12.5017604
      ],
      [
       -70.0228835,
       12.5017599
      ],
      [
       -70.0228482,
       12.5017826
      ],
      [
       -70.0228322,
       12.5017921
      ],
      [
       -70.022811,
       12.5017947
      ],
      [
       -70.0227849,
       12.5017875
      ],
      [
       -70.0227482,
       12.5017736
      ],
      [
       -70.0227135,
       12.5017561
      ],
      [
       -70.0226645,
       12.5017397
      ],
      [
       -70.022551,
       12.5017128
      ],
      [
       -70.0224927,
       12.5016918
      ],
      [
       -70.0223326,
       12.5016213
      ],
      [
       -70.0222917,
       12.5015499
      ],
      [
       -70.0222642,
       12.5014628
      ],
      [
       -70.0222344,
       12.5013915
      ],
      [
       -70.0222142,
       12.5013195
      ],
      [
       -70.0221897,
       12.5011988
      ],
      [
       -70.0222176,
       12.5011816
      ],
      [
       -70.0222776,
       12.5011695
      ],
      [
       -70.0223305,
       12.5011651
      ],
      [
       -70.0224276,
       12.5011918
      ],
      [
       -70.0224857,
       12.5012338
      ],
      [
       -70.0225258,
       12.5012775
      ],
      [
       -70.0225618,
       12.5013263
      ],
      [
       -70.0226069,
       12.5013587
      ],
      [
       -70.0226887,
       12.5013895
      ],
      [
       -70.0227695,
       12.5014075
      ],
      [
       -70.0227859,
       12.5014229
      ],
      [
       -70.0227946,
       12.5014465
      ],
      [
       -70.0228157,
       12.5015109
      ],
      [
       -70.0228382,
       12.5015728
      ],
      [
       -70.0228737,
       12.5016147
      ],
      [
       -70.022927,
       12.5016386
      ],
      [
       -70.0229757,
       12.5016438
      ],
      [
       -70.0231057,
       12.5016527
      ],
      [
       -70.0231889,
       12.501654
      ],
      [
       -70.023258,
       12.5016343
      ],
      [
       -70.0233036,
       12.5016075
      ],
      [
       -70.0233552,
       12.5015879
      ],
      [
       -70.0234008,
       12.5015905
      ],
      [
       -70.0234859,
       12.5016219
      ],
      [
       -70.0235486,
       12.5016502
      ],
      [
       -70.0236589,
       12.5016821
      ],
      [
       -70.023722,
       12.5016946
      ],
      [
       -70.0237642,
       12.501705
      ],
      [
       -70.0238105,
       12.5017221
      ],
      [
       -70.0238521,
       12.5017221
      ],
      [
       -70.0238775,
       12.5017142
      ],
      [
       -70.0238916,
       12.5017037
      ],
      [
       -70.0239198,
       12.5016664
      ],
      [
       -70.0239439,
       12.5016533
      ],
      [
       -70.0239654,
       12.5016533
      ],
      [
       -70.0240029,
       12.5016579
      ],
      [
       -70.0241089,
       12.5017181
      ],
      [
       -70.0242001,
       12.5017627
      ],
      [
       -70.0242873,
       12.5018008
      ],
      [
       -70.0246587,
       12.5019047
      ],
      [
       -70.0250604,
       12.5020186
      ],
      [
       -70.025163,
       12.5020383
      ],
      [
       -70.0252663,
       12.5020415
      ],
      [
       -70.0253885,
       12.5020311
      ],
      [
       -70.0254312,
       12.5020317
      ],
      [
       -70.0254493,
       12.5020386
      ],
      [
       -70.0254657,
       12.5020504
      ],
      [
       -70.0254916,
       12.502088
      ],
      [
       -70.0255231,
       12.5021135
      ],
      [
       -70.0255548,
       12.5021239
      ],
      [
       -70.0255921,
       12.502126
      ],
      [
       -70.0256223,
       12.5021325
      ],
      [
       -70.0256491,
       12.5021489
      ],
      [
       -70.025682,
       12.5021705
      ],
      [
       -70.0257383,
       12.5022137
      ],
      [
       -70.0257725,
       12.5022288
      ],
      [
       -70.0257997,
       12.5022347
      ],
      [
       -70.0258205,
       12.5022348
      ],
      [
       -70.0258389,
       12.5022288
      ],
      [
       -70.0258693,
       12.5022283
      ],
      [
       -70.0258939,
       12.5022379
      ],
      [
       -70.0259098,
       12.5022548
      ],
      [
       -70.0259268,
       12.5022844
      ],
      [
       -70.0259328,
       12.5022928
      ],
      [
       -70.0259396,
       12.5022964
      ],
      [
       -70.0259623,
       12.5022982
      ],
      [
       -70.0259903,
       12.5023
      ],
      [
       -70.0260112,
       12.5023045
      ],
      [
       -70.0260374,
       12.5023152
      ],
      [
       -70.0260924,
       12.5023401
      ],
      [
       -70.026178,
       12.5023762
      ],
      [
       -70.026321,
       12.5024023
      ],
      [
       -70.026427,
       12.5024127
      ],
      [
       -70.0265182,
       12.5024245
      ],
      [
       -70.0266054,
       12.5024422
      ],
      [
       -70.0266583,
       12.502471
      ],
      [
       -70.0267066,
       12.5025004
      ],
      [
       -70.0267596,
       12.5025482
      ],
      [
       -70.0268105,
       12.5025803
      ],
      [
       -70.0267944,
       12.5026013
      ]
     ]
    ]
   }
  },
  {
   "type": "Feature",
   "id": "way/459243659",
   "properties": {
    "wetland": "mangrove",
    "name": ""
   },
   "geometry": {
    "type": "Polygon",
    "coordinates": [
     [
      [
       -70.0222344,
       12.5013915
      ],
      [
       -70.0222037,
       12.5014115
      ],
      [
       -70.0221501,
       12.5014429
      ],
      [
       -70.0221045,
       12.5014534
      ],
      [
       -70.0220777,
       12.5014194
      ],
      [
       -70.0219865,
       12.5013906
      ],
      [
       -70.0218846,
       12.5014377
      ],
      [
       -70.0218068,
       12.5013775
      ],
      [
       -70.0217237,
       12.5013696
      ],
      [
       -70.0215922,
       12.5013644
      ],
      [
       -70.0215466,
       12.501312
      ],
      [
       -70.0215574,
       12.5012544
      ],
      [
       -70.0215413,
       12.5012099
      ],
      [
       -70.0214876,
       12.5012361
      ],
      [
       -70.021434,
       12.5011601
      ],
      [
       -70.0213723,
       12.5010763
      ],
      [
       -70.0213455,
       12.5010318
      ],
      [
       -70.0213133,
       12.5009899
      ],
      [
       -70.0212811,
       12.500948
      ],
      [
       -70.0212757,
       12.5009192
      ],
      [
       -70.0212275,
       12.5008668
      ],
      [
       -70.0212275,
       12.500804
      ],
      [
       -70.0211604,
       12.5007726
      ],
      [
       -70.0211041,
       12.5006835
      ],
      [
       -70.0211148,
       12.5005971
      ],
      [
       -70.0211443,
       12.5005762
      ],
      [
       -70.0210826,
       12.5005029
      ],
      [
       -70.0211255,
       12.5004531
      ],
      [
       -70.0210907,
       12.5004007
      ],
      [
       -70.0210933,
       12.5003457
      ],
      [
       -70.0211765,
       12.5003091
      ],
      [
       -70.0212811,
       12.5002698
      ],
      [
       -70.0213106,
       12.5002148
      ],
      [
       -70.0213079,
       12.5001572
      ],
      [
       -70.0212784,
       12.5001179
      ],
      [
       -70.0212731,
       12.500076
      ],
      [
       -70.0212784,
       12.5000315
      ],
      [
       -70.0212382,
       12.5000158
      ],
      [
       -70.0212167,
       12.4999687
      ],
      [
       -70.0212489,
       12.4999477
      ],
      [
       -70.021206,
       12.4999163
      ],
      [
       -70.0211899,
       12.499877
      ],
      [
       -70.0211762,
       12.4998109
      ],
      [
       -70.0212386,
       12.4997805
      ],
      [
       -70.0213432,
       12.4997714
      ],
      [
       -70.0214222,
       12.4998009
      ],
      [
       -70.0214849,
       12.499835
      ],
      [
       -70.0215814,
       12.4998735
      ],
      [
       -70.0216802,
       12.4999598
      ],
      [
       -70.0217676,
       12.5000687
      ],
      [
       -70.021821,
       12.5001231
      ],
      [
       -70.0218628,
       12.5001413
      ],
      [
       -70.021914,
       12.5001821
      ],
      [
       -70.0219279,
       12.5002287
      ],
      [
       -70.0219361,
       12.5002854
      ],
      [
       -70.021921,
       12.5003285
      ],
      [
       -70.0219314,
       12.5003376
      ],
      [
       -70.0219849,
       12.5003387
      ],
      [
       -70.0220279,
       12.500358
      ],
      [
       -70.0220674,
       12.500383
      ],
      [
       -70.0220732,
       12.500417
      ],
      [
       -70.0220546,
       12.5004465
      ],
      [
       -70.0220162,
       12.5004613
      ],
      [
       -70.021993,
       12.5004715
      ],
      [
       -70.0219814,
       12.5005044
      ],
      [
       -70.0219849,
       12.500535
      ],
      [
       -70.0219663,
       12.5005668
      ],
      [
       -70.0219407,
       12.5005781
      ],
      [
       -70.0219198,
       12.5005611
      ],
      [
       -70.0219058,
       12.5005237
      ],
      [
       -70.0218907,
       12.5004578
      ],
      [
       -70.0218535,
       12.5004011
      ],
      [
       -70.0218024,
       12.5003637
      ],
      [
       -70.021742,
       12.5003421
      ],
      [
       -70.021706,
       12.5003172
      ],
      [
       -70.0217036,
       12.5002854
      ],
      [
       -70.0216653,
       12.5002434
      ],
      [
       -70.0216165,
       12.5002139
      ],
      [
       -70.0215491,
       12.5001924
      ],
      [
       -70.0214848,
       12.5000959
      ],
      [
       -70.0214542,
       12.5000941
      ],
      [
       -70.0214374,
       12.5001404
      ],
      [
       -70.0214304,
       12.5001937
      ],
      [
       -70.0214037,
       12.5002357
      ],
      [
       -70.0213909,
       12.5002663
      ],
      [
       -70.0214025,
       12.5003105
      ],
      [
       -70.0214072,
       12.5003661
      ],
      [
       -70.0214049,
       12.5004115
      ],
      [
       -70.02142,
       12.5004512
      ],
      [
       -70.0214665,
       12.5004751
      ],
      [
       -70.0214955,
       12.5005057
      ],
      [
       -70.0214874,
       12.5005465
      ],
      [
       -70.0214537,
       12.5005772
      ],
      [
       -70.0214316,
       12.5006233
      ],
      [
       -70.0214088,
       12.5006487
      ],
      [
       -70.0213664,
       12.5006663
      ],
      [
       -70.0213485,
       12.5006857
      ],
      [
       -70.021344,
       12.5007592
      ],
      [
       -70.0213874,
       12.5008444
      ],
      [
       -70.021427,
       12.5009639
      ],
      [
       -70.0214204,
       12.5009937
      ],
      [
       -70.0214245,
       12.5010086
      ],
      [
       -70.0214396,
       12.5010085
      ],
      [
       -70.0214591,
       12.5009866
      ],
      [
       -70.0214797,
       12.500975
      ],
      [
       -70.0215018,
       12.5009767
      ],
      [
       -70.0215262,
       12.500983
      ],
      [
       -70.0215512,
       12.5009994
      ],
      [
       -70.0215645,
       12.5010374
      ],
      [
       -70.0215616,
       12.5010641
      ],
      [
       -70.0215407,
       12.5010873
      ],
      [
       -70.0215332,
       12.5011174
      ],
      [
       -70.0215454,
       12.5011333
      ],
      [
       -70.0215651,
       12.5011446
      ],
      [
       -70.0215907,
       12.5011418
      ],
      [
       -70.0216093,
       12.501148
      ],
      [
       -70.0216558,
       12.5012263
      ],
      [
       -70.0216325,
       12.5012808
      ],
      [
       -70.0216401,
       12.5012995
      ],
      [
       -70.0216627,
       12.501312
      ],
      [
       -70.0216883,
       12.5013133
      ],
      [
       -70.0217296,
       12.5013186
      ],
      [
       -70.0217627,
       12.5013278
      ],
      [
       -70.0217778,
       12.5013179
      ],
      [
       -70.0217912,
       12.5013175
      ],
      [
       -70.0217963,
       12.5013295
      ],
      [
       -70.0217898,
       12.5013423
      ],
      [
       -70.021845,
       12.5013499
      ],
      [
       -70.0218711,
       12.5013522
      ],
      [
       -70.0218958,
       12.5013422
      ],
      [
       -70.0219173,
       12.501346
      ],
      [
       -70.0219295,
       12.5013587
      ],
      [
       -70.0219471,
       12.5013581
      ],
      [
       -70.021971,
       12.5013501
      ],
      [
       -70.0220104,
       12.5013465
      ],
      [
       -70.0220653,
       12.5013225
      ],
      [
       -70.0221195,
       12.5012872
      ],
      [
       -70.0221365,
       12.5012875
      ],
      [
       -70.022145,
       12.5012702
      ],
      [
       -70.0221269,
       12.5012466
      ],
      [
       -70.0221243,
       12.5012309
      ],
      [
       -70.0221343,
       12.5012162
      ],
      [
       -70.0221536,
       12.501213
      ],
      [
       -70.0221897,
       12.5011988
      ],
      [
       -70.0222142,
       12.5013195
      ],
      [
       -70.0222344,
       12.5013915
      ]
     ]
    ]
   }
  },
  {
   "type": "Feature",
   "id": "way/459243660",
   "properties": {
    "wetland": "mangrove",
    "name": ""
   },
   "geometry": {
    "type": "Polygon",
    "coordinates": [
     [
      [
       -70.015802,
       12.4974377
      ],
      [
       -70.0157368,
       12.4975572
      ],
      [
       -70.0155837,
       12.497688
      ],
      [
       -70.0154944,
       12.4976071
      ],
      [
       -70.0154243,
       12.4975199
      ],
      [
       -70.0152753,
       12.4974085
      ],
      [
       -70.0152865,
       12.4973777
      ],
      [
       -70.0153926,
       12.4972874
      ],
      [
       -70.015499,
       12.4971417
      ],
      [
       -70.0155427,
       12.4971799
      ],
      [
       -70.0156882,
       12.4973199
      ],
      [
       -70.015802,
       12.4974377
      ]
     ]
    ]
   }
  },
  {
   "type": "Feature",
   "id": "way/459243661",
   "properties": {
    "wetland": "mangrove",
    "name": ""
   },
   "geometry": {
    "type": "Polygon",
    "coordinates": [
     [
      [
       -70.0151879,
       12.4972697
      ],
      [
       -70.0151168,
       12.4972233
      ],
      [
       -70.0150417,
       12.4971519
      ],
      [
       -70.0149927,
       12.4971002
      ],
      [
       -70.0149458,
       12.4970602
      ],
      [
       -70.0148667,
       12.4969876
      ],
      [
       -70.0148204,
       12.4969457
      ],
      [
       -70.0147916,
       12.4969116
      ],
      [
       -70.0147305,
       12.4968449
      ],
      [
       -70.0146809,
       12.4967964
      ],
      [
       -70.0145984,
       12.4966892
      ],
      [
       -70.0146889,
       12.4965572
      ],
      [
       -70.014553,
       12.4964409
      ],
      [
       -70.0144561,
       12.496547
      ],
      [
       -70.0143798,
       12.4964979
      ],
      [
       -70.0143047,
       12.4964311
      ],
      [
       -70.0142699,
       12.4963886
      ],
      [
       -70.0142424,
       12.4963597
      ],
      [
       -70.0141954,
       12.4963146
      ],
      [
       -70.0141606,
       12.4962779
      ],
      [
       -70.0141364,
       12.4962511
      ],
      [
       -70.0141183,
       12.4962108
      ],
      [
       -70.014116,
       12.4961951
      ],
      [
       -70.014116,
       12.4961768
      ],
      [
       -70.0141267,
       12.4961611
      ],
      [
       -70.0141535,
       12.4961545
      ],
      [
       -70.0141807,
       12.4961503
      ],
      [
       -70.0142407,
       12.4961424
      ],
      [
       -70.0142712,
       12.4961293
      ],
      [
       -70.0142873,
       12.4961106
      ],
      [
       -70.0143135,
       12.4961198
      ],
      [
       -70.0143363,
       12.4961365
      ],
      [
       -70.0144,
       12.4962026
      ],
      [
       -70.0145803,
       12.4963624
      ],
      [
       -70.0146791,
       12.496448
      ],
      [
       -70.0147627,
       12.4965444
      ],
      [
       -70.0148217,
       12.4966242
      ],
      [
       -70.0149646,
       12.4967918
      ],
      [
       -70.0150779,
       12.496907
      ],
      [
       -70.0151981,
       12.496999
      ],
      [
       -70.0152131,
       12.4970089
      ],
      [
       -70.0152392,
       12.4970236
      ],
      [
       -70.0152697,
       12.4970393
      ],
      [
       -70.0152985,
       12.4970576
      ],
      [
       -70.0153129,
       12.4970708
      ],
      [
       -70.0152484,
       12.4972125
      ],
      [
       -70.0152217,
       12.4972461
      ],
      [
       -70.0151879,
       12.4972697
      ]
     ]
    ]
   }
  },
  {
   "type": "Feature",
   "id": "way/459243662",
   "properties": {
    "wetland": "mangrove",
    "name": ""
   },
   "geometry": {
    "type": "Polygon",
    "coordinates": [
     [
      [
       -70.0140801,
       12.496092
      ],
      [
       -70.0140439,
       12.4960953
      ],
      [
       -70.0140124,
       12.4960998
      ],
      [
       -70.0139876,
       12.4960959
      ],
      [
       -70.0139468,
       12.4960719
      ],
      [
       -70.013913,
       12.4960345
      ],
      [
       -70.0138702,
       12.4959879
      ],
      [
       -70.013838,
       12.4959539
      ],
      [
       -70.0138059,
       12.4959139
      ],
      [
       -70.0137629,
       12.4958779
      ],
      [
       -70.0137145,
       12.4958451
      ],
      [
       -70.0136671,
       12.4957988
      ],
      [
       -70.0136423,
       12.4957548
      ],
      [
       -70.0136423,
       12.4957306
      ],
      [
       -70.0136513,
       12.4956843
      ],
      [
       -70.0136677,
       12.4956579
      ],
      [
       -70.0136865,
       12.4956304
      ],
      [
       -70.0137133,
       12.495603
      ],
      [
       -70.0137294,
       12.4955813
      ],
      [
       -70.0137301,
       12.4955565
      ],
      [
       -70.0137214,
       12.4955296
      ],
      [
       -70.0137187,
       12.4955054
      ],
      [
       -70.0137361,
       12.4954884
      ],
      [
       -70.0137676,
       12.4954773
      ],
      [
       -70.013799,
       12.4954701
      ],
      [
       -70.0138488,
       12.4955165
      ],
      [
       -70.0138803,
       12.4955637
      ],
      [
       -70.0139821,
       12.4957263
      ],
      [
       -70.0141202,
       12.4958941
      ],
      [
       -70.0142175,
       12.4960289
      ],
      [
       -70.0141572,
       12.4960645
      ],
      [
       -70.0140801,
       12.496092
      ]
     ]
    ]
   }
  },
  {
   "type": "Feature",
   "id": "way/459243663",
   "properties": {
    "wetland": "mangrove",
    "name": ""
   },
   "geometry": {
    "type": "Polygon",
    "coordinates": [
     [
      [
       -70.0133304,
       12.4951512
      ],
      [
       -70.0133117,
       12.4951624
      ],
      [
       -70.0132969,
       12.495163
      ],
      [
       -70.0132748,
       12.4951486
      ],
      [
       -70.0132392,
       12.4950969
      ],
      [
       -70.0132091,
       12.4950743
      ],
      [
       -70.0131739,
       12.4950786
      ],
      [
       -70.0131497,
       12.4951025
      ],
      [
       -70.013146,
       12.4951231
      ],
      [
       -70.0131484,
       12.4951421
      ],
      [
       -70.0131561,
       12.4951584
      ],
      [
       -70.0131923,
       12.4951961
      ],
      [
       -70.0132285,
       12.4952455
      ],
      [
       -70.0132661,
       12.4952737
      ],
      [
       -70.0133049,
       12.4952959
      ],
      [
       -70.0133358,
       12.4953172
      ],
      [
       -70.0133532,
       12.4953417
      ],
      [
       -70.0133566,
       12.4953627
      ],
      [
       -70.0133479,
       12.4953869
      ],
      [
       -70.013317,
       12.4954007
      ],
      [
       -70.0132768,
       12.4953935
      ],
      [
       -70.0132506,
       12.4953738
      ],
      [
       -70.0132184,
       12.495347
      ],
      [
       -70.0131816,
       12.4953103
      ],
      [
       -70.0131273,
       12.4952704
      ],
      [
       -70.013075,
       12.4952311
      ],
      [
       -70.0130379,
       12.4952087
      ],
      [
       -70.0130018,
       12.4951845
      ],
      [
       -70.0129702,
       12.4951581
      ],
      [
       -70.0129386,
       12.4951272
      ],
      [
       -70.0128912,
       12.4950845
      ],
      [
       -70.012857,
       12.495057
      ],
      [
       -70.0128114,
       12.4950268
      ],
      [
       -70.0127759,
       12.4949935
      ],
      [
       -70.0127343,
       12.4949646
      ],
      [
       -70.0126867,
       12.4949306
      ],
      [
       -70.0126391,
       12.4949011
      ],
      [
       -70.0126036,
       12.4948789
      ],
      [
       -70.0125633,
       12.4948534
      ],
      [
       -70.0125271,
       12.4948134
      ],
      [
       -70.0124795,
       12.4947722
      ],
      [
       -70.0124466,
       12.4947434
      ],
      [
       -70.0124118,
       12.4947191
      ],
      [
       -70.0123689,
       12.4946897
      ],
      [
       -70.0123259,
       12.4946668
      ],
      [
       -70.0123078,
       12.4946327
      ],
      [
       -70.0123152,
       12.4946065
      ],
      [
       -70.0123353,
       12.4945843
      ],
      [
       -70.0123793,
       12.4945767
      ],
      [
       -70.0124017,
       12.4945941
      ],
      [
       -70.0124104,
       12.4946229
      ],
      [
       -70.0124212,
       12.494653
      ],
      [
       -70.0124413,
       12.4946648
      ],
      [
       -70.0124668,
       12.4946694
      ],
      [
       -70.0124996,
       12.49467
      ],
      [
       -70.0125526,
       12.4946851
      ],
      [
       -70.0125767,
       12.4947034
      ],
      [
       -70.012629,
       12.4947106
      ],
      [
       -70.0126659,
       12.4946995
      ],
      [
       -70.0127196,
       12.4946524
      ],
      [
       -70.0127296,
       12.4946301
      ],
      [
       -70.0127216,
       12.4946124
      ],
      [
       -70.0126974,
       12.4945764
      ],
      [
       -70.0126388,
       12.4945191
      ],
      [
       -70.012624,
       12.4945034
      ],
      [
       -70.0126136,
       12.4944861
      ],
      [
       -70.0126072,
       12.4944707
      ],
      [
       -70.0126076,
       12.494438
      ],
      [
       -70.0126133,
       12.4944268
      ],
      [
       -70.0126424,
       12.4944062
      ],
      [
       -70.0126652,
       12.4943826
      ],
      [
       -70.012684,
       12.4943493
      ],
      [
       -70.0127041,
       12.4943087
      ],
      [
       -70.0127289,
       12.4943434
      ],
      [
       -70.0127792,
       12.4943813
      ],
      [
       -70.0128289,
       12.4944069
      ],
      [
       -70.0128926,
       12.4944671
      ],
      [
       -70.0129455,
       12.4945849
      ],
      [
       -70.0129777,
       12.4946504
      ],
      [
       -70.0130387,
       12.4947185
      ],
      [
       -70.0130729,
       12.4947447
      ],
      [
       -70.0131185,
       12.4947912
      ],
      [
       -70.0131507,
       12.4948278
      ],
      [
       -70.0131963,
       12.4948795
      ],
      [
       -70.0132426,
       12.4949385
      ],
      [
       -70.0132768,
       12.4949817
      ],
      [
       -70.0133304,
       12.4950491
      ],
      [
       -70.0133653,
       12.4950923
      ],
      [
       -70.0133304,
       12.4951512
      ]
     ]
    ]
   }
  },
  {
   "type": "Feature",
   "id": "way/459243664",
   "properties": {
    "wetland": "mangrove",
    "name": ""
   },
   "geometry": {
    "type": "Polygon",
    "coordinates": [
     [
      [
       -70.0121402,
       12.4945701
      ],
      [
       -70.012068,
       12.4945239
      ],
      [
       -70.0120094,
       12.4944974
      ],
      [
       -70.0119643,
       12.49446
      ],
      [
       -70.0119394,
       12.4944182
      ],
      [
       -70.0119146,
       12.4943829
      ],
      [
       -70.0118605,
       12.4943983
      ],
      [
       -70.0118041,
       12.4943631
      ],
      [
       -70.0117838,
       12.4943257
      ],
      [
       -70.0117116,
       12.4942949
      ],
      [
       -70.011653,
       12.4942486
      ],
      [
       -70.0116169,
       12.4942442
      ],
      [
       -70.0115718,
       12.4942178
      ],
      [
       -70.0115628,
       12.4941759
      ],
      [
       -70.0115741,
       12.4941319
      ],
      [
       -70.0116237,
       12.4940857
      ],
      [
       -70.0116778,
       12.4940791
      ],
      [
       -70.011741,
       12.4940813
      ],
      [
       -70.0117861,
       12.4940945
      ],
      [
       -70.0117951,
       12.4941253
      ],
      [
       -70.0118312,
       12.4941473
      ],
      [
       -70.0118808,
       12.4941693
      ],
      [
       -70.0119214,
       12.4941715
      ],
      [
       -70.0119507,
       12.4941627
      ],
      [
       -70.0120026,
       12.4941011
      ],
      [
       -70.0119349,
       12.4940592
      ],
      [
       -70.011944,
       12.4940284
      ],
      [
       -70.011962,
       12.4940262
      ],
      [
       -70.0119665,
       12.493991
      ],
      [
       -70.0119793,
       12.4939538
      ],
      [
       -70.0119906,
       12.4939144
      ],
      [
       -70.0120727,
       12.4939649
      ],
      [
       -70.0121286,
       12.4940163
      ],
      [
       -70.0121504,
       12.4940579
      ],
      [
       -70.012179,
       12.4940852
      ],
      [
       -70.0122245,
       12.4940996
      ],
      [
       -70.0123398,
       12.4941212
      ],
      [
       -70.0125027,
       12.4942204
      ],
      [
       -70.0124808,
       12.4942882
      ],
      [
       -70.0125011,
       12.4943455
      ],
      [
       -70.0124447,
       12.4944006
      ],
      [
       -70.0123657,
       12.4944666
      ],
      [
       -70.0123116,
       12.4944996
      ],
      [
       -70.0123206,
       12.4945283
      ],
      [
       -70.0122665,
       12.4945855
      ],
      [
       -70.0122169,
       12.4945569
      ],
      [
       -70.0121402,
       12.4945701
      ]
     ]
    ]
   }
  },
  {
   "type": "Feature",
   "id": "way/459243665",
   "properties": {
    "wetland": "mangrove",
    "name": ""
   },
   "geometry": {
    "type": "Polygon",
    "coordinates": [
     [
      [
       -70.0119182,
       12.4938786
      ],
      [
       -70.0119056,
       12.4939734
      ],
      [
       -70.0119124,
       12.4940064
      ],
      [
       -70.0118943,
       12.494046
      ],
      [
       -70.0118605,
       12.4940416
      ],
      [
       -70.0118312,
       12.494024
      ],
      [
       -70.0118222,
       12.493991
      ],
      [
       -70.0118289,
       12.4939623
      ],
      [
       -70.0117883,
       12.4939315
      ],
      [
       -70.0117252,
       12.4939293
      ],
      [
       -70.0117252,
       12.4939712
      ],
      [
       -70.0116932,
       12.4940325
      ],
      [
       -70.0116502,
       12.4940257
      ],
      [
       -70.0116197,
       12.4940069
      ],
      [
       -70.0116247,
       12.4940459
      ],
      [
       -70.0115708,
       12.4940919
      ],
      [
       -70.0115371,
       12.4941479
      ],
      [
       -70.011491,
       12.4941538
      ],
      [
       -70.0113726,
       12.4940894
      ],
      [
       -70.0114038,
       12.4940163
      ],
      [
       -70.0114375,
       12.4939512
      ],
      [
       -70.0114273,
       12.4938702
      ],
      [
       -70.0114531,
       12.4938024
      ],
      [
       -70.0114888,
       12.4937778
      ],
      [
       -70.0115428,
       12.4938096
      ],
      [
       -70.0116103,
       12.4937833
      ],
      [
       -70.0116542,
       12.493795
      ],
      [
       -70.0117131,
       12.4938371
      ],
      [
       -70.0118193,
       12.4938508
      ],
      [
       -70.011899,
       12.493869
      ],
      [
       -70.0119182,
       12.4938786
      ]
     ]
    ]
   }
  },
  {
   "type": "Feature",
   "id": "way/492415510",
   "properties": {
    "wetland": "marsh",
    "name": ""
   },
   "geometry": {
    "type": "Polygon",
    "coordinates": [
     [
      [
       -69.9549905,
       12.4542407
      ],
      [
       -69.9548707,
       12.4541126
      ],
      [
       -69.9547415,
       12.4539982
      ],
      [
       -69.9545766,
       12.4537739
      ],
      [
       -69.954639,
       12.4537311
      ],
      [
       -69.9546425,
       12.453673
      ],
      [
       -69.9545204,
       12.4536245
      ],
      [
       -69.9544031,
       12.4535214
      ],
      [
       -69.9542104,
       12.4533561
      ],
      [
       -69.9539838,
       12.4532284
      ],
      [
       -69.9538308,
       12.4530961
      ],
      [
       -69.9537216,
       12.4529548
      ],
      [
       -69.953702,
       12.4528887
      ],
      [
       -69.9534956,
       12.4527085
      ],
      [
       -69.9534862,
       12.4526561
      ],
      [
       -69.9534438,
       12.452615
      ],
      [
       -69.9534236,
       12.4525694
      ],
      [
       -69.9534198,
       12.4525307
      ],
      [
       -69.9533528,
       12.4524988
      ],
      [
       -69.953301,
       12.452517
      ],
      [
       -69.9532617,
       12.4525444
      ],
      [
       -69.9531828,
       12.4524874
      ],
      [
       -69.9531975,
       12.4524144
      ],
      [
       -69.9532311,
       12.4523414
      ],
      [
       -69.9530597,
       12.4521454
      ],
      [
       -69.9528537,
       12.4520076
      ],
      [
       -69.9528485,
       12.4519427
      ],
      [
       -69.9527774,
       12.4519134
      ],
      [
       -69.9526726,
       12.4519095
      ],
      [
       -69.9526311,
       12.4518241
      ],
      [
       -69.9526555,
       12.4517537
      ],
      [
       -69.9527322,
       12.4517224
      ],
      [
       -69.9527246,
       12.451646
      ],
      [
       -69.95256,
       12.451475
      ],
      [
       -69.9524315,
       12.4513382
      ],
      [
       -69.9523567,
       12.4512652
      ],
      [
       -69.9524657,
       12.4512538
      ],
      [
       -69.9525418,
       12.4512402
      ],
      [
       -69.9525441,
       12.4512949
      ],
      [
       -69.9526902,
       12.4514454
      ],
      [
       -69.9527387,
       12.4514682
      ],
      [
       -69.9527912,
       12.4514431
      ],
      [
       -69.9528551,
       12.4515047
      ],
      [
       -69.9529097,
       12.4515115
      ],
      [
       -69.9529236,
       12.4514454
      ],
      [
       -69.9529853,
       12.4514773
      ],
      [
       -69.9529891,
       12.4515229
      ],
      [
       -69.9530483,
       12.4515776
      ],
      [
       -69.9530369,
       12.4516323
      ],
      [
       -69.9530982,
       12.4516574
      ],
      [
       -69.9531049,
       12.4516916
      ],
      [
       -69.9530686,
       12.4517076
      ],
      [
       -69.9530346,
       12.4517395
      ],
      [
       -69.953041,
       12.4517737
      ],
      [
       -69.9531558,
       12.4517874
      ],
      [
       -69.9532772,
       12.4519219
      ],
      [
       -69.9533596,
       12.4520108
      ],
      [
       -69.9534237,
       12.4520251
      ],
      [
       -69.9534774,
       12.4519755
      ],
      [
       -69.9535381,
       12.4519903
      ],
      [
       -69.9535895,
       12.452004
      ],
      [
       -69.9536058,
       12.4520268
      ],
      [
       -69.9535988,
       12.4520861
      ],
      [
       -69.9535708,
       12.452102
      ],
      [
       -69.9535311,
       12.4521431
      ],
      [
       -69.9535358,
       12.4521887
      ],
      [
       -69.9535661,
       12.452232
      ],
      [
       -69.9536105,
       12.4522571
      ],
      [
       -69.9536595,
       12.4522753
      ],
      [
       -69.9537202,
       12.4523095
      ],
      [
       -69.9537786,
       12.4523437
      ],
      [
       -69.9538113,
       12.4523825
      ],
      [
       -69.953816,
       12.4524144
      ],
      [
       -69.953844,
       12.4524418
      ],
      [
       -69.9538884,
       12.4524395
      ],
      [
       -69.9539304,
       12.4524486
      ],
      [
       -69.9539864,
       12.4524874
      ],
      [
       -69.9540588,
       12.4525352
      ],
      [
       -69.9541055,
       12.4525763
      ],
      [
       -69.9541265,
       12.4526287
      ],
      [
       -69.9541686,
       12.4526675
      ],
      [
       -69.9542526,
       12.4526857
      ],
      [
       -69.954311,
       12.4527747
      ],
      [
       -69.954388,
       12.4528453
      ],
      [
       -69.9544674,
       12.4528681
      ],
      [
       -69.9545118,
       12.4528385
      ],
      [
       -69.9545398,
       12.4527861
      ],
      [
       -69.9546052,
       12.4528408
      ],
      [
       -69.9547219,
       12.4528795
      ],
      [
       -69.9547149,
       12.4527792
      ],
      [
       -69.954771,
       12.4527678
      ],
      [
       -69.954841,
       12.4527815
      ],
      [
       -69.9548807,
       12.4528431
      ],
      [
       -69.9549671,
       12.4528727
      ],
      [
       -69.9550045,
       12.4528453
      ],
      [
       -69.9550442,
       12.4528157
      ],
      [
       -69.9551026,
       12.4528157
      ],
      [
       -69.9551656,
       12.4527997
      ],
      [
       -69.9552427,
       12.4528545
      ],
      [
       -69.9552894,
       12.4529411
      ],
      [
       -69.95528,
       12.4530209
      ],
      [
       -69.955238,
       12.4531486
      ],
      [
       -69.9552053,
       12.4532603
      ],
      [
       -69.9551889,
       12.4533378
      ],
      [
       -69.955217,
       12.4534518
      ],
      [
       -69.9553034,
       12.4535978
      ],
      [
       -69.9553454,
       12.453673
      ],
      [
       -69.9554154,
       12.4537528
      ],
      [
       -69.9549905,
       12.4542407
      ]
     ]
    ]
   }
  },
  {
   "type": "Feature",
   "id": "way/526150006",
   "properties": {
    "wetland": "marsh",
    "name": ""
   },
   "geometry": {
    "type": "Polygon",
    "coordinates": [
     [
      [
       -69.9109744,
       12.4946996
      ],
      [
       -69.9108129,
       12.4948798
      ],
      [
       -69.9104437,
       12.4952704
      ],
      [
       -69.9102667,
       12.4955332
      ],
      [
       -69.909936,
       12.4957961
      ],
      [
       -69.9096898,
       12.4959238
      ],
      [
       -69.9094821,
       12.4962317
      ],
      [
       -69.9093985,
       12.4963391
      ],
      [
       -69.9092386,
       12.4965383
      ],
      [
       -69.9091065,
       12.4967395
      ],
      [
       -69.9088739,
       12.496829
      ],
      [
       -69.9087023,
       12.4968604
      ],
      [
       -69.9084499,
       12.4968614
      ],
      [
       -69.9082127,
       12.4969637
      ],
      [
       -69.9084775,
       12.4966729
      ],
      [
       -69.9087367,
       12.4963606
      ],
      [
       -69.9087588,
       12.4961776
      ],
      [
       -69.9090455,
       12.4959729
      ],
      [
       -69.9090455,
       12.495806
      ],
      [
       -69.9093489,
       12.4955099
      ],
      [
       -69.9096577,
       12.495316
      ],
      [
       -69.9100493,
       12.4950253
      ],
      [
       -69.910303,
       12.4948637
      ],
      [
       -69.9104685,
       12.4947399
      ],
      [
       -69.9106503,
       12.4946199
      ],
      [
       -69.9108828,
       12.4945341
      ],
      [
       -69.9109621,
       12.4945811
      ],
      [
       -69.9109744,
       12.4946996
      ]
     ]
    ]
   }
  },
  {
   "type": "Feature",
   "id": "way/660732210",
   "properties": {
    "wetland": "marsh",
    "name": ""
   },
   "geometry": {
    "type": "Polygon",
    "coordinates": [
     [
      [
       -69.9806856,
       12.5512501
      ],
      [
       -69.9811828,
       12.5515445
      ],
      [
       -69.9813223,
       12.5520367
      ],
      [
       -69.9809682,
       12.5520891
      ],
      [
       -69.9810433,
       12.5522461
      ],
      [
       -69.9810641,
       12.553554
      ],
      [
       -69.9810561,
       12.5536434
      ],
      [
       -69.9811506,
       12.5538589
      ],
      [
       -69.9815905,
       12.5537961
      ],
      [
       -69.9819553,
       12.5539322
      ],
      [
       -69.9821913,
       12.554016
      ],
      [
       -69.9825132,
       12.5541626
      ],
      [
       -69.9825025,
       12.5542778
      ],
      [
       -69.9822128,
       12.5544139
      ],
      [
       -69.9817193,
       12.5542045
      ],
      [
       -69.9815047,
       12.5540264
      ],
      [
       -69.9811828,
       12.5540579
      ],
      [
       -69.9807429,
       12.5542254
      ],
      [
       -69.9803567,
       12.554571
      ],
      [
       -69.9800777,
       12.554969
      ],
      [
       -69.9801636,
       12.5552726
      ],
      [
       -69.9803781,
       12.5556392
      ],
      [
       -69.9797881,
       12.5557334
      ],
      [
       -69.9795842,
       12.5555135
      ],
      [
       -69.9794877,
       12.5551156
      ],
      [
       -69.9794769,
       12.5546548
      ],
      [
       -69.9796271,
       12.5542254
      ],
      [
       -69.9799168,
       12.5539217
      ],
      [
       -69.9799812,
       12.5536076
      ],
      [
       -69.9799275,
       12.5532829
      ],
      [
       -69.9796593,
       12.553042
      ],
      [
       -69.9795735,
       12.5529164
      ],
      [
       -69.9799275,
       12.552686
      ],
      [
       -69.9798632,
       12.5522357
      ],
      [
       -69.9798095,
       12.551733
      ],
      [
       -69.9799168,
       12.5514398
      ],
      [
       -69.9800214,
       12.5510497
      ],
      [
       -69.9802189,
       12.5513434
      ],
      [
       -69.9806856,
       12.5512501
      ]
     ]
    ]
   }
  },
  {
   "type": "Feature",
   "id": "way/726037371",
   "properties": {
    "wetland": "mangrove",
    "name": ""
   },
   "geometry": {
    "type": "Polygon",
    "coordinates": [
     [
      [
       -70.0134216,
       12.4951493
      ],
      [
       -70.0134719,
       12.4951984
      ],
      [
       -70.0135664,
       12.4952538
      ],
      [
       -70.0135491,
       12.4952784
      ],
      [
       -70.0136044,
       12.4953174
      ],
      [
       -70.0136195,
       12.4953258
      ],
      [
       -70.0136637,
       12.4953601
      ],
      [
       -70.0137271,
       12.4954118
      ],
      [
       -70.0137485,
       12.4954344
      ],
      [
       -70.0137338,
       12.4954586
      ],
      [
       -70.0137053,
       12.495492
      ],
      [
       -70.0136878,
       12.4955205
      ],
      [
       -70.013667,
       12.4955506
      ],
      [
       -70.0136181,
       12.4956016
      ],
      [
       -70.0135531,
       12.4956206
      ],
      [
       -70.0135303,
       12.4956213
      ],
      [
       -70.0134974,
       12.4956115
      ],
      [
       -70.0133961,
       12.4955388
      ],
      [
       -70.0133733,
       12.4955067
      ],
      [
       -70.013364,
       12.4954753
      ],
      [
       -70.0133787,
       12.4954439
      ],
      [
       -70.0134089,
       12.4954249
      ],
      [
       -70.0134491,
       12.4954177
      ],
      [
       -70.0135088,
       12.4954275
      ],
      [
       -70.0135437,
       12.4954255
      ],
      [
       -70.0135651,
       12.4954079
      ],
      [
       -70.0135671,
       12.4953797
      ],
      [
       -70.0135463,
       12.4953581
      ],
      [
       -70.0135021,
       12.4953201
      ],
      [
       -70.0134612,
       12.4953005
      ],
      [
       -70.0134075,
       12.4952782
      ],
      [
       -70.0133801,
       12.4952638
      ],
      [
       -70.01337,
       12.4952344
      ],
      [
       -70.013376,
       12.4952023
      ],
      [
       -70.0134216,
       12.4951493
      ]
     ]
    ]
   }
  },
  {
   "type": "Feature",
   "id": "way/840894087",
   "properties": {
    "wetland": "mangrove",
    "name": ""
   },
   "geometry": {
    "type": "Polygon",
    "coordinates": [
     [
      [
       -70.0212386,
       12.4997805
      ],
      [
       -70.0211703,
       12.4997965
      ],
      [
       -70.0211289,
       12.4998147
      ],
      [
       -70.0210729,
       12.499839
      ],
      [
       -70.0210418,
       12.499834
      ],
      [
       -70.0209992,
       12.4998269
      ],
      [
       -70.0209578,
       12.4998259
      ],
      [
       -70.0209505,
       12.4998107
      ],
      [
       -70.0209121,
       12.4997823
      ],
      [
       -70.0208966,
       12.4997358
      ],
      [
       -70.0208468,
       12.4997358
      ],
      [
       -70.0207856,
       12.4997398
      ],
      [
       -70.0207612,
       12.4997705
      ],
      [
       -70.0208013,
       12.4997943
      ],
      [
       -70.0207978,
       12.4998249
      ],
      [
       -70.0207298,
       12.4998249
      ],
      [
       -70.0207054,
       12.4998505
      ],
      [
       -70.0206845,
       12.4998318
      ],
      [
       -70.0206688,
       12.4997943
      ],
      [
       -70.0206269,
       12.4997943
      ],
      [
       -70.0206234,
       12.4997722
      ],
      [
       -70.0205868,
       12.4997619
      ],
      [
       -70.0205694,
       12.499733
      ],
      [
       -70.0205083,
       12.4997415
      ],
      [
       -70.0204351,
       12.4997466
      ],
      [
       -70.0203392,
       12.4997279
      ],
      [
       -70.0203043,
       12.4996904
      ],
      [
       -70.0202729,
       12.4997109
      ],
      [
       -70.0202275,
       12.4997177
      ],
      [
       -70.0201892,
       12.4996989
      ],
      [
       -70.0201369,
       12.4996717
      ],
      [
       -70.0200636,
       12.4996768
      ],
      [
       -70.0199938,
       12.4996768
      ],
      [
       -70.0198979,
       12.4996428
      ],
      [
       -70.0198351,
       12.499653
      ],
      [
       -70.0197706,
       12.4996376
      ],
      [
       -70.0197166,
       12.4996479
      ],
      [
       -70.0196555,
       12.4996342
      ],
      [
       -70.019598,
       12.4996394
      ],
      [
       -70.0194933,
       12.4996376
      ],
      [
       -70.0194393,
       12.4996121
      ],
      [
       -70.0193538,
       12.4996155
      ],
      [
       -70.0193346,
       12.4995729
      ],
      [
       -70.0192736,
       12.4995542
      ],
      [
       -70.0192893,
       12.4994912
      ],
      [
       -70.019291,
       12.4994265
      ],
      [
       -70.0193294,
       12.4994146
      ],
      [
       -70.019359,
       12.4994299
      ],
      [
       -70.0194271,
       12.4994861
      ],
      [
       -70.0195003,
       12.4994776
      ],
      [
       -70.0195701,
       12.4994793
      ],
      [
       -70.0195945,
       12.4995031
      ],
      [
       -70.0196764,
       12.4995031
      ],
      [
       -70.019741,
       12.4995338
      ],
      [
       -70.0198195,
       12.499527
      ],
      [
       -70.0198822,
       12.4995372
      ],
      [
       -70.019959,
       12.4995491
      ],
      [
       -70.0200061,
       12.4995406
      ],
      [
       -70.0200549,
       12.499561
      ],
      [
       -70.0200793,
       12.4995474
      ],
      [
       -70.0201334,
       12.4995474
      ],
      [
       -70.0201962,
       12.4995849
      ],
      [
       -70.0202293,
       12.49959
      ],
      [
       -70.0202729,
       12.4996121
      ],
      [
       -70.0203287,
       12.4996053
      ],
      [
       -70.0204072,
       12.4996036
      ],
      [
       -70.0204368,
       12.4996257
      ],
      [
       -70.0205188,
       12.4996172
      ],
      [
       -70.0205589,
       12.4996496
      ],
      [
       -70.0206234,
       12.4996496
      ],
      [
       -70.0206949,
       12.499687
      ],
      [
       -70.0207612,
       12.4997211
      ],
      [
       -70.020885,
       12.4997143
      ],
      [
       -70.0209199,
       12.4996853
      ],
      [
       -70.0209478,
       12.4997143
      ],
      [
       -70.0210228,
       12.4997143
      ],
      [
       -70.0210821,
       12.4997517
      ],
      [
       -70.0211972,
       12.4997381
      ],
      [
       -70.0212386,
       12.4997805
      ]
     ]
    ]
   }
  },
  {
   "type": "Feature",
   "id": "way/1076618592",
   "properties": {
    "wetland": "mangrove",
    "name": ""
   },
   "geometry": {
    "type": "Polygon",
    "coordinates": [
     [
      [
       -69.94291,
       12.4442686
      ],
      [
       -69.9427,
       12.4442982
      ],
      [
       -69.9424922,
       12.4442792
      ],
      [
       -69.9422044,
       12.4442686
      ],
      [
       -69.9421048,
       12.4442243
      ],
      [
       -69.9418616,
       12.4441139
      ],
      [
       -69.9416604,
       12.4440565
      ],
      [
       -69.9414422,
       12.4439943
      ],
      [
       -69.9412866,
       12.4438607
      ],
      [
       -69.9411849,
       12.4437339
      ],
      [
       -69.9412109,
       12.4435458
      ],
      [
       -69.9413838,
       12.4434024
      ],
      [
       -69.9414631,
       12.4432816
      ],
      [
       -69.9414406,
       12.4431152
      ],
      [
       -69.941462,
       12.443047
      ],
      [
       -69.9415464,
       12.4431294
      ],
      [
       -69.941581,
       12.4432499
      ],
      [
       -69.9416178,
       12.4433682
      ],
      [
       -69.9414706,
       12.4434084
      ],
      [
       -69.9413776,
       12.4434803
      ],
      [
       -69.9413126,
       12.4435458
      ],
      [
       -69.9413602,
       12.4437128
      ],
      [
       -69.9413191,
       12.4437867
      ],
      [
       -69.9414187,
       12.4438692
      ],
      [
       -69.9415312,
       12.4439558
      ],
      [
       -69.9416784,
       12.4439347
      ],
      [
       -69.9417953,
       12.4439093
      ],
      [
       -69.9418624,
       12.4439833
      ],
      [
       -69.9420139,
       12.4440213
      ],
      [
       -69.9421394,
       12.4439939
      ],
      [
       -69.9422585,
       12.4440213
      ],
      [
       -69.9423948,
       12.4440594
      ],
      [
       -69.9424143,
       12.4439558
      ],
      [
       -69.9423104,
       12.4438565
      ],
      [
       -69.9422477,
       12.4437741
      ],
      [
       -69.942213,
       12.4436959
      ],
      [
       -69.9420355,
       12.4435881
      ],
      [
       -69.9419317,
       12.4434612
      ],
      [
       -69.941949,
       12.4434063
      ],
      [
       -69.9420594,
       12.4434718
      ],
      [
       -69.9422996,
       12.4435416
      ],
      [
       -69.9424251,
       12.4435796
      ],
      [
       -69.9425096,
       12.4436937
      ],
      [
       -69.9426286,
       12.4438015
      ],
      [
       -69.9425723,
       12.4438818
      ],
      [
       -69.9425831,
       12.444034
      ],
      [
       -69.9426741,
       12.4440953
      ],
      [
       -69.942871,
       12.4441017
      ],
      [
       -69.94291,
       12.4442686
      ]
     ]
    ]
   }
  },
  {
   "type": "Feature",
   "id": "way/1076618594",
   "properties": {
    "wetland": "wet_meadow",
    "name": ""
   },
   "geometry": {
    "type": "Polygon",
    "coordinates": [
     [
      [
       -69.9452266,
       12.4459813
      ],
      [
       -69.9451455,
       12.4459349
      ],
      [
       -69.9447904,
       12.4456659
      ],
      [
       -69.9444277,
       12.4453685
      ],
      [
       -69.9447231,
       12.4454627
      ],
      [
       -69.9448669,
       12.4455045
      ],
      [
       -69.9451761,
       12.44566
      ],
      [
       -69.9452679,
       12.4457197
      ],
      [
       -69.9453353,
       12.4457541
      ],
      [
       -69.945372,
       12.4458139
      ],
      [
       -69.9453444,
       12.4458752
      ],
      [
       -69.9452266,
       12.4459813
      ]
     ]
    ]
   }
  },
  {
   "type": "Feature",
   "id": "way/1127739313",
   "properties": {
    "wetland": "mangrove",
    "name": "Papegaaienbos"
   },
   "geometry": {
    "type": "Polygon",
    "coordinates": [
     [
      [
       -69.9283843,
       12.4405283
      ],
      [
       -69.9283307,
       12.4405283
      ],
      [
       -69.9282931,
       12.4405545
      ],
      [
       -69.928218,
       12.4405388
      ],
      [
       -69.9281483,
       12.4405912
      ],
      [
       -69.9280678,
       12.4406331
      ],
      [
       -69.9280034,
       12.4405807
      ],
      [
       -69.9278854,
       12.4405807
      ],
      [
       -69.9278157,
       12.4405388
      ],
      [
       -69.9277352,
       12.4404654
      ],
      [
       -69.927526,
       12.4404235
      ],
      [
       -69.9272869,
       12.4402601
      ],
      [
       -69.926508,
       12.4400192
      ],
      [
       -69.9257933,
       12.4398002
      ],
      [
       -69.9255734,
       12.4397059
      ],
      [
       -69.9254339,
       12.4397059
      ],
      [
       -69.9253266,
       12.4396901
      ],
      [
       -69.9253212,
       12.4396116
      ],
      [
       -69.9254017,
       12.4395225
      ],
      [
       -69.9254802,
       12.4394556
      ],
      [
       -69.9256673,
       12.4394477
      ],
      [
       -69.9258466,
       12.4394929
      ],
      [
       -69.9259412,
       12.4394965
      ],
      [
       -69.9260338,
       12.4395141
      ],
      [
       -69.926149,
       12.4395721
      ],
      [
       -69.9262325,
       12.4395335
      ],
      [
       -69.9264096,
       12.4395623
      ],
      [
       -69.9266459,
       12.4396
      ],
      [
       -69.9268929,
       12.4396032
      ],
      [
       -69.9271021,
       12.4396781
      ],
      [
       -69.927357,
       12.4397627
      ],
      [
       -69.9275059,
       12.4398731
      ],
      [
       -69.9276447,
       12.4400174
      ],
      [
       -69.9277356,
       12.4400004
      ],
      [
       -69.9278454,
       12.4399815
      ],
      [
       -69.9278788,
       12.4400296
      ],
      [
       -69.9279492,
       12.4399961
      ],
      [
       -69.9281453,
       12.4400265
      ],
      [
       -69.9281629,
       12.4400731
      ],
      [
       -69.9282629,
       12.4400754
      ],
      [
       -69.9283451,
       12.4401133
      ],
      [
       -69.928354,
       12.4402736
      ],
      [
       -69.9284078,
       12.4403835
      ],
      [
       -69.9283843,
       12.4405283
      ]
     ]
    ]
   }
  },
  {
   "type": "Feature",
   "id": "way/1127739314",
   "properties": {
    "wetland": "mangrove",
    "name": ""
   },
   "geometry": {
    "type": "Polygon",
    "coordinates": [
     [
      [
       -69.9289186,
       12.4405849
      ],
      [
       -69.9288274,
       12.4404798
      ],
      [
       -69.9288381,
       12.4403572
      ],
      [
       -69.9287228,
       12.4402813
      ],
      [
       -69.9286946,
       12.4401943
      ],
      [
       -69.9287772,
       12.4401503
      ],
      [
       -69.9291083,
       12.4401289
      ],
      [
       -69.9292018,
       12.440116
      ],
      [
       -69.929278,
       12.4402287
      ],
      [
       -69.929278,
       12.4403492
      ],
      [
       -69.9292351,
       12.4404225
      ],
      [
       -69.9291922,
       12.4405325
      ],
      [
       -69.9290956,
       12.4405587
      ],
      [
       -69.928983,
       12.4405797
      ],
      [
       -69.9289186,
       12.4405849
      ]
     ]
    ]
   }
  },
  {
   "type": "Feature",
   "id": "way/1127739316",
   "properties": {
    "wetland": "mangrove",
    "name": ""
   },
   "geometry": {
    "type": "Polygon",
    "coordinates": [
     [
      [
       -69.932218,
       12.4405438
      ],
      [
       -69.9324923,
       12.440494
      ],
      [
       -69.9326731,
       12.4403739
      ],
      [
       -69.93269,
       12.4402697
      ],
      [
       -69.9327985,
       12.4402137
      ],
      [
       -69.9329899,
       12.4401701
      ],
      [
       -69.9330664,
       12.4401451
      ],
      [
       -69.9330919,
       12.4402448
      ],
      [
       -69.9329643,
       12.4402822
      ],
      [
       -69.9329397,
       12.4403446
      ],
      [
       -69.9330502,
       12.4403991
      ],
      [
       -69.9332663,
       12.4404247
      ],
      [
       -69.9334119,
       12.4403845
      ],
      [
       -69.9336336,
       12.4403285
      ],
      [
       -69.9337989,
       12.4404123
      ],
      [
       -69.9339871,
       12.4404959
      ],
      [
       -69.9342569,
       12.440594
      ],
      [
       -69.9344316,
       12.4406497
      ],
      [
       -69.9345209,
       12.4407432
      ],
      [
       -69.9345975,
       12.440737
      ],
      [
       -69.9347059,
       12.4407681
      ],
      [
       -69.9347952,
       12.4408616
      ],
      [
       -69.934859,
       12.4409052
      ],
      [
       -69.9349994,
       12.4408989
      ],
      [
       -69.9350887,
       12.440955
      ],
      [
       -69.9352418,
       12.4410547
      ],
      [
       -69.9352928,
       12.4411668
      ],
      [
       -69.9353502,
       12.4412104
      ],
      [
       -69.9354651,
       12.4412416
      ],
      [
       -69.9355352,
       12.4413101
      ],
      [
       -69.9356501,
       12.4413288
      ],
      [
       -69.9357075,
       12.4413288
      ],
      [
       -69.935682,
       12.4413911
      ],
      [
       -69.9355225,
       12.4413724
      ],
      [
       -69.9353694,
       12.4413724
      ],
      [
       -69.9351971,
       12.4413537
      ],
      [
       -69.934942,
       12.4413288
      ],
      [
       -69.9347825,
       12.4413412
      ],
      [
       -69.9345847,
       12.4412478
      ],
      [
       -69.9344571,
       12.4412478
      ],
      [
       -69.9344189,
       12.4413039
      ],
      [
       -69.9342657,
       12.4413039
      ],
      [
       -69.9341764,
       12.4413163
      ],
      [
       -69.9341254,
       12.4412665
      ],
      [
       -69.9339723,
       12.4412665
      ],
      [
       -69.9335002,
       12.4412353
      ],
      [
       -69.9331749,
       12.4411107
      ],
      [
       -69.932958,
       12.4410671
      ],
      [
       -69.9326964,
       12.4410048
      ],
      [
       -69.9323902,
       12.4409986
      ],
      [
       -69.9321223,
       12.4409052
      ],
      [
       -69.9320712,
       12.4407556
      ],
      [
       -69.9321223,
       12.4406124
      ],
      [
       -69.932218,
       12.4405438
      ]
     ]
    ]
   }
  },
  {
   "type": "Feature",
   "id": "way/1127740823",
   "properties": {
    "wetland": "mangrove",
    "name": ""
   },
   "geometry": {
    "type": "Polygon",
    "coordinates": [
     [
      [
       -69.9773452,
       12.4652359
      ],
      [
       -69.977107,
       12.4650781
      ],
      [
       -69.9770786,
       12.46502
      ],
      [
       -69.9771609,
       12.4649452
      ],
      [
       -69.9772431,
       12.464912
      ],
      [
       -69.9773395,
       12.4649176
      ],
      [
       -69.9775181,
       12.4649785
      ],
      [
       -69.9774869,
       12.4651307
      ],
      [
       -69.9774274,
       12.4652359
      ],
      [
       -69.9773452,
       12.4652359
      ]
     ]
    ]
   }
  },
  {
   "type": "Feature",
   "id": "way/1127740826",
   "properties": {
    "wetland": "mangrove",
    "name": ""
   },
   "geometry": {
    "type": "Polygon",
    "coordinates": [
     [
      [
       -69.9769032,
       12.4650061
      ],
      [
       -69.9767852,
       12.4649666
      ],
      [
       -69.9767161,
       12.464876
      ],
      [
       -69.9766689,
       12.4648612
      ],
      [
       -69.9765424,
       12.4648661
      ],
      [
       -69.9764564,
       12.4648299
      ],
      [
       -69.9764767,
       12.4648019
      ],
      [
       -69.9765913,
       12.4647773
      ],
      [
       -69.9766773,
       12.4647707
      ],
      [
       -69.9767312,
       12.4648003
      ],
      [
       -69.976829,
       12.4648003
      ],
      [
       -69.9768695,
       12.4648497
      ],
      [
       -69.9768728,
       12.4648859
      ],
      [
       -69.97692,
       12.4649583
      ],
      [
       -69.9769032,
       12.4650061
      ]
     ]
    ]
   }
  },
  {
   "type": "Feature",
   "id": "way/1127740827",
   "properties": {
    "wetland": "mangrove",
    "name": ""
   },
   "geometry": {
    "type": "Polygon",
    "coordinates": [
     [
      [
       -69.975729,
       12.4645707
      ],
      [
       -69.9756312,
       12.464546
      ],
      [
       -69.9756396,
       12.4645048
      ],
      [
       -69.9757492,
       12.4645344
      ],
      [
       -69.975729,
       12.4645707
      ]
     ]
    ]
   }
  },
  {
   "type": "Feature",
   "id": "way/1127740829",
   "properties": {
    "wetland": "mangrove",
    "name": ""
   },
   "geometry": {
    "type": "Polygon",
    "coordinates": [
     [
      [
       -69.9807501,
       12.4665125
      ],
      [
       -69.9807525,
       12.4664496
      ],
      [
       -69.9808073,
       12.466445
      ],
      [
       -69.9808788,
       12.4664846
      ],
      [
       -69.9808621,
       12.4665241
      ],
      [
       -69.9807501,
       12.4665125
      ]
     ]
    ]
   }
  },
  {
   "type": "Feature",
   "id": "way/1127740831",
   "properties": {
    "wetland": "mangrove",
    "name": ""
   },
   "geometry": {
    "type": "Polygon",
    "coordinates": [
     [
      [
       -69.9837021,
       12.4686184
      ],
      [
       -69.9836711,
       12.4685485
      ],
      [
       -69.9837009,
       12.468474
      ],
      [
       -69.9837963,
       12.4684752
      ],
      [
       -69.9838535,
       12.4685555
      ],
      [
       -69.9838249,
       12.4686277
      ],
      [
       -69.9837021,
       12.4686184
      ]
     ]
    ]
   }
  },
  {
   "type": "Feature",
   "id": "way/1466576954",
   "properties": {
    "wetland": "mangrove",
    "name": ""
   },
   "geometry": {
    "type": "Polygon",
    "coordinates": [
     [
      [
       -69.9782195,
       12.4712445
      ],
      [
       -69.9782137,
       12.4712898
      ],
      [
       -69.9781328,
       12.4713299
      ],
      [
       -69.9780674,
       12.4713651
      ],
      [
       -69.9779814,
       12.471378
      ],
      [
       -69.9779373,
       12.4713543
      ],
      [
       -69.9779208,
       12.4712255
      ],
      [
       -69.9779476,
       12.4712051
      ],
      [
       -69.9782195,
       12.4712445
      ]
     ]
    ]
   }
  },
  {
   "type": "Feature",
   "id": "relation/5635162",
   "properties": {
    "wetland": "marsh",
    "name": "Bubali Bird Sanctuary"
   },
   "geometry": {
    "type": "Polygon",
    "coordinates": [
     [
      [
       -70.0507314,
       12.5592314
      ],
      [
       -70.0507055,
       12.5593023
      ],
      [
       -70.0506381,
       12.5593478
      ],
      [
       -70.0506102,
       12.5594004
      ],
      [
       -70.0506225,
       12.5594507
      ],
      [
       -70.050588,
       12.5595148
      ],
      [
       -70.0505154,
       12.5595586
      ],
      [
       -70.0504826,
       12.5596261
      ],
      [
       -70.0503976,
       12.5596641
      ],
      [
       -70.0503725,
       12.5596938
      ],
      [
       -70.0503927,
       12.5597419
      ],
      [
       -70.050383,
       12.5597884
      ],
      [
       -70.050364,
       12.5598486
      ],
      [
       -70.0503287,
       12.5598766
      ],
      [
       -70.0503287,
       12.5598892
      ],
      [
       -70.0503522,
       12.5598982
      ],
      [
       -70.0503461,
       12.5599829
      ],
      [
       -70.0503345,
       12.5600399
      ],
      [
       -70.0503187,
       12.5600531
      ],
      [
       -70.0503179,
       12.5600758
      ],
      [
       -70.0503311,
       12.560092
      ],
      [
       -70.0503345,
       12.5601508
      ],
      [
       -70.050343,
       12.5602569
      ],
      [
       -70.0503197,
       12.5602868
      ],
      [
       -70.0503031,
       12.5603369
      ],
      [
       -70.0503128,
       12.5603846
      ],
      [
       -70.0503087,
       12.5604138
      ],
      [
       -70.050286,
       12.5604264
      ],
      [
       -70.050297,
       12.5604765
      ],
      [
       -70.0502802,
       12.5605082
      ],
      [
       -70.0502938,
       12.5605398
      ],
      [
       -70.0503162,
       12.5605887
      ],
      [
       -70.0503211,
       12.5606427
      ],
      [
       -70.0503181,
       12.56072
      ],
      [
       -70.0502949,
       12.5607453
      ],
      [
       -70.050289,
       12.5608039
      ],
      [
       -70.0502704,
       12.5609061
      ],
      [
       -70.0502596,
       12.5610018
      ],
      [
       -70.0502342,
       12.5610688
      ],
      [
       -70.0502059,
       12.5611379
      ],
      [
       -70.0501529,
       12.5612381
      ],
      [
       -70.0501417,
       12.5612887
      ],
      [
       -70.0501187,
       12.5613226
      ],
      [
       -70.0501332,
       12.5613594
      ],
      [
       -70.0500847,
       12.5614255
      ],
      [
       -70.0500073,
       12.5615235
      ],
      [
       -70.0499243,
       12.5616105
      ],
      [
       -70.0498485,
       12.5616833
      ],
      [
       -70.0497825,
       12.5617441
      ],
      [
       -70.0497666,
       12.561813
      ],
      [
       -70.0496982,
       12.561893
      ],
      [
       -70.0496432,
       12.5619514
      ],
      [
       -70.0496041,
       12.5619967
      ],
      [
       -70.0495809,
       12.5620599
      ],
      [
       -70.0495445,
       12.5620603
      ],
      [
       -70.049528,
       12.5620806
      ],
      [
       -70.049509,
       12.5621086
      ],
      [
       -70.0495212,
       12.5621217
      ],
      [
       -70.0495429,
       12.5621205
      ],
      [
       -70.0495451,
       12.5621312
      ],
      [
       -70.0495259,
       12.5621601
      ],
      [
       -70.0495004,
       12.5621733
      ],
      [
       -70.0494754,
       12.5621557
      ],
      [
       -70.0494629,
       12.5621566
      ],
      [
       -70.0494564,
       12.5621709
      ],
      [
       -70.0494775,
       12.562192
      ],
      [
       -70.0494673,
       12.5622114
      ],
      [
       -70.0494318,
       12.5622436
      ],
      [
       -70.049416,
       12.5622937
      ],
      [
       -70.049416,
       12.5623318
      ],
      [
       -70.0494098,
       12.5623788
      ],
      [
       -70.0493976,
       12.5623878
      ],
      [
       -70.0493988,
       12.5624075
      ],
      [
       -70.0494153,
       12.5624182
      ],
      [
       -70.0494422,
       12.5624576
      ],
      [
       -70.0494445,
       12.5624895
      ],
      [
       -70.0494182,
       12.5625053
      ],
      [
       -70.0494116,
       12.5625315
      ],
      [
       -70.0494258,
       12.5625522
      ],
      [
       -70.049447,
       12.5625709
      ],
      [
       -70.0494617,
       12.5625882
      ],
      [
       -70.049488,
       12.5625894
      ],
      [
       -70.0495002,
       12.5626025
      ],
      [
       -70.0495008,
       12.5626192
      ],
      [
       -70.049455,
       12.5626371
      ],
      [
       -70.0494189,
       12.5626514
      ],
      [
       -70.049378,
       12.5626939
      ],
      [
       -70.0493819,
       12.5627215
      ],
      [
       -70.0494135,
       12.5627694
      ],
      [
       -70.0494517,
       12.5628056
      ],
      [
       -70.0494867,
       12.5628088
      ],
      [
       -70.049514,
       12.5627971
      ],
      [
       -70.049545,
       12.562814
      ],
      [
       -70.049574,
       12.5628067
      ],
      [
       -70.0495929,
       12.5628113
      ],
      [
       -70.0496079,
       12.5628004
      ],
      [
       -70.0496336,
       12.5628067
      ],
      [
       -70.049646,
       12.5628354
      ],
      [
       -70.0496733,
       12.5628631
      ],
      [
       -70.0497159,
       12.5628621
      ],
      [
       -70.0497541,
       12.5628834
      ],
      [
       -70.0497639,
       12.5629153
      ],
      [
       -70.0497595,
       12.562943
      ],
      [
       -70.049741,
       12.5629686
      ],
      [
       -70.0497399,
       12.563008
      ],
      [
       -70.049753,
       12.5630474
      ],
      [
       -70.0497431,
       12.5630666
      ],
      [
       -70.0496822,
       12.5631025
      ],
      [
       -70.0496084,
       12.5631335
      ],
      [
       -70.049545,
       12.5631732
      ],
      [
       -70.0494743,
       12.5632386
      ],
      [
       -70.0494109,
       12.5632952
      ],
      [
       -70.0493672,
       12.5633386
      ],
      [
       -70.0493143,
       12.5633829
      ],
      [
       -70.0492866,
       12.5634042
      ],
      [
       -70.0492402,
       12.563433
      ],
      [
       -70.0491904,
       12.5634336
      ],
      [
       -70.0491288,
       12.5634505
      ],
      [
       -70.0490777,
       12.5634861
      ],
      [
       -70.0490569,
       12.563518
      ],
      [
       -70.0490153,
       12.563538
      ],
      [
       -70.0489642,
       12.5635415
      ],
      [
       -70.0489074,
       12.5635521
      ],
      [
       -70.0488444,
       12.5635834
      ],
      [
       -70.0487957,
       12.5636219
      ],
      [
       -70.0487131,
       12.5636509
      ],
      [
       -70.0486547,
       12.5636727
      ],
      [
       -70.0485787,
       12.5636896
      ],
      [
       -70.0485003,
       12.5636793
      ],
      [
       -70.0484232,
       12.5636502
      ],
      [
       -70.0483794,
       12.5636335
      ],
      [
       -70.0482116,
       12.5635441
      ],
      [
       -70.0481138,
       12.5634773
      ],
      [
       -70.0480842,
       12.5634479
      ],
      [
       -70.04804,
       12.5633446
      ],
      [
       -70.0480194,
       12.563204
      ],
      [
       -70.0479997,
       12.5630742
      ],
      [
       -70.0479845,
       12.5629778
      ],
      [
       -70.0479701,
       12.5628625
      ],
      [
       -70.0479665,
       12.562796
      ],
      [
       -70.0479733,
       12.5627322
      ],
      [
       -70.0480011,
       12.562648
      ],
      [
       -70.0480274,
       12.5625426
      ],
      [
       -70.0480739,
       12.5624368
      ],
      [
       -70.0481598,
       12.5623016
      ],
      [
       -70.0482348,
       12.5622217
      ],
      [
       -70.0483096,
       12.5621446
      ],
      [
       -70.0483572,
       12.5620699
      ],
      [
       -70.0484108,
       12.5620214
      ],
      [
       -70.0484258,
       12.5619835
      ],
      [
       -70.0484705,
       12.5619408
      ],
      [
       -70.0484993,
       12.5618719
      ],
      [
       -70.0485293,
       12.5617941
      ],
      [
       -70.0485778,
       12.5617162
      ],
      [
       -70.0485973,
       12.5616507
      ],
      [
       -70.0486271,
       12.561606
      ],
      [
       -70.0486769,
       12.5615721
      ],
      [
       -70.0487057,
       12.5615303
      ],
      [
       -70.0487226,
       12.5615032
      ],
      [
       -70.0487365,
       12.5614881
      ],
      [
       -70.0487619,
       12.5614823
      ],
      [
       -70.0487773,
       12.5614648
      ],
      [
       -70.0487803,
       12.5614362
      ],
      [
       -70.0487799,
       12.5613947
      ],
      [
       -70.0487777,
       12.5613565
      ],
      [
       -70.048772,
       12.5613215
      ],
      [
       -70.048748,
       12.5612974
      ],
      [
       -70.0487189,
       12.5612624
      ],
      [
       -70.048714,
       12.5612344
      ],
      [
       -70.048727,
       12.5611981
      ],
      [
       -70.0487434,
       12.5611644
      ],
      [
       -70.0487399,
       12.5611475
      ],
      [
       -70.0487218,
       12.5611323
      ],
      [
       -70.0486916,
       12.561123
      ],
      [
       -70.0486708,
       12.5611028
      ],
      [
       -70.0486734,
       12.5610674
      ],
      [
       -70.0486838,
       12.5610404
      ],
      [
       -70.0486838,
       12.5610033
      ],
      [
       -70.0486971,
       12.5609703
      ],
      [
       -70.0487083,
       12.5609566
      ],
      [
       -70.0487252,
       12.5609578
      ],
      [
       -70.0487404,
       12.560978
      ],
      [
       -70.0487566,
       12.5609798
      ],
      [
       -70.0487752,
       12.560967
      ],
      [
       -70.0487869,
       12.5609378
      ],
      [
       -70.0487841,
       12.5609094
      ],
      [
       -70.0487615,
       12.5608951
      ],
      [
       -70.0487386,
       12.5608999
      ],
      [
       -70.0487248,
       12.5608865
      ],
      [
       -70.0487228,
       12.5608594
      ],
      [
       -70.0487509,
       12.5608153
      ],
      [
       -70.0487533,
       12.5607795
      ],
      [
       -70.0487472,
       12.5607377
      ],
      [
       -70.0487564,
       12.5606803
      ],
      [
       -70.0487642,
       12.5606285
      ],
      [
       -70.0487617,
       12.5605939
      ],
      [
       -70.0487666,
       12.5605146
      ],
      [
       -70.0487712,
       12.5604567
      ],
      [
       -70.04876,
       12.5604129
      ],
      [
       -70.0487496,
       12.5603699
      ],
      [
       -70.0487392,
       12.5603159
      ],
      [
       -70.0487061,
       12.560283
      ],
      [
       -70.048709,
       12.5602392
      ],
      [
       -70.048728,
       12.5602164
      ],
      [
       -70.0487289,
       12.5601455
      ],
      [
       -70.0487427,
       12.5600553
      ],
      [
       -70.0487375,
       12.5599533
      ],
      [
       -70.0487355,
       12.5598998
      ],
      [
       -70.048722,
       12.5598378
      ],
      [
       -70.0486878,
       12.5597615
      ],
      [
       -70.048667,
       12.5597031
      ],
      [
       -70.0486511,
       12.5596756
      ],
      [
       -70.0486511,
       12.5596363
      ],
      [
       -70.0486304,
       12.5595921
      ],
      [
       -70.0485803,
       12.559542
      ],
      [
       -70.0485705,
       12.5595075
      ],
      [
       -70.0485595,
       12.55948
      ],
      [
       -70.04854,
       12.5594812
      ],
      [
       -70.0485033,
       12.5594931
      ],
      [
       -70.0484618,
       12.5594693
      ],
      [
       -70.0484471,
       12.5594466
      ],
      [
       -70.0484532,
       12.5594192
      ],
      [
       -70.0484752,
       12.5593739
      ],
      [
       -70.0484923,
       12.5593608
      ],
      [
       -70.0485192,
       12.5593655
      ],
      [
       -70.0485913,
       12.559393
      ],
      [
       -70.0486267,
       12.5594061
      ],
      [
       -70.0486829,
       12.559424
      ],
      [
       -70.0487196,
       12.5594562
      ],
      [
       -70.0487917,
       12.5594705
      ],
      [
       -70.0488467,
       12.5594908
      ],
      [
       -70.0488711,
       12.5594776
      ],
      [
       -70.0488796,
       12.5594442
      ],
      [
       -70.0488564,
       12.5594442
      ],
      [
       -70.0488271,
       12.5594097
      ],
      [
       -70.0488075,
       12.5594109
      ],
      [
       -70.0487452,
       12.5594061
      ],
      [
       -70.0486927,
       12.5593942
      ],
      [
       -70.0486267,
       12.5593691
      ],
      [
       -70.0485681,
       12.5593309
      ],
      [
       -70.0485302,
       12.5593166
      ],
      [
       -70.0484618,
       12.559294
      ],
      [
       -70.0483738,
       12.5592773
      ],
      [
       -70.0482958,
       12.5592731
      ],
      [
       -70.0482762,
       12.5592588
      ],
      [
       -70.0482714,
       12.559186
      ],
      [
       -70.0482836,
       12.5591729
      ],
      [
       -70.04832,
       12.5591692
      ],
      [
       -70.0483469,
       12.5591674
      ],
      [
       -70.0483762,
       12.5591882
      ],
      [
       -70.0483842,
       12.5592234
      ],
      [
       -70.0483927,
       12.5592485
      ],
      [
       -70.0484086,
       12.5592532
      ],
      [
       -70.0484544,
       12.5592419
      ],
      [
       -70.0485045,
       12.5592359
      ],
      [
       -70.0485498,
       12.5592526
      ],
      [
       -70.0486267,
       12.5592884
      ],
      [
       -70.0486829,
       12.5593266
      ],
      [
       -70.0487709,
       12.5593648
      ],
      [
       -70.0488491,
       12.5593862
      ],
      [
       -70.0489139,
       12.5593886
      ],
      [
       -70.0489428,
       12.559366
      ],
      [
       -70.0489453,
       12.5593306
      ],
      [
       -70.0489445,
       12.5592403
      ],
      [
       -70.0489489,
       12.5591931
      ],
      [
       -70.0489834,
       12.5591341
      ],
      [
       -70.0490084,
       12.5591012
      ],
      [
       -70.0490136,
       12.5590835
      ],
      [
       -70.0490084,
       12.5590582
      ],
      [
       -70.048941,
       12.5590025
      ],
      [
       -70.048846,
       12.558946
      ],
      [
       -70.0487611,
       12.5589032
      ],
      [
       -70.0486609,
       12.558871
      ],
      [
       -70.0486103,
       12.558855
      ],
      [
       -70.0485925,
       12.5588376
      ],
      [
       -70.0485939,
       12.5588068
      ],
      [
       -70.0487088,
       12.5587495
      ],
      [
       -70.0487125,
       12.5587364
      ],
      [
       -70.048666,
       12.5587316
      ],
      [
       -70.0485878,
       12.5587495
      ],
      [
       -70.0484705,
       12.5588282
      ],
      [
       -70.0483825,
       12.5588986
      ],
      [
       -70.0482417,
       12.5590517
      ],
      [
       -70.0481951,
       12.5590997
      ],
      [
       -70.0481847,
       12.5591385
      ],
      [
       -70.0481813,
       12.5591697
      ],
      [
       -70.0481726,
       12.5591824
      ],
      [
       -70.0481692,
       12.5592178
      ],
      [
       -70.0481614,
       12.5592347
      ],
      [
       -70.0481242,
       12.5592524
      ],
      [
       -70.0480672,
       12.559265
      ],
      [
       -70.0480067,
       12.5592735
      ],
      [
       -70.0479393,
       12.5592785
      ],
      [
       -70.0478875,
       12.5592861
      ],
      [
       -70.0478348,
       12.5592726
      ],
      [
       -70.0477709,
       12.5592499
      ],
      [
       -70.0477225,
       12.5592229
      ],
      [
       -70.0476853,
       12.5592026
      ],
      [
       -70.0476559,
       12.5591866
      ],
      [
       -70.0476006,
       12.5591689
      ],
      [
       -70.0475436,
       12.5591377
      ],
      [
       -70.0474883,
       12.5590989
      ],
      [
       -70.0474417,
       12.5590576
      ],
      [
       -70.0473916,
       12.5590028
      ],
      [
       -70.0473501,
       12.5589673
      ],
      [
       -70.0473484,
       12.5589336
      ],
      [
       -70.0473682,
       12.5588957
      ],
      [
       -70.0473881,
       12.5588526
      ],
      [
       -70.0474009,
       12.5588027
      ],
      [
       -70.047483,
       12.5586919
      ],
      [
       -70.0475306,
       12.5586044
      ],
      [
       -70.0476174,
       12.5584782
      ],
      [
       -70.0478462,
       12.5582247
      ],
      [
       -70.0480761,
       12.5579536
      ],
      [
       -70.0481748,
       12.5578611
      ],
      [
       -70.0482353,
       12.557836
      ],
      [
       -70.0482768,
       12.5578333
      ],
      [
       -70.0483386,
       12.5578248
      ],
      [
       -70.0484589,
       12.5577857
      ],
      [
       -70.0485554,
       12.5576767
      ],
      [
       -70.0485695,
       12.5576132
      ],
      [
       -70.0485333,
       12.5574788
      ],
      [
       -70.0486949,
       12.5572851
      ],
      [
       -70.0489739,
       12.5570172
      ],
      [
       -70.0490276,
       12.5570068
      ],
      [
       -70.0490659,
       12.5570172
      ],
      [
       -70.0495926,
       12.5576226
      ],
      [
       -70.050709,
       12.5588621
      ],
      [
       -70.0507305,
       12.5588991
      ],
      [
       -70.0507392,
       12.5589436
      ],
      [
       -70.0507663,
       12.5589753
      ],
      [
       -70.0508114,
       12.5589932
      ],
      [
       -70.0508382,
       12.5589797
      ],
      [
       -70.0508466,
       12.5589647
      ],
      [
       -70.0508405,
       12.5589415
      ],
      [
       -70.050811,
       12.5589039
      ],
      [
       -70.0508589,
       12.5589131
      ],
      [
       -70.0508981,
       12.5588994
      ],
      [
       -70.0509716,
       12.5589818
      ],
      [
       -70.0509629,
       12.5590122
      ],
      [
       -70.0508662,
       12.5590914
      ],
      [
       -70.0507314,
       12.5592314
      ]
     ],
     [
      [
       -70.0479677,
       12.5591494
      ],
      [
       -70.0480213,
       12.5591477
      ],
      [
       -70.0480714,
       12.5591477
      ],
      [
       -70.0481423,
       12.5590988
      ],
      [
       -70.0481889,
       12.5590617
      ],
      [
       -70.0482356,
       12.5590145
      ],
      [
       -70.0482719,
       12.5589639
      ],
      [
       -70.0483185,
       12.5589082
      ],
      [
       -70.0483617,
       12.5588559
      ],
      [
       -70.0483652,
       12.5588036
      ],
      [
       -70.0483375,
       12.5587513
      ],
      [
       -70.0482909,
       12.5587142
      ],
      [
       -70.0482269,
       12.5586771
      ],
      [
       -70.0481509,
       12.5586569
      ],
      [
       -70.0480023,
       12.5586822
      ],
      [
       -70.0479626,
       12.5587058
      ],
      [
       -70.0478468,
       12.5587345
      ],
      [
       -70.0477846,
       12.5587378
      ],
      [
       -70.0476653,
       12.5587513
      ],
      [
       -70.0475236,
       12.5587851
      ],
      [
       -70.0474493,
       12.5588087
      ],
      [
       -70.0474079,
       12.5588846
      ],
      [
       -70.0474148,
       12.558979
      ],
      [
       -70.0474355,
       12.5590094
      ],
      [
       -70.0474787,
       12.5590516
      ],
      [
       -70.0475513,
       12.5591089
      ],
      [
       -70.0476066,
       12.5591241
      ],
      [
       -70.0476446,
       12.5591292
      ],
      [
       -70.0477068,
       12.5591511
      ],
      [
       -70.0477638,
       12.5591713
      ],
      [
       -70.0477915,
       12.5591814
      ],
      [
       -70.0478347,
       12.5591696
      ],
      [
       -70.047871,
       12.5591966
      ],
      [
       -70.0479021,
       12.5592067
      ],
      [
       -70.0479505,
       12.5591696
      ],
      [
       -70.0479677,
       12.5591494
      ]
     ],
     [
      [
       -70.0488965,
       12.5607702
      ],
      [
       -70.0489224,
       12.5608006
      ],
      [
       -70.0489639,
       12.5608275
      ],
      [
       -70.049071,
       12.560841
      ],
      [
       -70.049154,
       12.5608225
      ],
      [
       -70.0491868,
       12.5607314
      ],
      [
       -70.0491954,
       12.5606504
      ],
      [
       -70.0492023,
       12.5605543
      ],
      [
       -70.0492075,
       12.5604987
      ],
      [
       -70.0492075,
       12.5604008
      ],
      [
       -70.0492144,
       12.5603199
      ],
      [
       -70.0492749,
       12.5602693
      ],
      [
       -70.0493458,
       12.5602524
      ],
      [
       -70.0494287,
       12.560244
      ],
      [
       -70.049465,
       12.5601849
      ],
      [
       -70.0494892,
       12.5600939
      ],
      [
       -70.0494823,
       12.5600247
      ],
      [
       -70.0494408,
       12.5599758
      ],
      [
       -70.0493302,
       12.5599707
      ],
      [
       -70.0492697,
       12.5599943
      ],
      [
       -70.0491799,
       12.5600483
      ],
      [
       -70.0491298,
       12.5601006
      ],
      [
       -70.0490831,
       12.5601326
      ],
      [
       -70.0490036,
       12.5601377
      ],
      [
       -70.0489535,
       12.5601259
      ],
      [
       -70.0488896,
       12.5601242
      ],
      [
       -70.0488343,
       12.5601613
      ],
      [
       -70.0488274,
       12.5602423
      ],
      [
       -70.0488222,
       12.5603064
      ],
      [
       -70.0488343,
       12.5603705
      ],
      [
       -70.0488809,
       12.560416
      ],
      [
       -70.0488948,
       12.5604565
      ],
      [
       -70.0488758,
       12.560529
      ],
      [
       -70.0488792,
       12.5605526
      ],
      [
       -70.0489034,
       12.5606403
      ],
      [
       -70.0488878,
       12.5606791
      ],
      [
       -70.048874,
       12.5607213
      ],
      [
       -70.0488965,
       12.5607702
      ]
     ],
     [
      [
       -70.0489692,
       12.5597929
      ],
      [
       -70.048945,
       12.5598166
      ],
      [
       -70.048907,
       12.5599026
      ],
      [
       -70.0489105,
       12.5599566
      ],
      [
       -70.0489433,
       12.5600173
      ],
      [
       -70.0489831,
       12.5600611
      ],
      [
       -70.0490401,
       12.560078
      ],
      [
       -70.0490781,
       12.5600544
      ],
      [
       -70.0491196,
       12.5600375
      ],
      [
       -70.0491248,
       12.5599953
      ],
      [
       -70.0491317,
       12.5599144
      ],
      [
       -70.0491248,
       12.5598773
      ],
      [
       -70.0490988,
       12.5598149
      ],
      [
       -70.0490764,
       12.5597811
      ],
      [
       -70.0490228,
       12.5597238
      ],
      [
       -70.0489917,
       12.5597154
      ],
      [
       -70.0489641,
       12.5597423
      ],
      [
       -70.0489658,
       12.5597676
      ],
      [
       -70.0489692,
       12.5597929
      ]
     ],
     [
      [
       -70.0490399,
       12.5611126
      ],
      [
       -70.0490313,
       12.561094
      ],
      [
       -70.0490088,
       12.561089
      ],
      [
       -70.0489535,
       12.561116
      ],
      [
       -70.048931,
       12.5611817
      ],
      [
       -70.0489483,
       12.5612222
      ],
      [
       -70.0489863,
       12.5612458
      ],
      [
       -70.049014,
       12.5612964
      ],
      [
       -70.0490382,
       12.5613167
      ],
      [
       -70.0491108,
       12.5612914
      ],
      [
       -70.0491661,
       12.5612543
      ],
      [
       -70.0491868,
       12.5612172
      ],
      [
       -70.049173,
       12.5611632
      ],
      [
       -70.0491211,
       12.5611261
      ],
      [
       -70.0490658,
       12.5611328
      ],
      [
       -70.0490399,
       12.5611126
      ]
     ],
     [
      [
       -70.0493184,
       12.5589301
      ],
      [
       -70.0493771,
       12.5589436
      ],
      [
       -70.0494289,
       12.5589453
      ],
      [
       -70.049448,
       12.5589419
      ],
      [
       -70.0494912,
       12.5589183
      ],
      [
       -70.0495102,
       12.5588947
      ],
      [
       -70.0495171,
       12.5588542
      ],
      [
       -70.0495102,
       12.5588204
      ],
      [
       -70.0494808,
       12.5587867
      ],
      [
       -70.0494531,
       12.5587732
      ],
      [
       -70.0494013,
       12.5587715
      ],
      [
       -70.0493546,
       12.5587732
      ],
      [
       -70.0492993,
       12.5587951
      ],
      [
       -70.0492769,
       12.5588339
      ],
      [
       -70.049289,
       12.5588963
      ],
      [
       -70.0493184,
       12.5589301
      ]
     ],
     [
      [
       -70.0494549,
       12.5590701
      ],
      [
       -70.049422,
       12.5590802
      ],
      [
       -70.0493788,
       12.5590785
      ],
      [
       -70.0493425,
       12.5591493
      ],
      [
       -70.0493477,
       12.5592067
      ],
      [
       -70.0493788,
       12.5592387
      ],
      [
       -70.0494376,
       12.5592151
      ],
      [
       -70.0494531,
       12.5591746
      ],
      [
       -70.0494704,
       12.5591325
      ],
      [
       -70.0494981,
       12.5591139
      ],
      [
       -70.0494998,
       12.5590785
      ],
      [
       -70.0494549,
       12.5590701
      ]
     ]
    ]
   }
  },
  {
   "type": "Feature",
   "id": "relation/5638924",
   "properties": {
    "wetland": "marsh;mangrove",
    "name": "Bubali Bird Sanctuary"
   },
   "geometry": {
    "type": "Polygon",
    "coordinates": [
     [
      [
       -70.0480405,
       12.5612608
      ],
      [
       -70.048031,
       12.5613054
      ],
      [
       -70.0480487,
       12.5613732
      ],
      [
       -70.0480799,
       12.5614253
      ],
      [
       -70.0481102,
       12.5615262
      ],
      [
       -70.0480646,
       12.5616339
      ],
      [
       -70.0479279,
       12.5617581
      ],
      [
       -70.0478588,
       12.5618812
      ],
      [
       -70.0477973,
       12.5621293
      ],
      [
       -70.0477374,
       12.5622188
      ],
      [
       -70.0476201,
       12.5622951
      ],
      [
       -70.0474857,
       12.5623034
      ],
      [
       -70.0473427,
       12.5623166
      ],
      [
       -70.047267,
       12.5623464
      ],
      [
       -70.047234,
       12.5623953
      ],
      [
       -70.0472479,
       12.5624435
      ],
      [
       -70.0472944,
       12.5624757
      ],
      [
       -70.0473159,
       12.5625813
      ],
      [
       -70.0473415,
       12.5626147
      ],
      [
       -70.0474063,
       12.5626624
      ],
      [
       -70.0474771,
       12.5626899
      ],
      [
       -70.0475199,
       12.5626922
      ],
      [
       -70.0473954,
       12.5628397
      ],
      [
       -70.0472889,
       12.5629504
      ],
      [
       -70.0472215,
       12.5629714
      ],
      [
       -70.0471913,
       12.5629639
      ],
      [
       -70.0471628,
       12.5629369
      ],
      [
       -70.0471464,
       12.5628981
      ],
      [
       -70.0471179,
       12.5628884
      ],
      [
       -70.0470982,
       12.562896
      ],
      [
       -70.0470975,
       12.56292
      ],
      [
       -70.0471268,
       12.5629749
      ],
      [
       -70.0471342,
       12.5630047
      ],
      [
       -70.047111,
       12.5630381
      ],
      [
       -70.0470841,
       12.5630369
      ],
      [
       -70.0470019,
       12.5629856
      ],
      [
       -70.0468049,
       12.5628911
      ],
      [
       -70.0465665,
       12.562822
      ],
      [
       -70.0463211,
       12.5627731
      ],
      [
       -70.0457809,
       12.5627062
      ],
      [
       -70.0446359,
       12.562581
      ],
      [
       -70.0445321,
       12.5625584
      ],
      [
       -70.0444441,
       12.5625309
      ],
      [
       -70.0443614,
       12.5624773
      ],
      [
       -70.0443294,
       12.5624259
      ],
      [
       -70.0443243,
       12.5623668
      ],
      [
       -70.0443269,
       12.5622918
      ],
      [
       -70.0443588,
       12.5622074
      ],
      [
       -70.0446055,
       12.5618224
      ],
      [
       -70.0448328,
       12.5614921
      ],
      [
       -70.0450721,
       12.5611477
      ],
      [
       -70.0455985,
       12.5605178
      ],
      [
       -70.0462434,
       12.5598207
      ],
      [
       -70.0468721,
       12.5591356
      ],
      [
       -70.0481333,
       12.5577598
      ],
      [
       -70.0482889,
       12.5575868
      ],
      [
       -70.0483143,
       12.5575985
      ],
      [
       -70.0483626,
       12.5576032
      ],
      [
       -70.0483978,
       12.5575953
      ],
      [
       -70.0484657,
       12.5575596
      ],
      [
       -70.0485333,
       12.5574788
      ],
      [
       -70.0485695,
       12.5576132
      ],
      [
       -70.0485554,
       12.5576767
      ],
      [
       -70.0484589,
       12.5577857
      ],
      [
       -70.0483386,
       12.5578248
      ],
      [
       -70.0482768,
       12.5578333
      ],
      [
       -70.0482353,
       12.557836
      ],
      [
       -70.0481748,
       12.5578611
      ],
      [
       -70.0480761,
       12.5579536
      ],
      [
       -70.0478462,
       12.5582247
      ],
      [
       -70.0476174,
       12.5584782
      ],
      [
       -70.0475306,
       12.5586044
      ],
      [
       -70.047483,
       12.5586919
      ],
      [
       -70.0474009,
       12.5588027
      ],
      [
       -70.0473423,
       12.5588427
      ],
      [
       -70.0472608,
       12.5588964
      ],
      [
       -70.0471864,
       12.5589163
      ],
      [
       -70.047143,
       12.558928
      ],
      [
       -70.0470952,
       12.5589384
      ],
      [
       -70.0471162,
       12.5589882
      ],
      [
       -70.0471192,
       12.5590348
      ],
      [
       -70.0471113,
       12.5591087
      ],
      [
       -70.0471082,
       12.5591677
      ],
      [
       -70.0470997,
       12.5592101
      ],
      [
       -70.0470875,
       12.559216
      ],
      [
       -70.0470838,
       12.5592375
      ],
      [
       -70.0470575,
       12.5592578
      ],
      [
       -70.0470313,
       12.5592637
      ],
      [
       -70.047,
       12.5592712
      ],
      [
       -70.04695,
       12.5593043
      ],
      [
       -70.0468698,
       12.5593539
      ],
      [
       -70.0468046,
       12.5594032
      ],
      [
       -70.0467398,
       12.559463
      ],
      [
       -70.0466646,
       12.5595103
      ],
      [
       -70.0466145,
       12.5595381
      ],
      [
       -70.046548,
       12.5595819
      ],
      [
       -70.0465493,
       12.5595986
      ],
      [
       -70.0465567,
       12.5596141
      ],
      [
       -70.0465817,
       12.5596165
      ],
      [
       -70.0466343,
       12.5596093
      ],
      [
       -70.0466734,
       12.5595909
      ],
      [
       -70.046685,
       12.5595664
      ],
      [
       -70.0467565,
       12.5595217
      ],
      [
       -70.0468157,
       12.5594752
      ],
      [
       -70.0468664,
       12.5594287
      ],
      [
       -70.0469269,
       12.5593839
      ],
      [
       -70.0469868,
       12.5593392
      ],
      [
       -70.0470247,
       12.5593124
      ],
      [
       -70.0470839,
       12.5592934
      ],
      [
       -70.047115,
       12.5592824
      ],
      [
       -70.0471349,
       12.5592462
      ],
      [
       -70.0471591,
       12.5592015
      ],
      [
       -70.0471651,
       12.5591601
      ],
      [
       -70.0471876,
       12.5591593
      ],
      [
       -70.0471919,
       12.559145
      ],
      [
       -70.0471755,
       12.5591332
      ],
      [
       -70.0471703,
       12.5591121
      ],
      [
       -70.0471746,
       12.5590387
      ],
      [
       -70.0471807,
       12.5590185
      ],
      [
       -70.0471962,
       12.5590083
      ],
      [
       -70.0472325,
       12.5590033
      ],
      [
       -70.0472774,
       12.5590159
      ],
      [
       -70.0473258,
       12.5590497
      ],
      [
       -70.0473673,
       12.5590927
      ],
      [
       -70.0474399,
       12.5591407
      ],
      [
       -70.0475047,
       12.5591829
      ],
      [
       -70.0475634,
       12.5592335
      ],
      [
       -70.0476144,
       12.5592622
      ],
      [
       -70.0476852,
       12.5592942
      ],
      [
       -70.0477319,
       12.5593069
      ],
      [
       -70.0477621,
       12.5593119
      ],
      [
       -70.0477846,
       12.559328
      ],
      [
       -70.0478305,
       12.5593577
      ],
      [
       -70.0478733,
       12.5593779
      ],
      [
       -70.0479148,
       12.5593827
      ],
      [
       -70.0479808,
       12.5593958
      ],
      [
       -70.0480101,
       12.559403
      ],
      [
       -70.0480382,
       12.5594268
      ],
      [
       -70.0480822,
       12.5594316
      ],
      [
       -70.0481409,
       12.5594447
      ],
      [
       -70.0482008,
       12.5594638
      ],
      [
       -70.048257,
       12.5595199
      ],
      [
       -70.0482728,
       12.5595413
      ],
      [
       -70.0483291,
       12.5595509
      ],
      [
       -70.0483865,
       12.5595735
      ],
      [
       -70.0484427,
       12.5595843
      ],
      [
       -70.0484891,
       12.5596117
      ],
      [
       -70.0485233,
       12.5596439
      ],
      [
       -70.04856,
       12.5597012
      ],
      [
       -70.0485837,
       12.5597496
      ],
      [
       -70.0486118,
       12.5598105
      ],
      [
       -70.0486338,
       12.5598856
      ],
      [
       -70.0486485,
       12.5599619
      ],
      [
       -70.0486485,
       12.5600204
      ],
      [
       -70.0486375,
       12.5600788
      ],
      [
       -70.0486326,
       12.5601563
      ],
      [
       -70.0486216,
       12.5602136
      ],
      [
       -70.0486265,
       12.5602708
      ],
      [
       -70.0486363,
       12.5603412
      ],
      [
       -70.0486436,
       12.5604104
      ],
      [
       -70.0486509,
       12.5604962
      ],
      [
       -70.0486497,
       12.5605749
      ],
      [
       -70.0486461,
       12.5606226
      ],
      [
       -70.0486351,
       12.5606799
      ],
      [
       -70.0486228,
       12.5607204
      ],
      [
       -70.0486302,
       12.5607586
      ],
      [
       -70.0486265,
       12.560817
      ],
      [
       -70.0486131,
       12.5608528
      ],
      [
       -70.0486082,
       12.5608922
      ],
      [
       -70.0485947,
       12.5609148
      ],
      [
       -70.0485996,
       12.5609411
      ],
      [
       -70.0485972,
       12.5609769
      ],
      [
       -70.0485776,
       12.5610079
      ],
      [
       -70.0485581,
       12.5610425
      ],
      [
       -70.0485666,
       12.5610782
      ],
      [
       -70.0485495,
       12.5611033
      ],
      [
       -70.0485239,
       12.5611355
      ],
      [
       -70.0484738,
       12.5611295
      ],
      [
       -70.0484493,
       12.5611128
      ],
      [
       -70.0484127,
       12.5611033
      ],
      [
       -70.0483821,
       12.561077
      ],
      [
       -70.0483491,
       12.5610293
      ],
      [
       -70.0483198,
       12.5609804
      ],
      [
       -70.0483174,
       12.5609566
      ],
      [
       -70.0482893,
       12.5609029
      ],
      [
       -70.0482624,
       12.5608576
      ],
      [
       -70.048255,
       12.5608206
      ],
      [
       -70.0482269,
       12.5607622
      ],
      [
       -70.0482098,
       12.5607562
      ],
      [
       -70.0481866,
       12.5607634
      ],
      [
       -70.0481768,
       12.5607419
      ],
      [
       -70.0481927,
       12.5607121
      ],
      [
       -70.0482001,
       12.560687
      ],
      [
       -70.0481634,
       12.560668
      ],
      [
       -70.048095,
       12.5606429
      ],
      [
       -70.048051,
       12.5606441
      ],
      [
       -70.0480302,
       12.5606489
      ],
      [
       -70.0479948,
       12.5606298
      ],
      [
       -70.0479777,
       12.5606012
      ],
      [
       -70.0479997,
       12.5605702
      ],
      [
       -70.0480351,
       12.5605618
      ],
      [
       -70.0480718,
       12.5605487
      ],
      [
       -70.0481194,
       12.560532
      ],
      [
       -70.0481487,
       12.560507
      ],
      [
       -70.0481671,
       12.5604676
      ],
      [
       -70.0481805,
       12.5604199
      ],
      [
       -70.0481854,
       12.5603722
      ],
      [
       -70.048151,
       12.5603737
      ],
      [
       -70.0481315,
       12.5603486
      ],
      [
       -70.0481254,
       12.5603164
      ],
      [
       -70.0481474,
       12.5602854
      ],
      [
       -70.0481645,
       12.5602639
      ],
      [
       -70.0481816,
       12.5602401
      ],
      [
       -70.0481999,
       12.560215
      ],
      [
       -70.0481877,
       12.5601852
      ],
      [
       -70.0481694,
       12.560159
      ],
      [
       -70.0481437,
       12.5601566
      ],
      [
       -70.0481168,
       12.5601387
      ],
      [
       -70.0481144,
       12.5601101
      ],
      [
       -70.0481156,
       12.5600707
      ],
      [
       -70.0481315,
       12.5600397
      ],
      [
       -70.048151,
       12.5600123
      ],
      [
       -70.048162,
       12.5599813
      ],
      [
       -70.0481474,
       12.5599491
      ],
      [
       -70.0481229,
       12.5599276
      ],
      [
       -70.0481058,
       12.5599443
      ],
      [
       -70.048085,
       12.5599789
      ],
      [
       -70.0480899,
       12.5600051
      ],
      [
       -70.0480667,
       12.5600254
      ],
      [
       -70.0480423,
       12.5600588
      ],
      [
       -70.0480264,
       12.5600743
      ],
      [
       -70.0480093,
       12.5600791
      ],
      [
       -70.0479824,
       12.5600576
      ],
      [
       -70.0479653,
       12.5600457
      ],
      [
       -70.0479348,
       12.5600564
      ],
      [
       -70.0479335,
       12.5600815
      ],
      [
       -70.0479506,
       12.5601148
      ],
      [
       -70.047969,
       12.5601471
      ],
      [
       -70.0479677,
       12.5601745
      ],
      [
       -70.0479372,
       12.5601721
      ],
      [
       -70.0479238,
       12.5601721
      ],
      [
       -70.0479225,
       12.5602031
      ],
      [
       -70.0479082,
       12.5602064
      ],
      [
       -70.0478943,
       12.5602047
      ],
      [
       -70.0478935,
       12.5602275
      ],
      [
       -70.0478961,
       12.5602528
      ],
      [
       -70.0478771,
       12.560262
      ],
      [
       -70.0478572,
       12.5602688
      ],
      [
       -70.0478408,
       12.5602848
      ],
      [
       -70.0477898,
       12.5603017
      ],
      [
       -70.0477405,
       12.5603042
      ],
      [
       -70.0477069,
       12.5603278
      ],
      [
       -70.0476835,
       12.5603514
      ],
      [
       -70.0476602,
       12.5603835
      ],
      [
       -70.0476645,
       12.5604239
      ],
      [
       -70.0476637,
       12.5604374
      ],
      [
       -70.0476317,
       12.5604417
      ],
      [
       -70.047617,
       12.5604737
      ],
      [
       -70.0475945,
       12.5605125
      ],
      [
       -70.047566,
       12.5605479
      ],
      [
       -70.0475634,
       12.5605715
      ],
      [
       -70.0475289,
       12.5605994
      ],
      [
       -70.0474857,
       12.5606069
      ],
      [
       -70.0474312,
       12.5606118
      ],
      [
       -70.0473994,
       12.5606273
      ],
      [
       -70.0473737,
       12.5606476
      ],
      [
       -70.047375,
       12.5606774
      ],
      [
       -70.0473921,
       12.5606953
      ],
      [
       -70.0473737,
       12.5607275
      ],
      [
       -70.0473811,
       12.5607585
      ],
      [
       -70.0474055,
       12.5607859
      ],
      [
       -70.0473945,
       12.5608133
      ],
      [
       -70.0474128,
       12.5608634
      ],
      [
       -70.0473994,
       12.5609362
      ],
      [
       -70.0473798,
       12.5609564
      ],
      [
       -70.0473603,
       12.56096
      ],
      [
       -70.0473481,
       12.5609815
      ],
      [
       -70.0473334,
       12.5610042
      ],
      [
       -70.0473163,
       12.5610304
      ],
      [
       -70.0472833,
       12.5610638
      ],
      [
       -70.0472357,
       12.5610769
      ],
      [
       -70.0471831,
       12.5610769
      ],
      [
       -70.0471416,
       12.5610602
      ],
      [
       -70.0471257,
       12.5610757
      ],
      [
       -70.0471477,
       12.5610972
      ],
      [
       -70.0471562,
       12.5611222
      ],
      [
       -70.0471428,
       12.5611508
      ],
      [
       -70.0471147,
       12.561158
      ],
      [
       -70.0471061,
       12.5611771
      ],
      [
       -70.047122,
       12.5611902
      ],
      [
       -70.0471342,
       12.5611986
      ],
      [
       -70.0471452,
       12.5612236
      ],
      [
       -70.0471721,
       12.5612284
      ],
      [
       -70.0471929,
       12.561226
      ],
      [
       -70.0472406,
       12.5612141
      ],
      [
       -70.047265,
       12.5612069
      ],
      [
       -70.0472955,
       12.5612045
      ],
      [
       -70.0473285,
       12.5612057
      ],
      [
       -70.0473664,
       12.5611819
      ],
      [
       -70.0473896,
       12.5611628
      ],
      [
       -70.0474153,
       12.5611508
      ],
      [
       -70.0474348,
       12.5611556
      ],
      [
       -70.047458,
       12.561195
      ],
      [
       -70.0474813,
       12.5612141
      ],
      [
       -70.0475094,
       12.5612141
      ],
      [
       -70.0475253,
       12.5611831
      ],
      [
       -70.0475338,
       12.5611652
      ],
      [
       -70.0475668,
       12.5611461
      ],
      [
       -70.0475973,
       12.561133
      ],
      [
       -70.0476291,
       12.5611031
      ],
      [
       -70.0476897,
       12.5610959
      ],
      [
       -70.0477519,
       12.5610656
      ],
      [
       -70.0477796,
       12.5610369
      ],
      [
       -70.0477899,
       12.560988
      ],
      [
       -70.0477761,
       12.5609408
      ],
      [
       -70.0477847,
       12.5609003
      ],
      [
       -70.0477951,
       12.5608767
      ],
      [
       -70.0478141,
       12.5608379
      ],
      [
       -70.0478573,
       12.5608143
      ],
      [
       -70.0478642,
       12.5607738
      ],
      [
       -70.0479092,
       12.5607704
      ],
      [
       -70.0479541,
       12.560794
      ],
      [
       -70.0479662,
       12.5608277
      ],
      [
       -70.0480163,
       12.5608345
      ],
      [
       -70.0480526,
       12.5608058
      ],
      [
       -70.0480785,
       12.5608008
      ],
      [
       -70.04812,
       12.5608024
      ],
      [
       -70.0481459,
       12.5608244
      ],
      [
       -70.0481407,
       12.5608834
      ],
      [
       -70.0481113,
       12.5609155
      ],
      [
       -70.0480992,
       12.5609509
      ],
      [
       -70.0481062,
       12.5609711
      ],
      [
       -70.0481321,
       12.5610099
      ],
      [
       -70.0481424,
       12.5610285
      ],
      [
       -70.0481373,
       12.5610622
      ],
      [
       -70.0481632,
       12.5610723
      ],
      [
       -70.0481753,
       12.5611162
      ],
      [
       -70.0481903,
       12.5611223
      ],
      [
       -70.0481926,
       12.5611347
      ],
      [
       -70.0481704,
       12.5611552
      ],
      [
       -70.0481777,
       12.5611756
      ],
      [
       -70.0481221,
       12.5611995
      ],
      [
       -70.0480735,
       12.5612265
      ],
      [
       -70.0480405,
       12.5612608
      ]
     ]
    ]
   }
  },
  {
   "type": "Feature",
   "id": "relation/5638924#1",
   "properties": {
    "wetland": "marsh;mangrove",
    "name": "Bubali Bird Sanctuary"
   },
   "geometry": {
    "type": "Polygon",
    "coordinates": [
     [
      [
       -70.0479677,
       12.5591494
      ],
      [
       -70.0479505,
       12.5591696
      ],
      [
       -70.0479021,
       12.5592067
      ],
      [
       -70.047871,
       12.5591966
      ],
      [
       -70.0478347,
       12.5591696
      ],
      [
       -70.0477915,
       12.5591814
      ],
      [
       -70.0477638,
       12.5591713
      ],
      [
       -70.0477068,
       12.5591511
      ],
      [
       -70.0476446,
       12.5591292
      ],
      [
       -70.0476066,
       12.5591241
      ],
      [
       -70.0475513,
       12.5591089
      ],
      [
       -70.0474787,
       12.5590516
      ],
      [
       -70.0474355,
       12.5590094
      ],
      [
       -70.0474148,
       12.558979
      ],
      [
       -70.0474079,
       12.5588846
      ],
      [
       -70.0474493,
       12.5588087
      ],
      [
       -70.0475236,
       12.5587851
      ],
      [
       -70.0476653,
       12.5587513
      ],
      [
       -70.0477846,
       12.5587378
      ],
      [
       -70.0478468,
       12.5587345
      ],
      [
       -70.0479626,
       12.5587058
      ],
      [
       -70.0480023,
       12.5586822
      ],
      [
       -70.0481509,
       12.5586569
      ],
      [
       -70.0482269,
       12.5586771
      ],
      [
       -70.0482909,
       12.5587142
      ],
      [
       -70.0483375,
       12.5587513
      ],
      [
       -70.0483652,
       12.5588036
      ],
      [
       -70.0483617,
       12.5588559
      ],
      [
       -70.0483185,
       12.5589082
      ],
      [
       -70.0482719,
       12.5589639
      ],
      [
       -70.0482356,
       12.5590145
      ],
      [
       -70.0481889,
       12.5590617
      ],
      [
       -70.0481423,
       12.5590988
      ],
      [
       -70.0480714,
       12.5591477
      ],
      [
       -70.0480213,
       12.5591477
      ],
      [
       -70.0479677,
       12.5591494
      ]
     ]
    ]
   }
  },
  {
   "type": "Feature",
   "id": "relation/5638924#2",
   "properties": {
    "wetland": "marsh;mangrove",
    "name": "Bubali Bird Sanctuary"
   },
   "geometry": {
    "type": "Polygon",
    "coordinates": [
     [
      [
       -70.0490084,
       12.5590582
      ],
      [
       -70.0490136,
       12.5590835
      ],
      [
       -70.0490084,
       12.5591012
      ],
      [
       -70.0489834,
       12.5591341
      ],
      [
       -70.0489489,
       12.5591931
      ],
      [
       -70.0489445,
       12.5592403
      ],
      [
       -70.0489453,
       12.5593306
      ],
      [
       -70.0489428,
       12.559366
      ],
      [
       -70.0489139,
       12.5593886
      ],
      [
       -70.0488491,
       12.5593862
      ],
      [
       -70.0487709,
       12.5593648
      ],
      [
       -70.0486829,
       12.5593266
      ],
      [
       -70.0486267,
       12.5592884
      ],
      [
       -70.0485498,
       12.5592526
      ],
      [
       -70.0485045,
       12.5592359
      ],
      [
       -70.0484544,
       12.5592419
      ],
      [
       -70.0484086,
       12.5592532
      ],
      [
       -70.0483927,
       12.5592485
      ],
      [
       -70.0483842,
       12.5592234
      ],
      [
       -70.0483762,
       12.5591882
      ],
      [
       -70.0483469,
       12.5591674
      ],
      [
       -70.04832,
       12.5591692
      ],
      [
       -70.0482836,
       12.5591729
      ],
      [
       -70.0482787,
       12.5591502
      ],
      [
       -70.0482738,
       12.5591192
      ],
      [
       -70.0482982,
       12.5590739
      ],
      [
       -70.0483838,
       12.5589618
      ],
      [
       -70.0484864,
       12.5588736
      ],
      [
       -70.0485939,
       12.5588068
      ],
      [
       -70.0485925,
       12.5588376
      ],
      [
       -70.0486103,
       12.558855
      ],
      [
       -70.0486609,
       12.558871
      ],
      [
       -70.0487611,
       12.5589032
      ],
      [
       -70.048846,
       12.558946
      ],
      [
       -70.048941,
       12.5590025
      ],
      [
       -70.0490084,
       12.5590582
      ]
     ]
    ]
   }
  },
  {
   "type": "Feature",
   "id": "relation/5638924#3",
   "properties": {
    "wetland": "marsh;mangrove",
    "name": "Bubali Bird Sanctuary"
   },
   "geometry": {
    "type": "Polygon",
    "coordinates": [
     [
      [
       -70.048874,
       12.5607213
      ],
      [
       -70.0488878,
       12.5606791
      ],
      [
       -70.0489034,
       12.5606403
      ],
      [
       -70.0488792,
       12.5605526
      ],
      [
       -70.0488758,
       12.560529
      ],
      [
       -70.0488948,
       12.5604565
      ],
      [
       -70.0488809,
       12.560416
      ],
      [
       -70.0488343,
       12.5603705
      ],
      [
       -70.0488222,
       12.5603064
      ],
      [
       -70.0488274,
       12.5602423
      ],
      [
       -70.0488343,
       12.5601613
      ],
      [
       -70.0488896,
       12.5601242
      ],
      [
       -70.0489535,
       12.5601259
      ],
      [
       -70.0490036,
       12.5601377
      ],
      [
       -70.0490831,
       12.5601326
      ],
      [
       -70.0491298,
       12.5601006
      ],
      [
       -70.0491799,
       12.5600483
      ],
      [
       -70.0492697,
       12.5599943
      ],
      [
       -70.0493302,
       12.5599707
      ],
      [
       -70.0494408,
       12.5599758
      ],
      [
       -70.0494823,
       12.5600247
      ],
      [
       -70.0494892,
       12.5600939
      ],
      [
       -70.049465,
       12.5601849
      ],
      [
       -70.0494287,
       12.560244
      ],
      [
       -70.0493458,
       12.5602524
      ],
      [
       -70.0492749,
       12.5602693
      ],
      [
       -70.0492144,
       12.5603199
      ],
      [
       -70.0492075,
       12.5604008
      ],
      [
       -70.0492075,
       12.5604987
      ],
      [
       -70.0492023,
       12.5605543
      ],
      [
       -70.0491954,
       12.5606504
      ],
      [
       -70.0491868,
       12.5607314
      ],
      [
       -70.049154,
       12.5608225
      ],
      [
       -70.049071,
       12.560841
      ],
      [
       -70.0489639,
       12.5608275
      ],
      [
       -70.0489224,
       12.5608006
      ],
      [
       -70.0488965,
       12.5607702
      ],
      [
       -70.048874,
       12.5607213
      ]
     ]
    ]
   }
  },
  {
   "type": "Feature",
   "id": "relation/5638924#4",
   "properties": {
    "wetland": "marsh;mangrove",
    "name": "Bubali Bird Sanctuary"
   },
   "geometry": {
    "type": "Polygon",
    "coordinates": [
     [
      [
       -70.0490658,
       12.5611328
      ],
      [
       -70.0491211,
       12.5611261
      ],
      [
       -70.049173,
       12.5611632
      ],
      [
       -70.0491868,
       12.5612172
      ],
      [
       -70.0491661,
       12.5612543
      ],
      [
       -70.0491108,
       12.5612914
      ],
      [
       -70.0490382,
       12.5613167
      ],
      [
       -70.049014,
       12.5612964
      ],
      [
       -70.0489863,
       12.5612458
      ],
      [
       -70.0489483,
       12.5612222
      ],
      [
       -70.048931,
       12.5611817
      ],
      [
       -70.0489535,
       12.561116
      ],
      [
       -70.0490088,
       12.561089
      ],
      [
       -70.0490313,
       12.561094
      ],
      [
       -70.0490399,
       12.5611126
      ],
      [
       -70.0490658,
       12.5611328
      ]
     ]
    ]
   }
  },
  {
   "type": "Feature",
   "id": "relation/11777111",
   "properties": {
    "wetland": "mangrove",
    "name": "Bubali Bird Sanctuary"
   },
   "geometry": {
    "type": "Polygon",
    "coordinates": [
     [
      [
       -70.0517461,
       12.5610053
      ],
      [
       -70.051709,
       12.561141
      ],
      [
       -70.05179,
       12.5611894
      ],
      [
       -70.051775,
       12.5614847
      ],
      [
       -70.0516485,
       12.5615014
      ],
      [
       -70.0516213,
       12.5616291
      ],
      [
       -70.0516814,
       12.5617119
      ],
      [
       -70.0517177,
       12.5617488
      ],
      [
       -70.0516998,
       12.5618193
      ],
      [
       -70.0516779,
       12.5618995
      ],
      [
       -70.0516096,
       12.5619666
      ],
      [
       -70.0515048,
       12.5619841
      ],
      [
       -70.0514474,
       12.5620196
      ],
      [
       -70.0514256,
       12.5620856
      ],
      [
       -70.0513977,
       12.562121
      ],
      [
       -70.0513596,
       12.5621321
      ],
      [
       -70.0513841,
       12.5621488
      ],
      [
       -70.0514155,
       12.5621596
      ],
      [
       -70.0514472,
       12.5621685
      ],
      [
       -70.0514764,
       12.5621745
      ],
      [
       -70.0514959,
       12.5621776
      ],
      [
       -70.0515147,
       12.5621712
      ],
      [
       -70.0515493,
       12.5621437
      ],
      [
       -70.0515799,
       12.5621672
      ],
      [
       -70.051577,
       12.562215
      ],
      [
       -70.0515768,
       12.5622192
      ],
      [
       -70.0515743,
       12.562228
      ],
      [
       -70.0515628,
       12.5622436
      ],
      [
       -70.0515545,
       12.5622556
      ],
      [
       -70.0515352,
       12.562297
      ],
      [
       -70.0515065,
       12.5623483
      ],
      [
       -70.0515111,
       12.5623767
      ],
      [
       -70.0515081,
       12.5624145
      ],
      [
       -70.0515003,
       12.562433
      ],
      [
       -70.0514578,
       12.5624826
      ],
      [
       -70.0514104,
       12.5625331
      ],
      [
       -70.0513672,
       12.5625738
      ],
      [
       -70.0512546,
       12.5626367
      ],
      [
       -70.0510267,
       12.5628899
      ],
      [
       -70.0510006,
       12.5629379
      ],
      [
       -70.0509517,
       12.5629943
      ],
      [
       -70.0508853,
       12.5630565
      ],
      [
       -70.0507897,
       12.5631405
      ],
      [
       -70.0507128,
       12.5632045
      ],
      [
       -70.0506521,
       12.5632517
      ],
      [
       -70.0505928,
       12.5632913
      ],
      [
       -70.0505489,
       12.5633088
      ],
      [
       -70.0505065,
       12.5633115
      ],
      [
       -70.0504571,
       12.5633126
      ],
      [
       -70.0503994,
       12.5633227
      ],
      [
       -70.0503161,
       12.5633588
      ],
      [
       -70.0500479,
       12.5634548
      ],
      [
       -70.0498664,
       12.5634948
      ],
      [
       -70.0495001,
       12.5637011
      ],
      [
       -70.0494508,
       12.5638614
      ],
      [
       -70.0493327,
       12.5639142
      ],
      [
       -70.0493042,
       12.5639158
      ],
      [
       -70.0492678,
       12.5639276
      ],
      [
       -70.0492077,
       12.5639918
      ],
      [
       -70.0491604,
       12.5640241
      ],
      [
       -70.0491079,
       12.5640331
      ],
      [
       -70.0490506,
       12.5640661
      ],
      [
       -70.0490052,
       12.5640994
      ],
      [
       -70.0489723,
       12.5641317
      ],
      [
       -70.048906,
       12.5641741
      ],
      [
       -70.0488504,
       12.5641992
      ],
      [
       -70.0488005,
       12.5642175
      ],
      [
       -70.0487466,
       12.5642057
      ],
      [
       -70.0487007,
       12.5642034
      ],
      [
       -70.0486614,
       12.5642122
      ],
      [
       -70.0486192,
       12.5642388
      ],
      [
       -70.0485339,
       12.5642879
      ],
      [
       -70.0484187,
       12.5643508
      ],
      [
       -70.048422,
       12.5641504
      ],
      [
       -70.0484201,
       12.5640903
      ],
      [
       -70.0484056,
       12.5640354
      ],
      [
       -70.0484129,
       12.5639647
      ],
      [
       -70.0484582,
       12.5639293
      ],
      [
       -70.048509,
       12.5639063
      ],
      [
       -70.0485978,
       12.5638992
      ],
      [
       -70.0486612,
       12.5638762
      ],
      [
       -70.0487246,
       12.5638408
      ],
      [
       -70.0487573,
       12.563809
      ],
      [
       -70.0488008,
       12.5637948
      ],
      [
       -70.0488751,
       12.5637648
      ],
      [
       -70.0490128,
       12.5637046
      ],
      [
       -70.049127,
       12.5636816
      ],
      [
       -70.0492339,
       12.5637135
      ],
      [
       -70.0493046,
       12.5636993
      ],
      [
       -70.0493608,
       12.5636639
      ],
      [
       -70.0494061,
       12.5635949
      ],
      [
       -70.0494385,
       12.5635125
      ],
      [
       -70.0495214,
       12.5634648
      ],
      [
       -70.0495852,
       12.5634051
      ],
      [
       -70.0496749,
       12.5633706
      ],
      [
       -70.0497741,
       12.5633321
      ],
      [
       -70.0498475,
       12.5632751
      ],
      [
       -70.0498652,
       12.5632207
      ],
      [
       -70.0499277,
       12.5631849
      ],
      [
       -70.0499904,
       12.5631879
      ],
      [
       -70.0501575,
       12.5631773
      ],
      [
       -70.0502092,
       12.5631521
      ],
      [
       -70.0502377,
       12.563115
      ],
      [
       -70.0502717,
       12.5630951
      ],
      [
       -70.0503288,
       12.5630924
      ],
      [
       -70.0504076,
       12.5630778
      ],
      [
       -70.0504647,
       12.5630447
      ],
      [
       -70.0505009,
       12.5630118
      ],
      [
       -70.0505499,
       12.5629667
      ],
      [
       -70.0505961,
       12.5629588
      ],
      [
       -70.0506232,
       12.5629309
      ],
      [
       -70.0506667,
       12.5628832
      ],
      [
       -70.0507143,
       12.5628288
      ],
      [
       -70.0507645,
       12.5627737
      ],
      [
       -70.0507817,
       12.5627422
      ],
      [
       -70.0507746,
       12.5626959
      ],
      [
       -70.0507884,
       12.5626756
      ],
      [
       -70.050829,
       12.5626508
      ],
      [
       -70.0508901,
       12.5625911
      ],
      [
       -70.0509499,
       12.5625672
      ],
      [
       -70.0509893,
       12.5625314
      ],
      [
       -70.0510069,
       12.5624782
      ],
      [
       -70.0510328,
       12.5624472
      ],
      [
       -70.0510287,
       12.5624134
      ],
      [
       -70.0510197,
       12.5623879
      ],
      [
       -70.0510673,
       12.5623317
      ],
      [
       -70.0510988,
       12.5622767
      ],
      [
       -70.0511014,
       12.562262
      ],
      [
       -70.0511143,
       12.5622445
      ],
      [
       -70.0511395,
       12.56221
      ],
      [
       -70.05116,
       12.5621945
      ],
      [
       -70.0512128,
       12.5621776
      ],
      [
       -70.0512572,
       12.5621588
      ],
      [
       -70.0512612,
       12.5621474
      ],
      [
       -70.0512465,
       12.5621161
      ],
      [
       -70.0512309,
       12.56208
      ],
      [
       -70.0512313,
       12.5620535
      ],
      [
       -70.0512489,
       12.5619995
      ],
      [
       -70.0512717,
       12.5619475
      ],
      [
       -70.0512952,
       12.5618931
      ],
      [
       -70.051274,
       12.5617864
      ],
      [
       -70.0513203,
       12.5617824
      ],
      [
       -70.0513611,
       12.5617625
      ],
      [
       -70.0513958,
       12.5617479
      ],
      [
       -70.0514195,
       12.561728
      ],
      [
       -70.0514399,
       12.5617008
      ],
      [
       -70.0514454,
       12.5616783
      ],
      [
       -70.0514372,
       12.5616551
      ],
      [
       -70.0514134,
       12.5616345
      ],
      [
       -70.0513767,
       12.5616226
      ],
      [
       -70.0513299,
       12.5616219
      ],
      [
       -70.0512927,
       12.5616106
      ],
      [
       -70.051281,
       12.5615578
      ],
      [
       -70.0512959,
       12.561449
      ],
      [
       -70.0513329,
       12.561394
      ],
      [
       -70.0513756,
       12.561346
      ],
      [
       -70.0514196,
       12.5612911
      ],
      [
       -70.0514542,
       12.5612564
      ],
      [
       -70.0514572,
       12.5612267
      ],
      [
       -70.0514311,
       12.5612062
      ],
      [
       -70.0514164,
       12.5611733
      ],
      [
       -70.0514194,
       12.5611186
      ],
      [
       -70.051465,
       12.5610588
      ],
      [
       -70.0515076,
       12.5609916
      ],
      [
       -70.0515131,
       12.5609469
      ],
      [
       -70.051522,
       12.5609372
      ],
      [
       -70.0515429,
       12.5609045
      ],
      [
       -70.0515679,
       12.5608763
      ],
      [
       -70.0516078,
       12.5608711
      ],
      [
       -70.0516641,
       12.5608497
      ],
      [
       -70.0516806,
       12.5607939
      ],
      [
       -70.0516733,
       12.5607345
      ],
      [
       -70.0517199,
       12.5606771
      ],
      [
       -70.0517404,
       12.5606101
      ],
      [
       -70.0517948,
       12.5605536
      ],
      [
       -70.0518862,
       12.5604281
      ],
      [
       -70.0519406,
       12.5603406
      ],
      [
       -70.051978,
       12.5602585
      ],
      [
       -70.0519953,
       12.5602098
      ],
      [
       -70.0520003,
       12.5601591
      ],
      [
       -70.0519945,
       12.5601057
      ],
      [
       -70.0519837,
       12.5600269
      ],
      [
       -70.0519781,
       12.559984
      ],
      [
       -70.0519966,
       12.5599539
      ],
      [
       -70.0519957,
       12.5599364
      ],
      [
       -70.0520398,
       12.5598675
      ],
      [
       -70.0520789,
       12.5598603
      ],
      [
       -70.05213,
       12.5598289
      ],
      [
       -70.0521836,
       12.5597708
      ],
      [
       -70.0522117,
       12.5597532
      ],
      [
       -70.0522435,
       12.5597539
      ],
      [
       -70.0522836,
       12.5597353
      ],
      [
       -70.0523005,
       12.5597081
      ],
      [
       -70.0522985,
       12.5596796
      ],
      [
       -70.0522885,
       12.5596319
      ],
      [
       -70.0522745,
       12.5595824
      ],
      [
       -70.0522843,
       12.5595501
      ],
      [
       -70.0523012,
       12.5595266
      ],
      [
       -70.0523115,
       12.5595249
      ],
      [
       -70.0523275,
       12.5595362
      ],
      [
       -70.0523481,
       12.559537
      ],
      [
       -70.0523729,
       12.5595214
      ],
      [
       -70.0523731,
       12.5594929
      ],
      [
       -70.0523517,
       12.5594585
      ],
      [
       -70.0523408,
       12.559434
      ],
      [
       -70.0523615,
       12.5593988
      ],
      [
       -70.0523881,
       12.5593658
      ],
      [
       -70.0524271,
       12.5593502
      ],
      [
       -70.0524747,
       12.5593351
      ],
      [
       -70.052505,
       12.5593098
      ],
      [
       -70.0525041,
       12.5592807
      ],
      [
       -70.0524781,
       12.5592713
      ],
      [
       -70.0524608,
       12.5592197
      ],
      [
       -70.0524368,
       12.5591935
      ],
      [
       -70.0524294,
       12.5591342
      ],
      [
       -70.0524231,
       12.5590563
      ],
      [
       -70.0524217,
       12.5590054
      ],
      [
       -70.0524212,
       12.5589461
      ],
      [
       -70.0524154,
       12.5588909
      ],
      [
       -70.052421,
       12.5588641
      ],
      [
       -70.0524592,
       12.5587355
      ],
      [
       -70.0525209,
       12.5586316
      ],
      [
       -70.0525468,
       12.5585361
      ],
      [
       -70.0525881,
       12.5584427
      ],
      [
       -70.0526427,
       12.5583577
      ],
      [
       -70.0527081,
       12.558332
      ],
      [
       -70.0527631,
       12.5583077
      ],
      [
       -70.052756,
       12.5582748
      ],
      [
       -70.052756,
       12.5582376
      ],
      [
       -70.052796,
       12.5582021
      ],
      [
       -70.0528145,
       12.5581554
      ],
      [
       -70.0528553,
       12.5581154
      ],
      [
       -70.0529008,
       12.558096
      ],
      [
       -70.0529987,
       12.5580786
      ],
      [
       -70.0530409,
       12.5580604
      ],
      [
       -70.0530703,
       12.5580423
      ],
      [
       -70.05304,
       12.558092
      ],
      [
       -70.0530603,
       12.5580973
      ],
      [
       -70.0530817,
       12.5581359
      ],
      [
       -70.0530751,
       12.5581455
      ],
      [
       -70.0530479,
       12.5581452
      ],
      [
       -70.0530365,
       12.5581537
      ],
      [
       -70.0530279,
       12.5581922
      ],
      [
       -70.053074,
       12.5582475
      ],
      [
       -70.0531336,
       12.5583028
      ],
      [
       -70.0531346,
       12.55836
      ],
      [
       -70.0530894,
       12.5584182
      ],
      [
       -70.0529879,
       12.5584808
      ],
      [
       -70.0529288,
       12.5584795
      ],
      [
       -70.0529065,
       12.5584817
      ],
      [
       -70.0528976,
       12.5584974
      ],
      [
       -70.0529036,
       12.5585321
      ],
      [
       -70.0529193,
       12.5585764
      ],
      [
       -70.0528929,
       12.5586307
      ],
      [
       -70.0528687,
       12.5587038
      ],
      [
       -70.0528018,
       12.5587308
      ],
      [
       -70.0527845,
       12.558768
      ],
      [
       -70.0528028,
       12.5588507
      ],
      [
       -70.0528559,
       12.5589205
      ],
      [
       -70.0528799,
       12.5589843
      ],
      [
       -70.0528896,
       12.5590481
      ],
      [
       -70.0528389,
       12.5591269
      ],
      [
       -70.0528029,
       12.5592179
      ],
      [
       -70.0526681,
       12.5592531
      ],
      [
       -70.0525925,
       12.5593221
      ],
      [
       -70.0525561,
       12.5593853
      ],
      [
       -70.0524391,
       12.5595889
      ],
      [
       -70.0522059,
       12.5599572
      ],
      [
       -70.0519719,
       12.5604652
      ],
      [
       -70.0519091,
       12.5606155
      ],
      [
       -70.0517461,
       12.5610053
      ]
     ]
    ]
   }
  },
  {
   "type": "Feature",
   "id": "relation/15654277",
   "properties": {
    "wetland": "swamp",
    "name": ""
   },
   "geometry": {
    "type": "Polygon",
    "coordinates": [
     [
      [
       -69.9531964,
       12.4528882
      ],
      [
       -69.9526868,
       12.4526158
      ],
      [
       -69.9525452,
       12.4522473
      ],
      [
       -69.9519541,
       12.4517278
      ],
      [
       -69.9514902,
       12.4515865
      ],
      [
       -69.9511952,
       12.4511818
      ],
      [
       -69.950967,
       12.4510306
      ],
      [
       -69.9507297,
       12.4509271
      ],
      [
       -69.950592,
       12.4508105
      ],
      [
       -69.9505535,
       12.4504892
      ],
      [
       -69.9509778,
       12.4504865
      ],
      [
       -69.9511859,
       12.4503387
      ],
      [
       -69.9515018,
       12.450249
      ],
      [
       -69.9522897,
       12.4503642
      ],
      [
       -69.9524045,
       12.4503892
      ],
      [
       -69.952564,
       12.4504701
      ],
      [
       -69.9527107,
       12.4506072
      ],
      [
       -69.9528064,
       12.4507318
      ],
      [
       -69.9530265,
       12.4509934
      ],
      [
       -69.9532466,
       12.4512021
      ],
      [
       -69.9536645,
       12.4514918
      ],
      [
       -69.9540504,
       12.4518499
      ],
      [
       -69.9542354,
       12.4520337
      ],
      [
       -69.9543949,
       12.4521894
      ],
      [
       -69.9548734,
       12.4525227
      ],
      [
       -69.9551732,
       12.4527719
      ],
      [
       -69.9552753,
       12.4528529
      ],
      [
       -69.9553135,
       12.4529183
      ],
      [
       -69.9553231,
       12.4529961
      ],
      [
       -69.9553008,
       12.4530366
      ],
      [
       -69.9552625,
       12.4531799
      ],
      [
       -69.9552561,
       12.4532609
      ],
      [
       -69.955237,
       12.4533232
      ],
      [
       -69.9552625,
       12.4534166
      ],
      [
       -69.9552912,
       12.4534727
      ],
      [
       -69.9553103,
       12.4535381
      ],
      [
       -69.9554953,
       12.4537748
      ],
      [
       -69.9557505,
       12.4541112
      ],
      [
       -69.9561141,
       12.4545535
      ],
      [
       -69.9561875,
       12.4546749
      ],
      [
       -69.9562035,
       12.4547559
      ],
      [
       -69.9562035,
       12.4548712
      ],
      [
       -69.9561875,
       12.4549708
      ],
      [
       -69.9561524,
       12.4550393
      ],
      [
       -69.9560185,
       12.4552947
      ],
      [
       -69.9558893,
       12.4551878
      ],
      [
       -69.9557499,
       12.4549887
      ],
      [
       -69.9555138,
       12.4548368
      ],
      [
       -69.9549774,
       12.4543916
      ],
      [
       -69.9549506,
       12.454313
      ],
      [
       -69.9545697,
       12.4540878
      ],
      [
       -69.9543068,
       12.4537735
      ],
      [
       -69.9537704,
       12.4532811
      ],
      [
       -69.9536309,
       12.4532182
      ],
      [
       -69.9533734,
       12.4529825
      ],
      [
       -69.9531964,
       12.4528882
      ]
     ],
     [
      [
       -69.9554154,
       12.4537528
      ],
      [
       -69.9553454,
       12.453673
      ],
      [
       -69.9553034,
       12.4535978
      ],
      [
       -69.955217,
       12.4534518
      ],
      [
       -69.9551889,
       12.4533378
      ],
      [
       -69.9552053,
       12.4532603
      ],
      [
       -69.955238,
       12.4531486
      ],
      [
       -69.95528,
       12.4530209
      ],
      [
       -69.9552894,
       12.4529411
      ],
      [
       -69.9552427,
       12.4528545
      ],
      [
       -69.9551656,
       12.4527997
      ],
      [
       -69.9551026,
       12.4528157
      ],
      [
       -69.9550442,
       12.4528157
      ],
      [
       -69.9550045,
       12.4528453
      ],
      [
       -69.9549671,
       12.4528727
      ],
      [
       -69.9548807,
       12.4528431
      ],
      [
       -69.954841,
       12.4527815
      ],
      [
       -69.954771,
       12.4527678
      ],
      [
       -69.9547149,
       12.4527792
      ],
      [
       -69.9547219,
       12.4528795
      ],
      [
       -69.9546052,
       12.4528408
      ],
      [
       -69.9545398,
       12.4527861
      ],
      [
       -69.9545118,
       12.4528385
      ],
      [
       -69.9544674,
       12.4528681
      ],
      [
       -69.954388,
       12.4528453
      ],
      [
       -69.954311,
       12.4527747
      ],
      [
       -69.9542526,
       12.4526857
      ],
      [
       -69.9541686,
       12.4526675
      ],
      [
       -69.9541265,
       12.4526287
      ],
      [
       -69.9541055,
       12.4525763
      ],
      [
       -69.9540588,
       12.4525352
      ],
      [
       -69.9539864,
       12.4524874
      ],
      [
       -69.9539304,
       12.4524486
      ],
      [
       -69.9538884,
       12.4524395
      ],
      [
       -69.953844,
       12.4524418
      ],
      [
       -69.953816,
       12.4524144
      ],
      [
       -69.9538113,
       12.4523825
      ],
      [
       -69.9537786,
       12.4523437
      ],
      [
       -69.9537202,
       12.4523095
      ],
      [
       -69.9536595,
       12.4522753
      ],
      [
       -69.9536105,
       12.4522571
      ],
      [
       -69.9535661,
       12.452232
      ],
      [
       -69.9535358,
       12.4521887
      ],
      [
       -69.9535311,
       12.4521431
      ],
      [
       -69.9535708,
       12.452102
      ],
      [
       -69.9535988,
       12.4520861
      ],
      [
       -69.9536058,
       12.4520268
      ],
      [
       -69.9535895,
       12.452004
      ],
      [
       -69.9535381,
       12.4519903
      ],
      [
       -69.9534774,
       12.4519755
      ],
      [
       -69.9534237,
       12.4520251
      ],
      [
       -69.9533596,
       12.4520108
      ],
      [
       -69.9532772,
       12.4519219
      ],
      [
       -69.9531558,
       12.4517874
      ],
      [
       -69.953041,
       12.4517737
      ],
      [
       -69.9530346,
       12.4517395
      ],
      [
       -69.9530686,
       12.4517076
      ],
      [
       -69.9531049,
       12.4516916
      ],
      [
       -69.9530982,
       12.4516574
      ],
      [
       -69.9530369,
       12.4516323
      ],
      [
       -69.9530483,
       12.4515776
      ],
      [
       -69.9529891,
       12.4515229
      ],
      [
       -69.9529853,
       12.4514773
      ],
      [
       -69.9529236,
       12.4514454
      ],
      [
       -69.9529097,
       12.4515115
      ],
      [
       -69.9528551,
       12.4515047
      ],
      [
       -69.9527912,
       12.4514431
      ],
      [
       -69.9527387,
       12.4514682
      ],
      [
       -69.9526902,
       12.4514454
      ],
      [
       -69.9525441,
       12.4512949
      ],
      [
       -69.9525418,
       12.4512402
      ],
      [
       -69.9524657,
       12.4512538
      ],
      [
       -69.9523567,
       12.4512652
      ],
      [
       -69.9524315,
       12.4513382
      ],
      [
       -69.95256,
       12.451475
      ],
      [
       -69.9527246,
       12.451646
      ],
      [
       -69.9527322,
       12.4517224
      ],
      [
       -69.9526555,
       12.4517537
      ],
      [
       -69.9526311,
       12.4518241
      ],
      [
       -69.9526726,
       12.4519095
      ],
      [
       -69.9527774,
       12.4519134
      ],
      [
       -69.9528485,
       12.4519427
      ],
      [
       -69.9528537,
       12.4520076
      ],
      [
       -69.9530597,
       12.4521454
      ],
      [
       -69.9532311,
       12.4523414
      ],
      [
       -69.9531975,
       12.4524144
      ],
      [
       -69.9531828,
       12.4524874
      ],
      [
       -69.9532617,
       12.4525444
      ],
      [
       -69.953301,
       12.452517
      ],
      [
       -69.9533528,
       12.4524988
      ],
      [
       -69.9534198,
       12.4525307
      ],
      [
       -69.9534236,
       12.4525694
      ],
      [
       -69.9534438,
       12.452615
      ],
      [
       -69.9534862,
       12.4526561
      ],
      [
       -69.9534956,
       12.4527085
      ],
      [
       -69.953702,
       12.4528887
      ],
      [
       -69.9537216,
       12.4529548
      ],
      [
       -69.9538308,
       12.4530961
      ],
      [
       -69.9539838,
       12.4532284
      ],
      [
       -69.9542104,
       12.4533561
      ],
      [
       -69.9544031,
       12.4535214
      ],
      [
       -69.9545204,
       12.4536245
      ],
      [
       -69.9546425,
       12.453673
      ],
      [
       -69.954639,
       12.4537311
      ],
      [
       -69.9545766,
       12.4537739
      ],
      [
       -69.9547415,
       12.4539982
      ],
      [
       -69.9548707,
       12.4541126
      ],
      [
       -69.9549905,
       12.4542407
      ],
      [
       -69.9554154,
       12.4537528
      ]
     ]
    ]
   }
  }
 ]
}
